# This file uses centimeters as units for non-parametric coordinates.

v 8.911045 -6.330475 154.459808
v 8.900101 -17.640594 153.542023
v 8.901560 -5.207069 149.897934
v 7.840264 -13.039925 91.586082
v 7.745909 -10.575043 153.983093
v 7.707781 -10.403358 153.957260
v 7.551692 -10.218697 154.006104
v 7.520145 -10.393349 153.779984
v 7.391989 -11.419388 154.424255
v 7.384313 -15.438904 154.482010
v 7.582491 -18.376633 151.172211
v 7.397260 -17.860474 150.164078
v 7.136254 -15.433640 154.848450
v 7.140721 -15.447609 154.691925
v 7.119118 -8.949612 88.635216
v 7.047666 -9.272419 88.293274
v 6.843191 -14.689186 157.753281
v 7.051697 -14.257076 88.780289
v 7.059483 -13.618206 88.495598
v 7.040505 -14.240578 88.552155
v 7.126685 -14.326557 88.994049
v 7.010736 -9.038734 88.434158
v 6.936039 -6.662975 88.506630
v 7.050172 -10.541084 88.273476
v 6.869598 -15.655212 87.948502
v 7.020856 -12.091862 88.088028
v 7.014473 -10.417278 88.085602
v 6.841372 -15.268833 87.726578
v 6.910984 -14.966084 87.785034
v 7.050309 -8.847904 88.256584
v 6.950155 -13.222225 87.887856
v 6.858536 -15.299881 154.252533
v 6.727562 -14.527733 89.112534
v 6.683846 -14.450241 88.864487
v 6.709335 -14.233429 89.022408
v 6.743020 -13.805191 88.893867
v 6.861200 -10.207191 88.971954
v 6.713263 -12.756695 88.780815
v 6.785536 -8.871574 88.674026
v 6.695357 -8.148300 88.623856
v 6.730262 -9.343021 88.378227
v 6.791003 -15.440903 87.913132
v 6.792723 -15.074394 87.715256
v 6.837303 -15.438450 87.624557
v 6.839008 -14.984287 87.531250
v 6.827322 -10.067352 87.919769
v 6.746562 -7.073696 87.690834
v 6.877019 -14.748562 87.382492
v 6.837920 -14.504368 87.469452
v 6.882154 -8.801212 87.122887
v 6.818088 -8.335838 87.279854
v 6.869980 -9.102623 87.055984
v 6.924442 -8.852718 86.935486
v 7.325847 12.848000 72.471954
v 6.703907 -13.883156 88.664139
v 6.709688 -13.614052 88.611992
v 6.691889 -8.861202 88.382469
v 6.593446 -15.414547 87.901138
v 6.514681 -15.220520 87.860794
v 6.553988 -14.759911 87.709244
v 6.608564 -6.990696 87.909470
v 6.594992 -15.042076 87.717155
v 6.489179 -14.705601 87.551346
v 6.691092 -9.970928 88.121826
v 6.634364 -7.766201 87.478699
v 6.581698 -8.746239 87.372627
v 6.605744 -7.932827 87.362434
v 6.953695 -13.257401 86.880806
v 6.784966 -13.483482 151.871170
v 6.518887 -9.258953 87.091965
v 6.511922 -8.875580 87.124069
v 6.383716 -10.169117 85.819519
v 6.146334 -15.815681 154.453598
v 5.911441 -19.933495 116.759979
v 6.082196 -3.656311 88.461807
v 5.924391 -13.507816 83.831390
v 5.810901 -20.138493 88.567909
v 5.693444 -3.119934 87.641830
v 5.489981 15.129055 72.752281
v 5.518980 15.031231 72.641350
v 5.313997 -2.533504 87.917046
v 5.244327 -2.271774 87.883324
v 5.325513 14.997345 72.828865
v 5.019771 -6.140312 152.228302
v 5.473013 -2.794567 88.680740
v 5.755772 -20.403973 87.941109
v 5.111135 -2.695786 87.889603
v 5.097735 -2.550728 87.900429
v 5.094203 -13.639389 76.921791
v 5.167599 15.166286 72.862511
v 7.101306 -5.090912 152.055801
v 4.931665 -2.438938 88.435333
v 5.816081 -17.980614 86.063812
v 4.778558 -2.204670 88.107452
v 5.197666 -20.189396 87.374817
v 8.770685 -4.320000 152.106659
v 4.257977 -0.680359 108.011528
v 4.033766 -1.211033 86.812477
v 3.955807 -1.451015 83.307816
v 3.370055 9.448009 72.064911
v 3.223739 -3.690475 152.123352
v 2.890544 9.521938 72.028671
v 3.088111 9.540825 71.920250
v 2.858161 9.393097 71.911575
v 7.469666 -18.857353 152.125732
v 2.809654 9.762249 72.299980
v 2.721733 9.681389 71.882347
v 2.506770 9.329659 72.264000
v 1.731491 -1.423767 157.129044
v 1.767033 -1.454407 156.897736
v 1.871669 -1.467278 156.870132
v 1.544773 9.457020 81.566559
v 1.608912 9.100555 81.575188
v 1.309782 -1.058540 155.089005
v 1.369949 6.518242 82.130928
v 0.855022 -0.750793 156.995483
v 1.167027 -1.190971 155.051727
v 1.166932 -1.248718 154.870911
v 1.311784 -1.020332 154.863052
v 1.225884 -1.350197 154.839539
v 2.148687 -3.920326 151.109726
v 1.086457 -1.162239 155.260559
v 1.227620 -1.487175 154.955399
v 1.157876 -17.367683 161.420105
v 0.976894 -1.208588 154.810349
v 0.814161 10.125904 80.680359
v 0.774941 10.361271 80.641380
v 0.812249 10.092209 80.421104
v 0.586837 -0.489799 155.013535
v 0.663095 -0.519058 154.662231
v 0.737032 9.980316 81.059631
v 0.595928 10.360546 81.184822
v 0.649657 10.353733 80.795258
v 0.644606 10.181713 80.657433
v 0.474166 -0.373993 155.058823
v 0.523692 -0.472321 154.942841
v 0.396640 10.217541 82.167778
v 0.444018 10.149029 81.432365
v 0.441577 10.328144 81.373146
v 0.486300 10.136074 80.988800
v 1.075983 -3.511665 157.807007
v 0.278889 10.355103 81.580681
v 0.290766 10.181236 81.414207
v 0.175676 10.060215 82.043732
v 0.066220 1.003574 81.672089
v 0.484951 0.919201 81.634773
v 0.203269 10.093628 81.764229
v 0.079257 1.129223 81.654076
v 0.277158 -21.345322 155.416595
v -0.106023 1.171124 81.754967
v -0.381456 10.371994 82.013779
v 0.219246 -23.676571 78.907570
v -0.333515 1.361164 81.861786
v -0.684292 1.380768 81.876991
v -0.625651 1.508160 81.849144
v -0.825084 -19.287445 145.979599
v -0.838505 1.571297 81.957314
v -1.323384 1.876175 82.081390
v -1.409423 7.810249 100.044777
v -1.500507 -49.792274 140.267532
v -1.762268 -49.724693 139.978867
v -1.391370 -8.245354 135.221344
v -1.661286 14.083591 71.118149
v -1.948995 -18.019012 148.211060
v -2.000660 -50.021484 140.049057
v -1.950634 -49.540825 139.962631
v -1.802853 -49.535378 139.794373
v -2.112428 -8.269447 136.444611
v -1.722371 1.297325 81.968552
v -2.136106 -19.421974 150.929886
v -2.333592 -8.072968 136.397461
v -2.285375 -8.393944 135.582779
v -2.288540 -49.013443 138.952835
v -2.447393 -8.105949 136.040359
v -2.127616 -7.163918 134.371277
v -2.444112 -18.798538 152.018280
v -2.559559 -18.712677 148.324310
v -2.677788 -18.591644 146.761749
v -3.089645 -49.296448 140.058487
v -1.583514 11.433441 79.816597
v -2.405284 -16.400078 142.526962
v -2.940817 -48.892960 139.999619
v -3.003525 -52.770020 137.872742
v -3.395759 -8.431007 135.787842
v -2.795338 -41.982300 121.104958
v -3.509071 -53.878754 139.464020
v -3.534638 -19.975845 163.756897
v -3.131887 -19.551430 150.322678
v -3.829266 -53.673080 139.557236
v -3.901855 -53.462730 139.618866
v -3.724968 -53.676964 139.421005
v -3.205071 -8.504387 136.634842
v -3.946152 -10.014717 136.717346
v -4.133239 -20.673004 163.692154
v -4.274887 -53.726151 139.558441
v -3.753192 -9.132912 138.968948
v -4.004105 -53.342979 138.249512
v -4.149529 -52.893074 138.334412
v -3.989404 -10.148567 137.008286
v -4.119320 -9.909035 136.744125
v -4.161692 -10.761612 135.746841
v -4.234939 -20.784554 164.128281
v -4.218091 -20.588120 164.093491
v -4.248194 -20.592331 163.799683
v -4.436890 -53.406357 138.469589
v -4.250320 -53.047447 138.658234
v -4.184990 -53.354568 138.439331
v -4.261665 -53.091148 138.458313
v -4.252804 -53.318062 138.249451
v -4.183976 -10.805641 137.038147
v -4.269706 -10.314476 136.798584
v -4.167587 -9.650421 136.281616
v -3.998934 -8.421982 136.654877
v -4.275347 -10.418266 135.559372
v -4.426122 -12.264145 136.788406
v -4.328499 -10.526855 136.758224
v -4.325778 -10.190926 136.426208
v -4.537428 -20.681381 164.203568
v -3.487852 -20.598587 162.493652
v -4.420555 -52.944870 138.369370
v -3.525754 11.970460 34.410198
v -5.013184 -53.777672 139.750397
v -5.102970 -48.917107 139.646103
v -4.944317 -49.553688 140.677673
v -5.137722 -53.350784 139.961075
v -5.108234 -53.473328 139.753311
v -5.137024 -53.272949 139.783600
v -5.033978 -53.201904 139.792740
v -5.243011 -53.232605 140.122482
v -5.274986 -53.507195 139.763229
v -5.490766 -21.308212 163.908768
v -5.529980 -21.173698 163.865829
v -5.483235 -21.058350 163.532196
v -5.704459 -19.906105 162.154617
v -5.501793 -53.479630 139.908615
v -5.426575 -53.347145 139.802750
v -5.122459 -53.554008 139.589981
v -4.469450 1.483624 77.694885
v -5.830311 -48.533676 144.475037
v -4.549050 -12.556885 140.671097
v -5.906427 -15.974030 167.031204
v -5.591066 -15.749504 166.391312
v -5.833933 -20.056976 162.169922
v -5.883867 -20.056442 161.957245
v -5.984293 -19.665192 162.112808
v -6.062939 -16.023308 167.130966
v -5.977610 -16.141525 167.039368
v -5.809295 -21.499893 164.614319
v -5.837223 -21.045876 163.895966
v -6.010173 -20.127678 162.237717
v -4.794744 -19.165375 150.651108
v -5.301939 -49.263397 139.280457
v -6.244984 -20.579781 162.953140
v -6.178049 -20.581779 162.724686
v -6.409690 -20.639427 163.015106
v -6.569199 -20.006973 162.273041
v -6.707787 -18.531105 167.403229
v -6.908827 -16.341026 167.203140
v -7.086967 -21.253052 165.645462
v -7.373276 -20.969223 165.041489
v -7.264547 -20.573372 165.245407
v -7.497515 -21.020805 165.077652
v -7.486884 -20.968498 164.917557
v -7.997386 -18.595139 163.272110
v -7.057760 -20.473175 105.400200
v -8.011448 -18.678864 163.143463
v -8.143732 -18.703476 163.099243
v -8.115763 -18.610878 163.123566
v -7.934193 -48.459732 134.970551
v -8.649116 -17.611893 163.748718
v -8.613258 -19.308372 164.013229
v -8.605368 -42.247353 111.988434
v -8.553190 -18.743782 161.500259
v -8.851635 -38.577805 116.719223
v -9.061179 4.834068 105.136253
v -7.845098 -19.481163 105.119835
v -10.196446 -21.238022 90.181343
v -9.993032 -20.818726 90.148087
v -10.156542 -20.963997 90.121048
v -9.867006 -21.003525 89.842712
v -10.352754 -20.837265 90.183075
v -10.560305 -20.115204 90.706612
v -10.337228 -20.576935 90.002678
v -6.986564 -8.267412 9.027288
v 4.527789 -17.877340 27.455328
v -9.240811 -12.137939 75.418900
v -8.177504 5.103821 97.424843
v 3.595543 -21.952660 84.002075
v -6.853431 -3.563118 113.943565
v -3.835508 -40.637920 9.220358
v -4.662867 -11.082466 64.472694
v -4.130614 -18.941355 24.704781
v 0.315390 -30.210159 122.416245
v -7.010706 4.163170 121.631393
v -0.333984 -46.174698 146.520157
v -0.334866 -29.979837 23.100515
v 6.740916 -3.487812 56.573570
v -2.856668 5.157677 123.005699
v -12.098672 -21.272079 85.279938
v -1.888550 -48.349312 140.763535
v -5.269298 2.518623 103.489761
v -1.450094 -34.238491 7.189981
v -5.115218 -19.645618 49.513294
v -4.960260 -40.153343 118.649292
v -0.215687 -35.987545 0.636122
v -9.549970 -0.074123 88.600067
v -11.240402 -12.510687 2.560122
v 2.480230 -18.052879 39.333691
v -8.147762 -32.338638 119.662689
v -3.299126 10.070656 71.174492
v 3.453976 -48.915806 19.238853
v -5.100991 -10.941326 36.313969
v -0.281067 -16.169407 7.708708
v -8.325216 -7.859489 124.087776
v -11.135041 -7.801773 155.460999
v 5.332795 -5.582279 38.083183
v -7.495266 -52.558060 140.522629
v -14.286489 -7.373966 79.706383
v 1.224902 -19.776234 40.590405
v 0.836709 -7.764481 133.309357
v -10.458963 -9.970859 1.199295
v 7.993668 -31.813122 27.887543
v -7.530888 8.276306 106.279274
v -4.742458 -53.072128 134.600708
v -3.768867 -38.617874 110.139954
v -3.202756 5.590851 79.289764
v 5.299203 -7.493403 1.965763
v 5.427244 -7.563470 4.153911
v 0.249396 -15.494110 135.393066
v 4.449898 -34.252190 16.882517
v -2.514639 -18.070889 2.455293
v -0.551676 -11.405796 9.112684
v -8.737373 -5.442924 104.177689
v -3.594110 -39.737236 14.261592
v -4.405563 -15.245880 5.096387
v -10.924680 -13.174858 156.263412
v 2.709979 -4.319477 73.337921
v -10.735469 -20.213902 73.866615
v 0.183620 9.765266 67.681618
v 11.144418 -15.256735 0.202480
v -5.281517 16.464073 4.576877
v -4.442096 -15.463029 0.047835
v -7.947328 -19.272903 126.782303
v -3.494364 -4.999306 58.344517
v 3.700962 -39.171959 24.726517
v -3.265499 20.739788 5.190207
v -7.846652 -14.068428 119.688644
v -12.600667 -2.242001 76.009094
v 0.678202 -24.521326 31.947290
v -5.375581 21.674366 1.000395
v 7.376402 -7.560966 116.910477
v 3.721619 -1.171547 54.987392
v 2.239596 -1.120430 121.620033
v 2.682838 12.099831 79.289490
v -1.227105 -23.726372 120.376534
v -1.787240 2.828247 110.980164
v -1.293572 14.719921 73.380035
v 5.611001 -14.621307 138.438797
v -7.793112 -13.841860 27.992744
v -4.943146 -47.842857 160.257095
v 10.668393 -14.506456 4.930875
v 1.362514 -27.374641 22.040995
v -1.171202 -11.792717 67.632996
v -8.988613 -17.386238 155.815277
v 2.442600 -24.348038 127.264870
v -4.418189 -10.297640 0.076649
v 3.470514 -32.768478 2.019328
v 6.391647 -41.983288 7.587260
v -2.321247 -54.476974 141.172089
v -0.877566 -21.890816 120.422676
v -6.784753 -3.071899 157.284622
v 0.359710 -3.175964 132.721558
v -6.794945 -61.264275 154.729218
v -1.125778 -36.087986 14.256866
v 0.263845 -34.060452 1.222178
v 1.005739 4.915581 80.292435
v 7.205210 -3.175491 52.829620
v 0.644464 -36.930710 21.887718
v -14.413387 -14.960930 80.308929
v -2.696637 -8.672668 164.566086
v -4.225041 1.350227 111.247620
v -6.433070 19.573513 5.171297
v 1.357367 -12.013361 28.423723
v -2.411806 -12.156658 73.817459
v -2.361348 -21.087936 132.473068
v -12.392854 -10.567780 152.906921
v -3.834026 -45.556831 147.076004
v 7.448330 -38.347404 22.416046
v -3.065187 -20.934822 46.005276
v -6.851486 -8.040558 132.154160
v 6.523092 -15.328026 122.131439
v 5.656347 -37.476616 17.844980
v -7.901476 -38.340477 111.403046
v -10.632940 -14.040058 73.357689
v 4.697591 -6.764420 128.240097
v -7.508846 -17.468859 5.331722
v -8.070830 3.232704 117.554817
v 12.211069 -14.279673 0.092564
v -0.441364 -23.890549 90.784943
v -1.245848 -36.452984 22.374094
v -0.433195 11.130983 43.404778
v -2.376332 18.338091 0.237708
v -2.896336 -2.950809 59.284412
v -4.993155 9.811016 86.051712
v -3.823858 9.865959 69.442810
v -2.410366 -19.988251 158.854019
v -2.030428 0.688942 131.188889
v -3.136517 -41.670677 109.695709
v -2.568727 -23.949886 70.299385
v -6.407537 -49.822098 145.426392
v 2.095050 -12.956520 135.228317
v -11.262897 -12.340130 76.319527
v 0.548424 -0.442230 121.686577
v -14.400202 -5.774342 82.431297
v -8.559153 -7.642197 160.006256
v -4.390853 -10.317426 4.897768
v -3.656400 -21.557175 120.312859
v -7.425965 -10.088375 68.862358
v -0.752094 -47.251106 146.940796
v -2.829308 10.670986 62.312035
v -6.313570 1.366470 128.729218
v -7.280311 -19.183578 150.877441
v 6.848328 -40.168194 19.146553
v 7.940020 -17.279518 99.344528
v 8.196295 -9.109650 159.693481
v 4.060026 -2.276333 64.289436
v 5.736942 -46.283348 19.285671
v -9.323750 -15.226661 0.055727
v 2.499577 -22.088623 90.261063
v -7.963133 -55.414696 155.849426
v 9.130105 -9.344395 51.589508
v -9.067140 -15.456797 4.875187
v -4.188867 -23.947380 89.780266
v -3.840511 -41.814529 11.838511
v -3.773666 8.616215 68.755150
v -0.086632 -47.188702 20.966024
v -9.201963 -44.950325 120.389099
v -9.362172 -10.524287 5.089922
v -7.228487 -21.378830 129.375198
v -3.020509 -7.681344 2.445994
v 8.908655 -31.528460 24.815060
v 6.135530 -8.086334 140.065643
v -3.353828 -28.986748 126.244514
v 4.210088 -5.067001 145.909668
v -5.874878 -47.650902 147.819412
v -10.176669 -16.252571 161.051880
v -7.887328 -9.114075 119.928993
v -8.168672 -16.397648 7.936151
v -7.369154 -47.268745 119.285950
v -3.209690 -46.941063 18.500938
v 3.360749 -18.903564 75.357292
v -7.963450 -17.698914 122.929970
v -0.374323 -12.377140 70.615395
v -3.252335 -38.197781 7.477063
v 7.761018 -13.828093 31.045483
v -2.296334 -21.098045 161.709869
v -1.681967 -17.651529 0.855210
v 4.202567 -17.973663 145.916977
v 3.207835 -7.248653 71.447365
v 0.208591 -11.322071 73.694565
v 5.075648 15.574631 73.464851
v -1.423632 -15.652086 8.810202
v -5.007284 -14.084007 134.377991
v -2.875107 9.925728 61.964443
v 5.092293 -16.764053 160.942825
v -5.567211 -49.290916 123.699203
v 6.114245 -12.299477 137.536377
v -1.145587 5.169273 112.420776
v -12.551225 -20.809563 76.794296
v -8.353753 -8.283249 145.835480
v -3.228422 7.372410 71.681168
v 7.904598 -15.986946 156.479111
v 3.363139 20.639160 66.287651
v 3.634388 -15.457119 56.528061
v 3.589927 -18.569813 53.540974
v 8.326167 -14.142448 44.942654
v -1.550505 -22.396652 107.910652
v -6.352205 -24.244560 81.764809
v -6.192099 -16.270447 166.697662
v 1.374043 12.431442 67.205391
v 1.036450 6.868732 82.239403
v -2.541912 -39.787285 118.062675
v -2.179195 -6.019005 145.339340
v -1.095253 11.744984 68.182739
v 1.468147 -10.195572 44.079788
v 2.689360 19.597237 64.700256
v -10.641546 -9.918222 4.105352
v -8.919818 7.022850 104.115051
v -9.765093 -4.893173 154.309036
v 5.233067 18.611929 64.382126
v -3.203328 -0.739319 116.798424
v -6.218410 -7.619812 3.969940
v -7.902474 -16.430290 164.414688
v 7.162220 -7.775543 159.238937
v -3.704697 -8.145491 9.058949
v -14.927995 -15.623981 85.127823
v -5.420582 -55.990311 153.071320
v -8.032070 -18.910896 153.891083
v 2.024581 16.440735 74.434471
v -7.215398 -15.782516 164.139923
v 7.532805 -9.127304 148.749207
v -10.454642 -7.286736 71.904129
v -11.768875 -0.897198 77.175278
v -9.953274 -12.060873 9.269772
v -8.268761 -58.575386 151.803116
v 2.309632 -9.990488 38.766155
v -9.961342 -11.473991 147.952545
v 3.721884 -11.684990 131.165359
v -9.044526 -2.521812 98.923599
v 4.662259 -7.142075 141.124817
v -6.473198 1.212395 88.209946
v -5.713149 -25.454048 128.264877
v -0.197569 -23.011696 68.174507
v 2.966257 -21.848587 112.192970
v 11.222758 -8.923992 38.096355
v -7.209793 -15.697067 59.153233
v 3.413681 -0.627182 124.786995
v 4.175900 -36.645435 0.433100
v 7.398230 15.173786 69.730637
v -6.117206 -17.126728 51.151192
v -1.435167 -15.294106 166.142120
v 5.304167 -36.988682 2.685621
v -0.820100 -11.593185 70.437424
v -5.913581 -20.531891 120.296585
v -12.954414 -2.038826 82.232414
v 3.228106 18.597546 72.230362
v -4.463900 -49.934708 151.490021
v -3.208878 9.039063 102.427910
v 4.430452 -34.208168 28.130466
v -7.076868 -52.170654 161.639633
v -10.467504 -14.395645 99.356964
v 8.391365 -30.970448 21.715693
v -3.980209 -52.862358 149.290970
v -5.396238 -7.744614 133.575150
v -5.902508 -52.679787 151.096146
v -2.174206 0.058598 66.781883
v -1.242117 -3.473015 145.633041
v 7.996727 -11.048679 52.515656
v -8.977087 -41.675583 113.287056
v -10.489854 -15.318506 1.208735
v 2.066288 -44.432343 22.985453
v 2.919076 -20.930416 77.933205
v -1.688242 4.117538 107.311668
v 11.990897 -12.459109 4.965981
v -6.800413 -22.236874 67.329460
v -0.735479 -0.763779 60.643078
v 5.647257 -8.373680 138.510773
v 9.483389 -11.178032 154.919159
v 7.288400 -10.187286 145.718491
v -3.347123 -23.718346 96.353821
v -10.386337 -9.033493 157.867172
v 9.066588 15.522274 70.688805
v -11.573366 -11.863495 150.474625
v 0.227377 -14.844299 136.767593
v -2.833939 7.646816 81.218170
v 8.073753 -5.610893 103.902084
v -9.839191 -14.932755 70.828926
v -6.789936 -54.218788 144.765030
v -1.067647 6.002350 75.925438
v -1.248522 -22.509113 55.743385
v 2.955957 10.133453 67.820549
v 1.882271 -13.824192 69.607208
v -7.132488 -12.160118 131.890854
v 2.339443 -35.060181 27.221182
v -4.052620 -15.556527 -0.001186
v 5.039792 12.279694 70.190636
v -0.517151 -30.565962 25.065817
v 2.895567 -13.717060 74.700562
v -5.480694 -58.357338 150.054153
v 0.526890 -35.606918 19.744539
v -3.027200 7.673340 75.408257
v 7.387091 -14.665184 148.562408
v 3.951594 -4.924629 162.093155
v 0.155188 -14.293034 8.135906
v -10.507270 -22.935253 79.259560
v -4.101280 -49.152115 151.394272
v 7.416629 -9.937744 149.151169
v -0.351731 6.814476 62.651722
v -7.649475 -57.078796 158.445114
v -9.364338 -10.536736 0.057336
v 1.260138 8.775169 67.543121
v -5.424126 -55.428696 158.525879
v -3.918912 5.565605 121.741196
v -3.514501 21.484999 0.839818
v -4.174176 8.080219 78.788185
v 5.960999 18.445948 69.972305
v 5.076525 -40.241234 22.299171
v 1.714073 -18.318001 149.732407
v -2.449650 -37.890564 16.059147
v -1.646611 11.605316 76.389893
v 1.536677 -8.999649 136.633759
v -4.981474 -49.654175 155.998444
v -6.508485 -0.328041 122.313591
v -14.817551 -16.827938 82.550903
v -6.116297 -48.737785 160.603180
v -5.604508 -1.261742 108.142906
v 6.801476 -8.395020 154.260742
v 5.670837 -29.142136 20.083477
v -7.055622 -50.413734 150.526642
v 4.680183 -48.538479 18.199369
v 3.257100 17.165205 65.521729
v 5.402431 -45.176781 13.201117
v -6.616940 -22.345940 123.662560
v 10.186795 -18.386356 34.279861
v -4.398388 -8.198868 60.088230
v -6.069313 -53.317474 161.262207
v -6.971754 -2.838135 130.838455
v -7.040839 -13.249321 165.138931
v -5.875387 -52.331169 161.871216
v -3.946070 -45.928490 147.839294
v -1.477823 -43.674721 147.814087
v -6.454492 -13.457142 59.363712
v 4.176645 -0.415802 104.178459
v 4.570143 -10.534763 76.307549
v -10.400410 -15.276272 0.097500
v -3.463913 -44.250755 147.990402
v -3.211503 7.362106 79.061325
v 0.448122 -14.763206 135.673569
v 0.516714 -15.249017 19.623404
v -1.731749 -44.881096 150.462234
v -7.607832 -48.289360 136.121338
v 12.072034 -9.664525 0.148371
v 7.640347 -35.837181 18.589300
v -0.647456 -22.134773 131.845383
v -7.764610 2.077980 111.047783
v -3.607224 -46.134544 17.379408
v -3.892544 -42.647671 14.478498
v -7.040773 -51.050781 160.441177
v 6.524096 -12.621155 142.348907
v 4.377667 -16.194237 142.043564
v -5.793721 -17.400331 6.627481
v -8.608082 -9.830173 8.705492
v 0.942113 17.146378 70.130859
v -5.441532 -1.367706 120.320656
v 2.329601 -43.049721 23.394577
v 10.329279 -15.847675 33.915718
v 1.474661 -40.033989 23.244856
v 0.304404 -4.949459 48.645626
v 1.638897 -36.171585 17.064600
v 0.845423 -17.938911 163.983337
v 5.436483 -20.205523 39.151417
v -7.794818 -2.975983 128.515900
v -7.998066 -23.958267 90.082390
v -0.115572 -19.890327 162.053680
v 3.390292 -16.321974 42.085938
v -3.573997 16.698114 4.959598
v -3.489674 -47.640129 141.781982
v 2.814318 9.474072 81.409798
v -4.009377 -14.651863 136.543106
v 1.261945 -20.791458 153.791107
v -7.435787 -41.289413 119.465965
v -14.035360 -11.503479 80.496857
v -1.422476 -40.018875 113.595573
v 2.028099 -13.758186 132.808243
v -5.996068 -19.544327 54.886238
v -9.408409 -17.977180 151.580414
v 0.199594 -3.698181 161.044296
v -2.172673 -15.801338 134.279678
v -1.361572 -44.074417 120.732674
v -13.807760 -15.459339 87.557907
v 2.812016 -35.735577 13.389562
v 0.440310 -7.630735 1.449650
v -1.891368 -1.989807 157.562729
v 6.068661 -3.920303 119.039658
v 2.983669 -33.741066 16.851191
v 7.637185 -7.362141 57.627888
v -4.048146 -10.211839 0.000101
v -8.716818 -41.612793 117.543114
v 8.091334 12.879196 70.192368
v 4.435815 -20.607803 121.108879
v 7.625263 -9.618896 161.686874
v -2.935712 8.850422 62.951027
v 7.390245 -8.504890 148.605698
v 6.821248 -17.938911 117.891098
v -7.791443 -59.089439 150.895020
v 2.701951 -14.039703 137.647949
v 5.822419 -3.562088 154.678360
v -5.234416 -19.815804 157.624115
v -10.847853 -13.929398 0.015352
v -13.519745 -10.468513 79.027939
v 7.179383 -3.323509 107.333115
v -2.801499 1.770538 111.625885
v -9.163054 -23.336090 85.624084
v -1.451361 -19.744473 32.513985
v 3.488668 -5.884811 130.826370
v -6.640464 17.725767 4.836612
v -7.104092 -55.673805 159.844925
v -7.101261 -37.334213 111.197617
v -4.272686 -22.824432 91.555130
v 5.580699 -19.239105 157.938141
v 3.872518 -5.322998 153.191238
v 4.905295 -4.071968 159.865906
v 12.986044 -12.458477 4.163050
v 3.038144 -10.085449 134.953369
v -0.716404 0.374557 73.967232
v 11.211899 -7.791916 44.541874
v -4.186668 -5.353363 161.482178
v -2.358778 -38.366135 111.114586
v -5.811126 -20.542030 152.321533
v -2.978976 9.728344 73.957344
v 4.649330 -38.602192 22.947853
v -2.722922 3.105766 128.035538
v 5.517812 -8.151627 142.364090
v -0.731569 -34.402702 19.143303
v -0.294869 5.978783 81.752495
v -5.161448 -15.120033 142.445129
v 5.185447 -16.767450 5.037775
v -2.087482 1.128502 85.135223
v 3.953498 -20.006386 128.973572
v 1.859612 -23.104820 122.364571
v -4.641006 8.965614 105.662628
v 4.249599 12.655613 72.826889
v -11.896259 -2.798244 75.677116
v -1.355268 -20.369110 151.066208
v -5.735422 -10.866905 134.152634
v -3.678112 -39.384808 11.050930
v 9.927433 -8.944723 4.466377
v 0.895685 -32.583427 2.784358
v -9.052011 -14.943642 163.380661
v -0.969593 -48.679298 142.761108
v 3.780637 10.346397 78.253426
v 1.371451 2.546394 124.971031
v -14.478201 -7.321781 82.488937
v 3.152972 -6.689838 73.870293
v -2.753473 -15.606811 1.154476
v -14.925316 -7.322773 80.236160
v 0.858748 0.677544 83.470604
v 8.499419 -14.540007 31.129704
v 7.434052 -5.584801 153.941910
v -5.580396 -13.081861 42.294540
v 4.547992 -15.164146 138.501190
v 5.312111 10.521095 76.345459
v -11.064361 -1.315559 87.456985
v -9.590002 -14.877886 9.243883
v -0.262579 -32.518311 26.040796
v -13.522829 -7.190727 86.906662
v 2.802849 -16.297653 68.142723
v 2.370203 -32.345016 3.281851
v -2.090704 -19.234673 148.753067
v -8.898125 6.848511 100.245255
v 6.987475 -16.766869 160.411011
v -6.605813 -12.578232 141.661926
v 8.058426 -10.741524 148.315018
v -7.264009 -9.559235 143.887741
v -3.074736 -19.705223 146.978867
v 0.826914 -12.563129 74.846901
v 5.978392 -4.544884 154.217255
v -1.376689 10.970291 69.300087
v 7.214005 -41.128380 12.514153
v -12.051991 -3.593563 89.399689
v 8.497076 -18.111506 39.744965
v 7.293052 -12.839630 145.722610
v -6.480991 -57.601662 159.454910
v -2.693855 -20.711174 149.945129
v 0.208573 0.896835 94.322128
v 1.568736 -11.164000 43.386623
v 5.457060 15.118427 75.512848
v -2.965151 -41.318619 150.329514
v 5.555802 -2.404362 46.165703
v 9.376297 14.126583 69.716728
v -6.611245 -22.847565 96.681358
v -1.743323 -3.023445 151.659439
v -7.026941 -48.573463 154.061707
v -4.107604 -17.343536 9.044480
v 4.840569 -39.497704 22.046015
v 2.727163 -12.174713 132.370636
v 8.808415 -12.657768 152.139893
v -0.089258 -24.877079 89.118263
v -2.582065 -4.249771 145.731628
v -5.648632 -41.767517 109.254120
v 3.151318 -1.315475 122.192345
v 7.194840 -19.400276 107.349701
v 4.659914 14.927174 69.339104
v -7.117619 -57.790825 152.956070
v 0.994633 -27.409950 122.252060
v 2.110251 -4.571381 146.846329
v -6.592342 -56.375137 153.688400
v 2.828810 14.512169 68.750832
v 1.248001 -23.597839 90.524246
v -2.345509 -42.488331 21.418325
v -7.451700 -53.082726 149.571991
v -5.071507 -56.068413 150.098633
v -0.880162 7.638256 71.648026
v 2.301373 -23.000244 99.111855
v 1.626987 -23.926720 92.693291
v -5.472160 -52.994659 157.854416
v 2.265739 -10.595490 164.210205
v -2.297377 -2.514259 148.564774
v -2.058302 -3.900032 148.803833
v -7.315789 -17.980644 113.549614
v -5.854116 -52.920532 151.019180
v -3.150135 -21.625542 117.563133
v -14.288004 -16.783825 78.619957
v 8.629124 -3.669786 42.668274
v 7.395108 -6.786636 157.347229
v -2.583964 -10.819595 47.217194
v 2.794141 0.524868 87.024780
v 9.822851 -9.711855 5.218659
v -3.009326 -17.969475 166.475250
v -8.693457 -6.055016 158.166016
v -2.004669 -7.949432 136.254318
v -5.197974 18.250963 -0.066625
v -5.077984 -21.474659 57.419899
v -3.061892 -0.407608 120.384926
v -3.527503 9.396614 62.332184
v 3.217770 -10.206414 7.017492
v -1.924862 -50.867752 145.496597
v 5.501905 -35.365334 18.162563
v -5.201791 -15.270775 165.107727
v 6.244496 -3.587456 158.137192
v -4.269497 -11.827095 56.514286
v 2.544415 -23.216801 88.603256
v -3.964664 -21.318336 153.440521
v -2.729517 -2.949135 146.971878
v 3.944088 -47.584732 20.169085
v -8.622076 -8.465027 0.208914
v -3.242521 -13.598961 166.380920
v -6.800720 -1.332047 122.194702
v -3.521736 -23.913425 87.956985
v 0.226538 12.782322 78.614143
v 3.875433 -15.582178 29.677055
v -0.665675 -8.222046 135.079514
v 6.171521 -14.778091 149.562973
v -8.200334 -23.775433 81.490570
v -6.593915 -23.254501 88.939201
v -0.522506 0.441772 105.895615
v -1.767693 -52.585876 135.323669
v -5.803092 19.980350 0.271759
v 6.233342 -2.448826 86.651489
v 0.340651 -7.374748 135.428757
v -0.487625 -52.798439 139.174057
v -5.980274 -59.278900 151.471542
v -1.200951 -44.976967 146.737274
v 1.143441 -7.318367 3.509877
v 2.618570 8.224907 69.978256
v -11.527930 -8.011566 152.106216
v -0.231407 6.973408 73.758156
v -10.191800 -16.800323 159.931366
v -7.880427 -7.240997 111.329399
v -11.414193 -11.701206 76.846947
v -1.942169 -9.056278 9.266987
v -8.689031 4.907341 112.365158
v -2.396866 19.120010 5.323418
v -1.849452 -3.114136 156.759094
v -3.806217 -53.533318 139.915482
v -1.483448 -50.122108 145.532196
v -7.018797 -4.567116 151.259445
v 6.223843 -34.518265 27.393490
v 8.267632 -9.140678 156.452423
v -0.456744 10.446758 80.218910
v -12.880138 -16.487694 90.312866
v -3.210991 -46.590302 148.233932
v -6.078411 -57.653023 152.447678
v 3.402903 -34.668045 17.877644
v -6.100245 -47.813904 150.762268
v 1.143349 -0.863441 75.888947
v -0.127045 -36.799889 18.758743
v -3.670824 8.946247 80.808540
v -1.895512 -4.992950 149.485641
v -2.318707 5.693886 80.926758
v -7.440259 1.005291 86.851852
v 5.574921 -3.431093 42.167038
v -9.288863 -11.127586 75.099953
v -6.267384 -24.129871 74.076180
v 4.664301 -17.584679 154.750153
v -2.488041 -43.501869 111.948105
v 2.529911 -9.620533 70.518936
v -9.201971 -15.815994 103.778366
v -11.676020 -20.478039 76.732330
v -0.277262 -19.313675 149.669312
v 3.228199 -11.860348 59.166401
v -7.968757 -19.459854 158.306381
v 2.752587 -18.385536 42.242893
v -9.997536 -14.265625 149.616501
v -1.253931 -35.540493 20.877199
v -9.902435 -0.193356 76.327194
v 5.188341 -13.751553 79.466919
v -10.523634 -11.525169 150.037735
v 2.229969 -7.826237 41.011337
v 0.797281 2.943436 121.669769
v 3.712983 -18.141060 130.411972
v -3.027876 -5.714851 144.237595
v -6.438612 -52.247742 140.319427
v 1.202702 -19.797165 153.420380
v -7.680687 -51.571350 155.262085
v -7.785597 0.133373 73.203392
v 8.373963 -14.908379 159.790192
v -6.420665 -9.990952 141.528259
v 6.252901 -21.143398 88.115097
v 4.228951 -2.267365 125.650818
v -9.049249 0.634968 78.714165
v 2.320606 -38.891716 24.804100
v -4.483979 -1.198814 116.906494
v 2.079152 -1.434090 53.090279
v -11.123758 -18.872620 91.791977
v -6.092978 9.717155 97.416351
v -1.507067 -41.938622 116.774261
v 0.689638 -3.259811 161.226791
v -7.385165 3.207344 101.405548
v 1.419218 -35.646969 -0.436694
v -5.127411 -20.245811 151.034332
v -0.247149 -30.616661 123.583786
v 7.989505 -11.873558 158.553329
v -9.334509 -4.811073 70.236626
v -12.677907 -18.276104 88.826851
v -9.896635 -16.388348 2.495507
v -6.010489 -34.402199 112.491829
v -6.623941 -27.079010 126.240829
v -4.824381 -44.413475 111.905807
v 1.605546 -21.905891 73.309013
v -10.560279 -22.120766 90.536636
v -1.468903 -37.486031 113.372993
v 6.577682 -10.343147 83.486649
v -6.516880 -55.437523 144.302795
v 4.581007 -22.663460 92.187798
v -8.596071 -39.331375 117.156700
v -9.992512 -21.745934 92.723236
v 2.470550 -14.013241 73.026855
v -5.845348 -57.434891 148.092499
v 0.291303 4.739292 80.082527
v -7.416503 -11.743622 26.283560
v 5.407578 -22.357521 88.129303
v 1.262742 9.341602 68.757950
v -6.346399 -4.148392 154.130966
v -4.438789 -21.647308 108.455833
v -1.395842 -40.881210 114.918266
v -2.000651 9.258080 81.288391
v -5.309978 -50.924026 155.465744
v 6.441853 -20.673683 102.354324
v 4.796545 -8.831169 137.825012
v -10.210904 -7.363350 150.595490
v -2.543919 17.856970 5.127573
v -12.586979 -5.127419 75.837433
v 2.132566 14.721481 68.173386
v 11.413397 -12.628325 38.902935
v 2.849615 11.089241 68.156784
v 7.641209 -11.016220 149.852264
v 0.392620 17.212391 72.856888
v 1.193512 -6.415222 141.123398
v 1.112783 -23.142723 89.218918
v 4.762740 -6.448158 144.471451
v -2.215993 1.501129 130.359177
v 6.205346 13.998676 76.735916
v -1.254644 -41.855942 150.820694
v -7.530005 0.196407 88.270218
v 1.048335 15.233700 76.628410
v 9.989253 -9.059799 35.802307
v -7.923229 -3.926056 122.355186
v 3.906562 19.052250 64.066452
v -8.080786 -42.156410 110.795769
v -11.605599 -8.008392 94.798203
v -8.107641 -17.035156 62.866535
v -6.766285 -59.542625 155.783722
v 1.349028 -4.631866 149.008591
v -9.172670 -17.333942 68.234909
v -5.344743 -11.582607 68.726563
v -6.720304 -48.631081 151.068893
v -0.364700 -48.510567 19.978205
v 2.061484 8.392639 70.921432
v -2.284274 0.377907 117.400146
v -7.360180 -16.476631 147.721512
v 2.596886 0.532188 127.785439
v -9.285769 -23.435692 80.327255
v 8.502900 -11.075066 152.146774
v 6.841241 -7.790535 87.154732
v -1.380200 5.639305 101.288155
v -5.136284 20.932158 5.341042
v 4.488935 -6.870951 37.116196
v 5.940674 -37.052582 16.056423
v -2.867735 3.459373 100.668190
v 8.913655 -13.448143 148.889816
v -3.286526 -3.361076 159.574753
v 3.934271 -11.126808 163.424225
v -1.048624 -35.218472 2.341456
v -7.242334 -25.687698 124.875900
v 2.325010 -3.134865 73.437073
v 2.754781 -17.215736 160.882874
v 9.031026 -18.746569 38.346989
v 12.782908 -14.021961 2.721231
v -6.735178 3.002357 125.316963
v -6.409741 -27.641235 118.547012
v -12.866636 -2.089352 77.698868
v -1.405021 14.862747 71.216156
v 1.285923 -0.575718 66.841957
v -5.550753 -7.912595 9.210848
v 2.399215 -12.213821 164.280548
v -2.062752 -47.646332 122.698372
v -13.459234 -10.504929 88.490601
v -4.692074 -48.066635 156.735992
v -2.618589 -41.838676 151.356537
v -4.083729 -5.178024 147.333542
v 3.110093 -17.640730 1.310207
v -8.556512 -0.136009 87.286674
v -1.405535 -7.707885 6.474597
v 2.665787 -19.157352 69.898148
v -10.618662 -10.764366 158.148117
v -9.129116 -43.839226 119.826668
v -3.952562 -48.949173 159.967941
v -0.823983 5.051170 118.331367
v -9.562146 -1.012039 88.410515
v -3.757622 -40.617928 118.995132
v 0.353172 -23.276140 30.410408
v 4.686657 -0.624069 92.184792
v -4.981087 -48.845825 160.776733
v 3.097328 -38.761719 23.483175
v -7.410051 -42.994072 110.549438
v 0.065018 -6.673210 141.425385
v -7.751763 -7.290321 114.035606
v -5.929335 -49.818504 155.865707
v -6.333449 -18.151909 27.849731
v 1.733986 17.045013 72.277039
v -8.172372 -5.202614 127.343010
v -9.723316 -21.075188 92.033035
v -9.638862 -23.582047 81.292496
v -3.706697 17.016932 0.098616
v -2.956280 -17.188049 143.267609
v -6.116039 -36.985420 120.111023
v -4.176877 -13.893333 141.332184
v -6.678316 -19.735313 120.249191
v 2.201346 -13.925419 32.248325
v -2.293517 -24.506821 80.405968
v 7.415206 -15.244041 154.782379
v 1.293901 -24.951920 121.866020
v 2.908155 -39.857529 22.889532
v -3.952396 -7.927513 142.420227
v 3.040407 -22.588177 86.238052
v -5.131308 -49.555916 141.349579
v -7.185844 -56.454308 149.117584
v 2.488312 -2.489567 48.782330
v -10.235946 -19.490044 91.800354
v -7.903892 -14.066040 112.646820
v 0.660485 -0.264160 62.840996
v 1.958933 13.762844 67.097176
v 2.052796 -18.465584 146.802170
v 3.860107 11.842175 68.073608
v 3.792882 -17.045319 143.725739
v -10.651237 -12.330826 160.033722
v 0.561128 10.339058 69.318192
v 4.673284 -17.215218 145.069000
v -0.377743 -49.628128 140.062866
v -0.275832 10.687000 70.591812
v 7.789150 -10.556793 140.583862
v 2.513673 -18.175453 151.705902
v 5.008266 7.884697 70.978737
v 6.566418 -43.623547 15.949161
v -6.890513 18.471764 0.547962
v -3.287992 -32.897453 113.392494
v -4.951677 -20.344444 166.224640
v 1.784094 -23.278435 129.904114
v 6.048244 -35.613232 9.310530
v -0.125030 12.747013 71.030502
v 0.844488 10.478790 70.234436
v 1.521149 10.743694 69.603607
v 4.511177 -18.664921 80.138802
v 8.675127 -8.966545 154.971191
v 3.241032 -22.659866 124.815056
v 8.428079 -8.384407 0.018066
v -2.240651 -19.877556 145.920502
v -6.673430 -12.251102 69.357674
v 0.688918 11.139660 69.628349
v -5.343047 -23.616684 130.180420
v -9.610811 -13.512318 8.709333
v -8.799559 -38.297752 113.652672
v 2.810522 -23.906931 35.182312
v -1.899688 19.505463 4.826136
v 7.977022 -9.429726 112.916481
v 1.402824 -39.382881 22.670572
v 3.528697 -10.536983 74.254883
v -5.408176 -55.683601 155.604858
v -3.416963 16.269655 4.419990
v 9.153343 -29.510141 25.001846
v -6.276276 -56.722633 160.249054
v -0.852556 -19.884674 151.986801
v 2.367595 -12.579212 56.120338
v -4.399518 -20.605667 154.243332
v -1.638888 10.327015 77.936241
v 2.111872 -9.200432 137.285980
v -0.458694 -19.180481 163.955093
v -1.277034 5.419800 81.309479
v -7.586305 -17.269657 0.003267
v 7.483422 13.273800 74.289139
v -8.164295 -46.033936 117.160851
v -7.820667 -60.539993 155.378159
v -1.916279 4.890388 79.472687
v -3.292298 18.864136 -0.064233
v 6.930665 -3.798336 40.781208
v -3.780555 8.198341 80.572746
v -12.919648 -13.782349 77.333717
v 3.868533 10.124901 73.194305
v -8.972403 -18.693947 165.473618
v -1.731166 10.359776 91.949646
v 9.584651 -16.413143 2.739227
v 4.955929 10.821327 74.966797
v -12.030816 -2.460712 87.593193
v -4.719814 -52.280777 159.590897
v 3.619207 -16.630810 44.949158
v 3.826370 -4.126114 79.373077
v 7.852677 -12.367310 6.160341
v -1.763081 8.409733 100.057358
v -7.529572 -55.897018 153.525436
v -1.283407 6.428795 67.980324
v -11.538692 -14.179970 151.035812
v 5.676295 16.401787 70.905647
v 0.824919 -0.594810 117.945511
v -6.481878 -20.601364 166.945404
v -5.431302 -2.289268 132.109009
v -5.516376 -8.167616 7.812320
v -3.358332 -42.089298 18.532024
v -3.673565 -53.369057 139.795486
v -8.352867 -3.754227 155.648422
v 5.393956 14.007710 71.034172
v 0.211052 -20.859138 132.252686
v 4.237040 15.293987 70.007294
v -14.565623 -5.777687 80.126183
v -3.518921 20.205381 5.597881
v 2.377577 -11.132542 74.767197
v 1.539847 -22.370087 108.168083
v 10.365127 -11.162958 35.172211
v 1.073791 1.102386 87.194572
v 5.036291 -6.398567 80.752853
v 2.599661 11.181396 79.124672
v -1.684847 -40.006119 116.925217
v -4.844284 20.350492 5.669825
v -3.615402 -56.208549 146.246887
v 9.854078 -4.536634 44.694157
v -5.862808 19.345119 5.675878
v -3.671967 -52.726456 146.705200
v 1.520699 -14.329599 7.544552
v -5.510853 -57.047920 146.423340
v -3.351425 -50.077347 150.056183
v 3.368178 11.164356 74.134064
v -5.891203 17.391834 7.362129
v -2.546218 11.463394 70.413345
v 1.544642 6.856510 88.098022
v 8.267336 -14.331795 152.142975
v -7.345934 -23.429634 89.953400
v -4.559921 -51.541115 151.642731
v -5.910664 -60.558990 153.594406
v -6.101149 -23.159088 91.755127
v -2.046815 -19.155289 147.329102
v -1.522317 5.944229 104.375847
v -7.271158 -54.090111 150.685776
v 6.180126 -18.654972 85.338707
v 4.259428 10.862045 73.063560
v 2.129909 9.078564 80.900902
v 2.805466 -20.667358 155.172714
v -7.833303 1.158298 79.773392
v -12.996700 -20.651562 80.460800
v -3.095500 9.592991 79.202370
v 3.703165 -4.199799 153.036087
v -10.587536 -16.155151 150.940674
v 5.077160 12.003944 72.326180
v -5.775866 -49.917061 151.459335
v 8.701967 -10.985939 159.621735
v -1.606734 -23.877731 95.899445
v -9.805207 -16.336672 5.431795
v -2.995613 -22.955055 120.953690
v -13.223459 -17.940857 88.836502
v -8.681239 1.524727 79.940239
v -8.425396 -16.370335 9.246065
v 7.777594 -37.878365 21.751884
v 0.661849 0.698265 87.123726
v 3.446265 -4.508560 152.147598
v -0.034729 14.777622 68.437401
v 7.094832 -5.089417 151.189789
v -1.785267 12.533302 69.862755
v 2.987391 -17.653004 0.168981
v -6.938059 -25.106377 122.848282
v -8.774437 3.795700 110.904633
v -7.490783 1.523994 116.824478
v -0.997296 1.892204 83.791740
v 1.628083 -21.532082 56.190479
v -6.369285 -11.705757 139.721390
v -2.504633 -3.982178 151.218521
v -13.725264 -17.472408 78.240250
v -12.045266 -19.596039 90.505081
v -1.651511 9.777023 68.345261
v -6.516727 -50.694786 139.077682
v 5.567535 -43.041813 22.004784
v 2.755127 -9.657211 73.844574
v -7.455479 -12.092293 143.207230
v 6.515858 -37.146393 5.436320
v 0.322264 7.257603 74.253120
v -0.361335 -19.077721 160.212311
v 6.455421 -2.292656 108.070999
v 7.835633 -10.802788 153.990936
v -7.724688 -5.843628 110.884293
v 1.984367 -6.704094 163.049118
v -11.623526 -3.836220 88.833923
v -7.938162 -19.948563 160.614273
v -5.543357 1.079037 74.423164
v 6.549049 -34.878448 17.467939
v -5.152826 -51.530846 160.902817
v 0.239631 -17.055519 142.901154
v -0.630905 1.039230 84.053680
v 5.587044 -46.895386 15.352218
v 4.717891 13.804535 77.825760
v 5.870211 -21.287338 94.848045
v -1.975574 -41.071770 110.999603
v -4.756411 0.649765 96.901443
v 5.335284 -14.594547 44.874569
v 4.679441 18.331554 72.340103
v 3.354379 -17.674164 149.715027
v -1.615232 -12.313416 166.006866
v -2.352910 -6.807625 142.603882
v -2.771502 1.497757 79.765251
v -11.124426 -19.081970 93.899826
v -5.382030 -23.511688 69.058189
v -8.682387 7.528767 99.979942
v 0.921183 -35.520401 13.639826
v -11.478177 -2.251011 89.037918
v 7.397116 -18.840256 151.184021
v -5.035273 16.851402 5.072370
v -11.445909 -15.141674 73.777084
v 4.355642 -20.737251 124.081123
v -4.020077 -53.302887 139.496323
v -2.117348 17.627186 4.595003
v -5.399089 -3.715530 152.932938
v -10.963099 -14.000528 5.442996
v 6.422520 -3.698540 156.951126
v 4.140381 9.724442 77.418739
v -6.117174 -51.275917 143.198990
v -5.203632 -56.427834 158.257797
v 1.733285 15.596340 68.565811
v 7.852946 -5.927788 110.086281
v 0.581585 6.617947 70.033859
v 2.972239 -27.823116 20.778122
v 8.342590 -14.438805 106.008881
v -3.219309 -22.149719 131.898209
v -0.604417 -18.547318 144.655548
v -3.951458 -45.736633 146.065109
v 2.167788 -32.474525 1.984734
v -5.145088 -13.087563 51.217972
v 4.822974 16.292629 68.771927
v 6.574093 -37.648369 16.700075
v -2.774199 -19.134644 163.565536
v -2.137221 6.612816 76.352325
v 2.697696 18.528858 64.758453
v 9.475477 -21.997761 33.765327
v 4.710879 17.005861 65.531921
v 0.681951 -15.838486 139.909576
v -9.513817 -14.830940 148.228607
v 9.078654 14.969334 68.925415
v 3.045697 -19.894993 56.293945
v -5.957365 -15.936481 49.718590
v -0.318591 9.035198 93.601967
v 0.396392 -3.258049 153.734756
v -3.656786 -46.388634 136.140366
v 7.071792 14.241745 69.323814
v -6.147436 -15.969639 42.372517
v -7.623528 -8.357361 161.962112
v -2.239423 -15.027679 136.323761
v -8.467237 -34.422447 116.950714
v -10.746782 -1.469677 87.483971
v 1.470940 -3.787254 132.387833
v 5.376282 -1.249367 86.635757
v -2.686589 -5.457855 162.179504
v -3.004490 10.958309 84.051277
v -14.502337 -10.320080 83.049194
v 2.997787 -16.660503 72.174332
v 1.084126 0.224945 130.725082
v -13.115808 -8.130356 89.653259
v 10.608243 -13.861008 41.673176
v -7.082663 -9.492665 18.876312
v -2.921551 -44.842560 20.026434
v 2.954463 -12.647308 135.012711
v -5.681993 -0.007545 70.346588
v 11.402004 -12.601215 40.343918
v 3.565900 -4.352722 42.587189
v -4.906910 -12.474854 136.900726
v 2.394303 -4.892403 150.560593
v -2.480173 -20.777046 155.361099
v -1.320995 -49.865341 141.781509
v 6.569042 -18.889153 87.690887
v -3.884869 -18.459618 18.896458
v -0.692554 -3.168716 151.116409
v -6.746424 -18.009369 149.966095
v 5.900837 -23.549246 36.243069
v -1.502621 -18.483744 24.165483
v 7.897022 -13.969734 113.959480
v -2.753214 -2.369675 149.845108
v -3.975144 -13.572502 136.785995
v 8.058176 -12.287392 148.333115
v 1.117311 -33.392120 7.646235
v 3.995826 -4.505348 129.293655
v -5.730121 -5.754982 146.897736
v -4.045734 -48.865158 122.895271
v 2.767471 -4.211658 74.458832
v -0.934391 -27.820587 117.864243
v -12.228695 -18.659237 89.004669
v -4.321086 -10.666290 139.734055
v 7.008037 -7.685791 161.623138
v 9.228983 -5.918976 38.234348
v -9.485890 -7.813118 148.259888
v 0.078689 -17.361723 24.403322
v 2.763171 -5.101425 144.786011
v 3.649349 -2.799503 81.088921
v -4.284988 -11.821411 139.144333
v -5.145454 -49.848152 160.322372
v -0.863917 -22.840618 60.343571
v -2.937717 -54.512878 139.176025
v 7.450438 -16.879593 87.458466
v 6.539252 -17.853508 156.750839
v -0.309344 -8.587687 7.742387
v 5.365984 -4.374390 83.218277
v 3.514671 -20.253235 157.926697
v 2.661332 6.182034 80.901009
v -8.985083 -22.209396 73.387390
v -0.785288 1.463829 87.300598
v -7.671059 -23.742401 84.655449
v -6.600435 -47.091766 136.019684
v -5.271037 -0.121178 102.789963
v 6.313090 -3.810074 155.835052
v -2.622067 7.568077 65.728203
v -8.033967 -12.382118 164.278732
v 4.501295 -7.260544 162.278793
v 3.088095 -7.607549 0.067108
v -6.951758 0.397804 93.479782
v -9.770437 -22.144417 89.015846
v -1.726943 6.351311 81.212357
v -8.977541 -18.533752 158.443604
v 7.364903 -6.369781 36.608047
v 6.803160 -36.496571 8.611451
v 4.211291 13.031746 73.517059
v 2.937730 -22.000381 81.897293
v -4.355498 -24.901695 89.735909
v -3.063927 3.237183 102.538261
v -1.692707 -46.041374 148.914200
v 4.288210 -36.243530 17.429043
v -1.076591 -10.921127 52.692951
v -3.983368 -43.142418 110.171913
v 2.031846 -22.013939 77.363274
v -2.105858 -48.709206 147.634964
v 6.469447 -20.533722 91.963814
v 0.118086 -37.856865 24.227255
v 5.044461 10.263496 69.795807
v 0.116982 3.571136 125.142281
v -2.684461 -2.150658 159.126770
v -8.101101 -11.290817 127.655029
v -1.374825 -6.793709 133.954468
v -1.979805 -48.365601 141.897491
v 2.145628 17.012596 69.838051
v 8.191921 -10.208527 153.964645
v 7.462172 -22.690521 25.041336
v -1.996142 -4.108078 147.146118
v -4.175591 -17.286919 166.419449
v -8.750349 -12.971985 106.200058
v -6.185493 -47.800659 159.128204
v 3.926749 -17.134155 75.664055
v -6.666058 -45.682304 114.761436
v 0.627614 6.473534 79.106117
v 2.587905 -14.828442 66.012848
v 5.050947 -38.222782 2.119764
v -2.889839 -55.676056 142.288513
v 4.180042 9.722633 69.878174
v 7.669900 -11.631546 152.365463
v -4.144090 -10.562825 0.043030
v 0.030089 12.432217 70.414528
v 5.808163 -44.584797 13.303030
v -3.891312 11.345758 44.016033
v -2.249071 -4.973663 149.998199
v 5.858223 -16.300484 155.437988
v 6.581019 -13.764366 143.538040
v -0.116871 -37.605858 20.108923
v -7.238434 -55.945137 147.805801
v -4.976986 -51.238190 159.658356
v -0.662701 -36.206879 16.600212
v -0.183346 -50.539375 139.856171
v -6.235369 -52.542923 134.103394
v -3.502005 -8.141984 0.001790
v -2.623676 3.703316 92.671623
v 6.208294 -4.734653 61.014233
v -1.737539 -43.421112 122.269928
v -4.728796 -7.036930 60.487465
v -2.395681 -44.693314 146.622849
v -2.353183 -2.041115 59.798161
v 1.339334 -21.833893 121.736069
v -1.407562 9.813889 67.757462
v 1.221283 -18.960876 36.311031
v 3.147839 -9.473492 36.311073
v -10.117977 -10.137247 6.751493
v -7.577936 -18.634178 130.041061
v -7.517508 -13.779686 144.442719
v -2.739407 -53.652809 145.173584
v -3.053360 -44.159500 150.894012
v -4.960712 -52.409981 151.509857
v 7.570166 -8.365978 86.861084
v -13.692022 -19.504215 83.075905
v 2.930405 -4.891754 148.027908
v -11.185576 -6.537491 153.811707
v -0.839981 -35.062668 119.152702
v 7.865887 -28.305296 31.275913
v -14.819715 -15.362026 82.847061
v 11.045887 -14.940767 4.288459
v -6.484682 -51.012695 140.737701
v -7.501009 -52.591187 156.275177
v 0.472452 11.116241 67.155579
v -9.876530 -13.976564 9.276718
v -8.630301 -35.557594 117.390633
v -0.339351 -12.356254 8.577540
v -6.645098 -0.663410 69.868629
v 2.440104 18.713270 69.767700
v -7.736451 0.437523 126.282509
v 3.354599 16.100800 69.235344
v -6.997993 -59.823769 151.642487
v -5.486288 -20.396088 54.847641
v -8.251298 -16.911514 165.699280
v -6.587908 -47.737488 153.666397
v -0.827852 -43.690895 150.350327
v 2.583627 -17.422226 143.396927
v 0.991834 -2.291351 158.629654
v -14.826478 -16.736320 80.372910
v -6.197487 -55.616592 160.113556
v -3.700696 3.837917 90.511658
v 6.691985 -17.724831 155.681747
v -10.872509 -15.872383 97.450233
v -9.519612 -13.099045 73.142273
v -6.763113 2.414078 105.457901
v 5.037717 -10.593594 76.519066
v -2.975153 -23.040363 61.074715
v -5.555793 -18.135071 45.136166
v 3.868029 -16.375710 53.901375
v -1.758074 -38.729259 19.947239
v -7.105228 -19.769226 122.282356
v -2.074574 -50.901253 138.494247
v -7.872332 -17.901932 166.882004
v -4.479234 -19.261532 29.545023
v -9.113740 -11.569588 145.436264
v -14.093962 -10.357841 85.898598
v -4.859051 -53.303787 151.023254
v -5.393635 6.896439 115.712715
v -3.237755 -15.572304 134.378082
v -7.814285 -15.932029 8.710882
v -0.956944 10.092567 81.583145
v -8.218691 -11.293625 124.396797
v -4.199481 -3.321548 154.659897
v -2.196337 -2.966637 133.053848
v -5.596411 -20.574242 118.390419
v -6.880365 -53.224945 151.016541
v -6.957448 -12.048321 74.134506
v -3.887871 9.620575 78.966751
v -6.997597 -3.310753 109.727364
v 5.975626 -9.143959 124.647179
v 4.850029 -20.881306 85.083969
v -5.034643 -7.555641 142.901993
v -13.992082 -6.788364 86.660263
v 6.892141 -7.630356 119.720818
v -3.836044 -54.114151 148.366470
v 1.248388 -23.535957 84.178520
v 1.819483 0.469269 83.060257
v -7.487312 0.798904 122.620834
v -4.927845 -2.663689 151.194626
v -14.098402 -5.759541 84.831673
v 6.784587 -9.530487 152.034882
v 8.605100 -13.734169 158.687515
v 1.339466 -23.880604 82.171631
v -11.027958 0.253250 79.996910
v 6.249790 -7.409065 154.376785
v -0.163605 5.518658 81.667625
v -1.582878 -24.300114 84.357414
v 6.865003 -10.330788 143.358261
v 13.310627 -12.445954 0.089919
v -11.324142 -6.847778 154.465256
v -3.584110 -51.388695 149.123215
v -1.146029 -24.852428 84.427521
v 6.409158 -14.529480 140.950592
v -2.902635 10.735497 72.132889
v 7.592049 -13.127419 139.773239
v 0.729098 -3.444122 152.243347
v -5.870193 -60.256462 155.128693
v -0.664924 16.554001 72.013710
v -2.486788 -44.821854 114.800133
v -7.211439 -5.015305 158.760727
v 0.394466 16.438320 69.890579
v -4.871979 -54.523819 140.943878
v -10.291177 -2.918228 72.803177
v -3.853562 -4.453453 160.708984
v 7.563807 -15.350164 5.666125
v 8.155729 -7.129860 151.556717
v 2.430351 -10.908989 135.265762
v -7.900600 -18.454147 155.921478
v -5.814152 -40.563499 119.092941
v -0.886106 -34.600937 116.183990
v 0.521816 -8.681454 46.413528
v 6.456916 -17.432505 27.874996
v -3.294315 2.159279 129.448730
v -8.553147 3.096962 111.403915
v -0.027928 2.670898 117.891434
v -2.521023 -38.092247 118.959572
v 2.643962 14.441021 67.807602
v 7.787107 -12.447426 140.603592
v -5.299116 -36.157242 111.238342
v 1.632817 0.823174 122.653458
v -8.257122 -15.106110 123.506096
v -11.503992 -6.936939 73.461617
v -5.557203 -14.918915 165.179825
v 6.442547 -44.536293 18.907295
v -2.154272 20.157339 0.547842
v 0.567793 9.305721 73.624168
v 1.323300 -1.251942 72.272125
v -6.880504 -1.922386 121.555130
v 4.820279 20.487076 66.134941
v -0.286615 -42.373569 23.076870
v -3.837613 -16.585497 8.888227
v -2.547152 -17.504692 146.294983
v 7.752964 -10.664780 139.838333
v 8.576496 -12.705170 147.324585
v 3.526894 12.021824 72.023468
v -9.193199 -9.843330 104.055092
v -5.183110 -3.014977 158.564102
v 5.888730 19.493135 65.944664
v 7.417378 -13.691383 146.495697
v 7.129634 -17.923363 152.058990
v 9.533907 14.846577 70.310745
v 0.722445 7.094223 75.869186
v 4.227515 19.746485 64.428070
v 0.566574 -17.197384 5.971373
v -6.678386 4.920349 120.675552
v -0.009770 -14.040192 165.851318
v 5.374398 -15.842909 42.239323
v 5.450282 11.959576 74.317619
v -13.480161 -6.071568 78.098709
v 8.994547 -10.128876 156.877151
v 7.826614 -13.539886 161.395966
v -2.182238 10.258339 62.343864
v -7.549552 -17.011490 22.974293
v 3.747244 8.015446 69.555077
v 8.684460 -14.375809 154.750763
v -10.229813 -15.108604 157.688416
v 6.741815 -9.960655 162.242844
v 7.307926 -13.281548 153.770447
v -12.046811 -10.911331 153.774429
v -0.788752 -23.939762 87.465240
v 3.196081 8.688366 72.409340
v -3.073778 -40.344437 118.340042
v -5.269932 -24.533714 76.116341
v -8.430515 -41.753578 118.483856
v -1.833997 -18.652916 145.053207
v 1.669253 12.112770 70.492676
v 4.604499 -1.998886 118.651611
v 5.118113 -6.249619 149.640564
v -7.385345 -54.068153 154.311722
v -4.223219 -29.079094 126.119812
v 5.853515 -7.550392 150.525772
v -6.958261 9.317913 98.105103
v 8.364357 -9.900192 100.061295
v 7.870234 -16.485428 159.031052
v -3.923218 -48.018074 150.621231
v -4.379399 9.640289 63.218369
v -3.608355 -10.262978 60.345478
v -3.987617 6.950989 78.776909
v -5.604233 -40.905220 109.269058
v -0.928774 -33.545979 5.438340
v -6.138744 -50.958603 138.959747
v 0.623072 -22.407578 121.653519
v -5.473080 -9.548758 26.238049
v 4.143206 16.713623 73.827835
v 8.663152 -18.113480 151.002869
v -6.804665 -49.565536 150.875504
v -3.852350 8.558327 107.249390
v -1.577156 -24.091499 75.331078
v 0.923899 -26.362936 23.513197
v 2.741805 17.091736 73.616173
v -0.402994 -18.505157 148.001862
v 8.600045 -15.376450 152.429047
v -10.481385 -15.699837 160.374710
v -2.603405 -47.642296 148.143280
v 3.283291 15.297527 74.657150
v 6.663323 -18.761452 40.145573
v 6.321608 -17.221436 155.906067
v 0.016201 -6.635445 163.319687
v -0.326284 -3.646484 149.719513
v 3.825640 -1.285553 117.051178
v 1.417240 -29.310783 30.248142
v -6.629666 -16.262444 146.524292
v -6.423805 -31.766685 114.726143
v 7.223530 -5.284637 86.653381
v -0.886086 4.852615 121.344589
v 10.104075 -8.494524 1.981627
v 1.772531 -1.933060 74.664291
v 5.094563 -14.312881 162.133331
v 3.274484 -3.320763 160.744034
v -2.387902 10.170609 79.480583
v 7.747301 -16.983124 112.260864
v -1.734451 7.531189 102.408852
v 5.222666 -19.678261 89.743622
v -6.210451 -19.893745 114.795280
v 5.417204 10.545834 71.875298
v -1.822572 6.179649 115.786934
v -11.530305 -2.868378 87.751671
v 2.395017 -1.262367 157.241348
v 6.093444 -12.187439 53.597492
v 1.161754 -15.823120 165.063873
v -5.694206 -18.565231 167.398102
v -8.521665 -13.748589 69.035439
v 0.096042 -15.660263 133.556503
v -9.035243 5.245026 102.072243
v -1.224540 4.023178 111.341850
v -2.724791 8.164185 66.876480
v -6.804253 -60.605682 155.591614
v -3.003692 -12.810738 166.284241
v -2.680359 -35.730083 6.267491
v 3.352341 -9.788784 74.597412
v -6.899666 -52.188232 151.325150
v -5.442453 -16.905487 167.740967
v -3.893466 -0.468056 120.953926
v 6.406676 -5.275768 86.606857
v -3.671867 -42.569984 150.696960
v -5.653969 -55.115639 157.112457
v -5.788197 -10.133049 164.693787
v 4.022277 -16.440338 130.288971
v -8.106810 8.453995 102.164261
v -12.092710 -21.523830 83.533272
v -0.385155 -19.830963 160.716263
v -9.050173 -8.259553 4.095871
v 6.727447 -8.745949 146.858078
v 0.878287 -2.824425 50.840752
v 4.533644 -2.701061 84.942108
v -3.880646 -8.355122 8.894732
v 8.726749 -3.473106 45.850250
v -5.399284 -7.027664 145.129822
v -6.821810 -49.435936 155.687607
v 0.865313 11.860569 66.958199
v 1.289409 9.888203 69.961578
v -6.228619 -50.488258 155.132416
v -0.310602 -0.760124 121.217163
v 4.622149 -22.805603 24.107435
v 13.256689 -10.960865 3.371318
v -1.621833 -23.423622 90.027489
v 7.184870 -10.432312 149.528870
v 0.900581 -0.724625 154.142685
v 7.675999 -9.662804 55.899330
v -3.171025 -0.771576 120.789627
v -5.935150 -21.219215 106.271393
v 8.601470 -14.672295 149.494812
v 2.514021 -13.522259 60.137558
v -8.493095 -22.455345 94.344185
v 3.433892 -3.573753 153.372482
v 2.154568 -15.689629 162.858200
v -0.939713 10.089706 69.523308
v -0.274611 -33.603519 7.658852
v -3.004637 -3.167068 150.066696
v -2.456185 0.656784 101.851135
v 6.592691 -40.858524 20.413305
v 3.475741 -13.967934 48.899151
v 4.321614 -21.464142 111.655746
v -2.249194 10.314686 68.419777
v 8.754868 -4.314194 151.195755
v 1.508875 -2.522453 160.154510
v -7.386259 -53.727768 147.267746
v -0.994374 -4.001793 150.820953
v 4.785349 -34.562370 1.548860
v 6.468795 -5.734413 160.535355
v -7.835619 -11.248154 129.706177
v 3.312458 -34.247440 0.421809
v -13.698514 -14.590157 88.244789
v 2.766975 -0.084137 123.961777
v 7.441044 -18.135696 112.300316
v 1.120170 10.369770 80.642128
v -7.895683 -60.783173 153.736801
v -6.730561 0.634972 118.988991
v 3.569457 -19.639235 38.875576
v 7.774767 -6.900032 157.688400
v 3.804922 -22.542313 88.376747
v -5.051222 -22.718994 121.806442
v 8.423711 -11.505356 148.299149
v -3.306157 -17.940807 5.032787
v -6.288359 -21.531670 122.889763
v -1.682382 -17.423058 145.890396
v -0.305322 13.941555 68.601791
v -7.595145 -16.793808 114.597862
v 6.374595 13.048058 72.575775
v 5.002837 -1.859383 57.203072
v 1.370932 12.207958 69.498840
v -1.645260 6.290512 72.944382
v 6.917725 -3.664742 156.304459
v 5.614149 -16.443832 147.430603
v -11.782943 -12.831779 153.941650
v 0.880251 11.292355 80.714798
v -5.141657 -51.983231 156.804123
v 2.902919 -0.465103 111.810089
v 2.889788 -35.935635 -0.430405
v -2.524912 -8.123779 136.429871
v -7.632091 -16.674660 117.939537
v 5.063992 11.750191 78.192802
v -2.830616 8.630432 75.810745
v -3.713037 -11.626198 51.720905
v -4.681908 -54.625397 151.651794
v 6.591689 12.288113 76.085785
v -1.299225 -50.582726 143.117401
v 1.675243 -23.855137 83.698723
v 5.785168 -35.158897 3.745925
v -1.559584 -18.170158 150.282806
v 0.495708 -36.100807 20.667755
v -5.890404 -56.793556 156.480545
v -2.024420 -2.690346 148.981277
v 5.634319 -40.029198 4.612989
v 7.463090 -7.987051 1.345254
v 3.298605 -17.846977 3.078074
v -1.337602 -3.714745 145.167984
v -11.121995 -1.394398 76.553535
v -2.414678 -17.646629 148.314026
v -3.071884 -3.330368 146.982407
v -8.219778 -8.868597 7.956409
v -3.652103 -36.769043 111.049591
v 4.495492 8.588623 69.565086
v -8.519239 3.655075 104.792732
v 5.898602 -13.600372 79.870193
v 3.554937 -21.806999 82.054008
v -2.547503 -47.476803 19.321573
v -10.445683 -10.301037 74.475510
v 12.272284 -9.511267 2.732130
v 9.064047 -15.627682 41.844883
v 6.812756 -42.074680 11.535936
v -4.163013 -55.633125 149.273148
v -7.877655 -2.345230 124.000252
v -0.897564 -18.723511 150.711487
v -6.779220 -23.660088 88.978752
v -13.041208 -7.633778 76.540222
v -4.995483 -57.151184 149.934052
v 11.103482 -12.193977 36.625206
v -7.474158 -21.421932 67.058449
v 9.462426 -16.526424 31.315845
v -4.617218 -50.443588 151.434845
v -2.578148 -55.527901 143.511887
v -8.739506 -19.618969 68.153969
v 8.910645 -7.333931 149.243591
v 8.214166 -12.895950 97.362625
v -4.384295 -49.866150 158.706589
v -0.910849 -5.190407 145.120819
v 4.868562 -7.723755 78.771065
v 8.630691 -7.541954 149.468613
v -10.544580 -18.912655 72.305817
v -5.211561 -46.536064 136.172760
v 8.553181 -10.286850 149.462479
v 7.348013 -14.418709 45.237606
v -8.198383 -17.092224 166.419937
v -2.796150 -45.785133 148.945236
v -1.282253 -20.142303 149.944122
v 5.843815 -37.724178 21.042009
v 0.664600 -21.994318 28.797071
v -4.510332 -48.922783 156.531235
v 7.843668 -10.201271 158.793518
v -4.108637 10.485409 62.457470
v 1.651263 -16.718161 30.849751
v -9.002338 -44.320663 116.189041
v -12.858476 -12.590435 77.843918
v 6.393209 -10.341743 142.613358
v 8.079528 -10.894470 159.060181
v 4.556759 -40.973503 22.864586
v -1.191540 -51.742722 139.503296
v -5.731987 -58.514420 152.084763
v -6.002810 -14.108124 165.514542
v -4.203398 1.353153 83.012276
v 7.631629 -4.142914 99.299065
v -7.256212 -36.168678 120.017418
v 11.467281 -10.662453 43.171307
v 3.276387 -19.512924 154.613480
v 3.674776 -22.390388 90.353546
v 2.705124 -18.780373 154.825790
v -7.150078 -55.631927 149.691483
v -4.167052 -16.974213 166.094986
v 3.028207 -2.668633 130.569031
v -8.028595 -57.983444 152.549713
v 2.590555 -12.853601 33.978825
v 4.596552 -3.404964 82.253853
v 3.809950 -17.507294 152.122314
v 0.963393 -18.262253 161.861435
v 2.168265 -11.243193 38.680859
v 5.262074 9.631969 71.585777
v -3.385191 -48.658585 141.047791
v -5.338927 -13.698483 47.584675
v -4.192625 -48.007378 158.622833
v -5.437510 -20.887939 110.359871
v 3.502319 -34.158821 28.116180
v 3.978389 -12.798679 53.662075
v 0.000968 -19.339111 151.036301
v -1.457521 4.614426 98.713425
v -2.814287 10.109425 81.035034
v 2.354942 -11.145409 64.242424
v -0.709862 -0.376526 131.858521
v -5.525867 -39.570007 118.622620
v 2.219957 9.356495 67.993378
v 6.350311 -8.739349 34.408306
v -2.997356 -36.920834 10.579135
v -3.219372 -49.108032 139.276672
v -3.166695 -40.297989 17.899963
v 7.406559 -15.652000 154.738876
v 3.647129 -18.161850 147.717987
v -7.656948 -18.160408 108.867287
v -3.735748 -13.778076 138.224228
v -5.769514 -49.265335 139.627380
v -7.842044 -33.291382 115.352493
v 1.217182 -2.717529 160.760361
v 5.130416 -16.772903 149.656113
v -6.986326 -51.703560 132.787247
v -7.357979 -50.939270 157.497009
v -10.852282 -11.198073 0.060291
v -5.074926 -46.982147 147.585236
v -5.222629 2.727951 127.851585
v -7.766167 -6.188217 119.218269
v -0.517623 -16.882521 18.368494
v -10.960713 -11.156399 5.445549
v -0.541424 -43.232864 149.200806
v 7.396687 -6.439224 148.838440
v 4.450669 12.595573 78.671722
v 2.072458 -33.635933 17.054123
v -3.803670 -16.421047 8.654632
v -5.045333 -3.957123 151.187286
v -11.932038 -18.575844 89.975998
v -10.284933 -5.485992 155.370117
v -5.901831 4.895119 122.313797
v 3.430797 20.246277 68.112579
v 0.129826 -10.444184 8.134639
v -1.618408 -40.397659 112.246658
v 2.260368 -20.460323 69.881691
v -1.205473 -41.851326 22.620045
v 2.957174 10.139126 74.513229
v 5.831643 -5.573326 85.822395
v -3.781489 -11.543594 59.979282
v -8.217749 -1.473869 99.177055
v 0.555367 -4.930069 144.801147
v -10.625278 -1.061192 88.899139
v -7.263007 -22.356255 125.939949
v -6.860357 -10.924015 69.490608
v 2.642147 -10.047737 132.543121
v -5.183792 -14.460991 134.020218
v 3.554161 -13.969807 43.709976
v -2.245359 -21.813812 120.061920
v -5.514468 -21.021530 159.677658
v -7.507456 -34.228172 113.737625
v 0.108677 -30.345779 123.142487
v 2.101908 1.624771 125.732368
v -9.585532 -11.585396 8.690956
v -7.231507 -18.386414 130.989731
v -3.173237 -22.231544 55.527729
v -0.838615 -44.796089 147.919846
v -7.192647 0.559624 128.128326
v 1.948355 -8.446831 137.887512
v -1.383055 -24.188293 130.386108
v 8.074390 -11.766991 154.039063
v 8.604206 -5.738815 151.112488
v 9.697750 -24.978479 28.133383
v 7.240198 -32.843781 27.975040
v -8.131958 -43.993706 112.782387
v -7.621038 -18.533691 162.690948
v 0.705791 -20.291756 157.786911
v 4.655806 -43.215652 22.600571
v 7.630713 -15.691338 115.332794
v -14.421268 -15.396885 85.424309
v -2.770723 -45.295044 144.597275
v -8.940377 -17.106806 4.086874
v 3.673660 -40.461189 23.131582
v -8.158188 -12.460442 73.065514
v -10.747818 -0.050259 84.097458
v 4.877628 19.398079 70.297447
v -7.916606 -17.831612 162.268204
v 3.897968 -21.783375 85.944160
v -3.708817 -20.921852 132.423325
v 10.685837 -6.177750 40.309845
v 4.170035 14.429901 68.727875
v -5.988701 -58.942039 154.615692
v -1.184891 -29.781189 125.209793
v 1.755885 -14.630524 135.282837
v 1.520240 -10.564137 71.446533
v -6.574486 -54.363197 156.030121
v 0.575506 -22.508652 63.453201
v 5.516556 13.928364 72.385902
v 3.393050 -10.540569 64.223221
v 4.346664 12.803627 68.701576
v 0.802238 -22.905365 75.080437
v 5.382784 -12.313835 137.238281
v -7.863051 -22.904259 72.449791
v -1.013382 -7.226845 139.955521
v -8.203591 -15.020805 163.971695
v -1.458883 6.409481 79.074959
v -5.263943 -53.150986 160.215927
v -4.917245 -2.661484 152.060440
v 2.476254 8.515125 79.195251
v 9.046222 -22.375393 34.496254
v 2.274028 -0.868813 80.982605
v -5.589674 -47.559258 154.107117
v 2.204383 13.608913 78.305595
v -2.200022 -37.059261 3.095919
v -3.152034 -21.070755 151.876526
v -2.639395 -37.790462 4.219049
v -6.011274 -49.517685 160.132782
v 3.311934 -6.029251 40.305763
v -10.146564 -15.954781 150.159851
v 5.577031 -10.165104 81.033371
v -7.056675 -55.098717 150.669174
v -6.520544 -52.925659 155.267746
v -1.760210 -21.534477 154.239441
v 1.907503 14.304493 77.656281
v -0.427137 -9.858480 29.393154
v 3.620470 -15.438354 44.143417
v 5.773566 17.467850 71.852585
v 3.500296 -15.852612 41.117088
v -3.324799 -55.244774 141.103455
v 5.828810 -7.581108 145.015564
v -1.580017 -0.379555 115.284424
v -6.965725 -50.499802 152.979309
v -8.658703 -19.424644 164.820816
v -8.186462 -17.197662 127.289795
v -10.555289 -11.251020 6.807301
v -3.675649 -24.628529 80.605408
v 5.618473 17.968042 65.570824
v 2.862043 -17.526424 67.501762
v 3.165313 -8.487392 70.236237
v -15.093555 -15.531429 82.698715
v 2.068888 -24.429680 123.548950
v -7.466173 7.567276 93.226349
v -3.640114 6.510757 117.733856
v 9.624763 -4.845097 47.378490
v -7.472600 -16.845802 166.815231
v 6.058320 -18.201202 159.725998
v 6.513239 -11.309128 55.460297
v -5.696232 9.738483 99.148224
v 4.953847 -2.955963 121.153198
v 11.174073 -15.252815 1.480485
v 10.147901 -8.598441 3.574190
v 5.560473 -16.972763 125.282730
v -9.103725 -15.697230 9.349930
v -11.304941 -9.653809 96.288773
v -5.346400 -20.868729 159.071472
v -11.863548 -17.712765 74.346588
v -10.995853 -2.661228 88.760307
v 5.392220 11.278866 70.281296
v 5.915115 -3.937140 40.684624
v 0.944765 -22.214512 67.058388
v 0.339994 10.380100 68.190674
v 2.338545 19.581644 66.098122
v 7.482789 -8.205915 4.823361
v 6.470301 -2.046333 104.512558
v 5.460983 12.421410 70.013290
v -0.145342 6.092487 79.350853
v 1.316151 -11.974888 61.130688
v 5.367163 -0.982788 100.619850
v -0.833854 -12.041912 67.595230
v -1.504357 6.826435 77.756325
v -0.801555 6.795715 70.331863
v 5.589444 11.781754 71.419029
v -8.993767 -10.756355 162.480652
v 8.199548 14.007599 68.677483
v -7.321448 -3.839478 119.505173
v 2.789669 -19.426586 72.853348
v -1.874560 -11.130665 56.197956
v -2.033038 -20.333298 148.884415
v 8.814323 -23.421682 26.021805
v 0.356310 0.235100 121.013771
v -5.029904 -16.829712 145.266464
v 5.934762 12.540588 71.660721
v -9.613176 -9.126615 0.050027
v -7.697325 -51.362053 135.079620
v -5.236051 4.805870 88.323975
v 0.157244 6.282421 67.815704
v 4.049079 -2.331230 126.983894
v -7.262826 -22.311882 128.124832
v -4.143391 -15.224740 0.045452
v 5.629883 11.137577 75.306343
v -10.174543 -22.337456 87.350075
v 8.392895 -9.967018 104.967293
v -9.119822 -41.792267 115.857773
v -10.462505 -22.143921 90.276581
v -3.357664 -17.765110 0.076810
v 5.095498 -18.814697 125.492348
v -4.631609 -47.553978 149.850082
v 4.280290 -4.714806 161.881500
v 7.324791 -16.901941 1.339513
v -0.413488 -12.023529 75.065720
v -3.184103 -38.637070 118.903023
v -5.495761 -18.562187 48.019310
v -5.354353 -3.620758 158.504288
v 2.883712 -7.136612 139.473953
v -8.503728 -15.172854 21.220762
v 8.654142 -16.863792 150.366013
v 0.098576 6.355312 78.375877
v 3.251732 -17.643320 4.042607
v -4.400654 -38.843353 119.046448
v 5.271495 -20.760910 114.587311
v -14.045450 -4.576332 82.350525
v -0.535175 -37.439747 23.686560
v 7.248452 -10.791275 138.766464
v 3.695837 -9.678707 65.823883
v -0.821337 -7.912064 135.970551
v 1.413833 7.776646 72.018333
v 6.756965 13.092289 71.010559
v -6.067730 -2.741104 155.924042
v 0.310681 16.972027 73.964233
v 3.227526 -23.363419 92.670776
v -2.758914 -2.933891 150.956268
v -2.474305 -20.897301 159.768021
v 2.940413 -24.077496 88.748642
v -2.834011 -18.286423 146.682434
v 0.703608 15.417931 69.004868
v 6.541916 -29.421860 20.340357
v -6.658261 -15.548431 165.191284
v -1.198387 -31.765488 115.724449
v -6.418456 -18.720467 150.103073
v 6.803579 -38.038963 14.597644
v -3.344980 1.013672 94.728905
v -3.765343 -11.555714 62.421555
v -1.429212 -9.584276 9.082403
v -8.170348 -16.371750 164.854202
v 6.153749 -7.647812 146.147995
v -0.796170 -17.855232 145.042191
v 8.638350 -10.290466 146.957306
v -6.584143 -52.094589 138.947922
v 5.112077 -6.424591 145.461899
v -8.055979 -5.403526 128.490341
v 8.070263 14.653019 73.694069
v 2.623108 -5.003189 149.652771
v -2.884650 -18.809334 148.518921
v 5.837257 -2.773880 116.468033
v 5.761827 -6.887115 147.296448
v -0.249598 0.753834 78.902908
v 1.914325 -11.677223 37.161427
v -8.793650 -3.733242 69.695412
v 2.980171 -0.975323 83.638374
v 5.073412 -16.192314 145.503220
v -2.246101 -45.464611 20.799807
v 2.820519 -1.045975 54.239185
v 0.079434 -10.307182 42.175747
v -9.008059 -2.028259 71.457207
v 1.984336 -21.201164 131.248474
v -10.542116 -1.290104 75.102913
v -1.793100 -43.158051 151.447968
v -5.723604 -0.957352 121.697754
v -3.752466 -3.343925 155.631027
v 3.147985 -0.373913 86.880402
v 2.716627 -19.066681 131.402298
v 3.662695 -16.257248 74.644569
v -7.673351 2.111603 122.416344
v 7.838655 -11.582405 150.949112
v -0.586471 2.069016 129.270432
v -4.669958 0.471107 71.063454
v 8.598379 -14.799400 150.803955
v -1.098545 10.035889 78.883194
v -2.550418 -9.501709 56.540497
v 8.919409 -12.572357 150.742569
v -3.049039 -20.385681 149.868073
v -6.162828 -12.844246 133.321091
v -1.739634 -19.790070 146.554901
v -5.305856 -20.063232 162.111267
v -0.336517 -47.889046 145.644104
v 1.405664 -15.132957 138.456131
v 1.335805 -13.059635 73.009964
v -3.540636 -17.169006 165.337448
v -7.886524 -18.987526 152.811890
v 5.326001 15.070274 73.080711
v -4.942403 -20.534470 132.303497
v -5.782216 -7.840871 1.066397
v -1.719004 -41.361420 149.871841
v 3.092659 -5.646782 162.053940
v 6.757207 -3.684692 114.022987
v -7.961548 -59.173988 154.761459
v -5.178984 0.199898 130.874008
v -8.510208 -15.704880 106.853287
v -2.991643 6.647198 79.090157
v 1.136119 7.336170 67.614296
v -6.061928 -55.640991 150.181015
v 4.384482 9.268017 71.404839
v -1.050878 1.027946 117.374504
v -3.811232 -44.537468 149.354584
v -3.677378 -40.365181 11.109312
v 3.763654 -7.318584 69.098106
v 8.338769 -6.620558 36.676430
v -1.395971 -45.436569 120.684586
v -5.338326 -1.635056 112.971169
v -11.313210 -14.576614 153.641800
v -3.878381 -20.848701 164.645477
v -7.324264 -29.198997 123.889664
v -8.021646 -49.480202 135.775421
v -10.065392 -6.168602 152.319397
v -13.897860 -15.623779 88.952232
v -4.162684 -20.513275 166.256149
v 5.149178 -10.944405 127.967682
v 7.652656 -18.537132 100.811729
v -3.387812 -28.337471 116.653954
v -8.745676 -6.086113 151.594055
v -7.344488 -53.012306 160.005341
v 5.974735 -38.546665 4.680992
v 13.557783 -12.469781 2.709056
v -5.669138 -1.879562 117.631577
v -6.584442 -43.824829 111.017601
v -7.586489 -51.998436 160.221634
v -10.470778 -8.650200 150.983734
v -3.850916 -21.258526 51.219143
v -1.090530 -34.724133 2.528664
v 13.202740 -10.985915 1.564633
v 5.780680 -35.809006 3.304120
v 5.083914 -19.041512 155.931870
v -1.350023 -35.769753 21.643476
v 8.915640 -5.534409 150.664673
v -11.739381 -9.310753 154.713531
v -4.742906 -17.244402 8.909400
v 3.780582 -33.105350 5.055348
v -4.924084 -20.494698 167.194443
v 1.198980 -3.320511 156.445160
v 5.049299 -12.844765 162.630081
v -2.510790 3.419807 104.579842
v -6.465003 -8.809219 8.740168
v 2.583700 -15.146072 70.728310
v 1.809023 -3.364807 157.227661
v 5.382767 -47.266788 18.220966
v -9.032628 -16.024750 67.929871
v -4.080816 0.450867 101.122887
v -2.220948 2.166428 111.630928
v 6.342644 -44.961758 16.924089
v -0.289315 15.917233 75.295219
v -5.694296 -12.560951 59.299141
v -4.492819 -0.564049 108.016800
v -7.964247 7.399750 108.714989
v 5.794979 -15.493515 145.138489
v -2.437088 -41.676933 119.496262
v 6.381042 -15.002113 146.001480
v -5.912194 -11.967731 70.720871
v 4.645024 -3.815979 151.194565
v 1.491722 -46.824493 21.560625
v -4.705921 -21.366592 165.163528
v -2.504351 -43.153862 148.195496
v -5.750500 -21.268471 165.263290
v -1.284691 -46.135513 143.838974
v 3.357565 -10.500969 137.289658
v -6.439537 -56.735535 146.230621
v -8.839713 -16.849539 0.003318
v 4.417665 -3.110352 65.114632
v -1.378830 -37.672447 117.736641
v -1.776835 -20.631256 162.669876
v -0.643086 -7.216591 135.820557
v -7.613491 -6.043373 116.795120
v -6.717110 -12.684517 64.092873
v 7.253742 -16.707170 0.011029
v 7.816687 -36.946850 19.688480
v 2.845950 -12.369408 137.060425
v -1.331401 6.325714 101.349831
v 2.022567 -18.779459 37.692734
v -8.318119 -59.329910 153.014862
v 0.165890 -27.830627 119.547195
v 9.776484 -19.252455 35.865440
v 4.608942 -33.444317 2.766020
v -0.032162 -22.117081 121.444435
v 6.199827 -43.974991 20.725319
v 7.838643 -10.670914 150.001419
v -12.251778 -10.156578 152.148224
v 1.589259 5.182720 80.716393
v -2.114444 -17.965439 18.156290
v 1.677656 -17.451254 30.956760
v 8.886899 -11.046722 151.180023
v -3.938300 -24.032402 130.358948
v -15.015907 -15.322338 79.616539
v 0.081711 7.987450 72.407509
v 6.683046 -2.505066 46.097149
v -1.613611 -10.707649 49.402718
v 2.230557 -1.696953 155.502365
v 1.289037 -17.448351 30.826887
v -4.787610 -9.066816 24.255564
v 7.028214 -2.918007 98.316437
v -6.802599 -16.163107 8.738237
v -0.578233 -7.760414 0.584698
v 7.372771 -12.520760 154.073181
v -1.233255 -40.140823 22.171923
v 6.735193 -3.777260 157.402542
v -4.366853 -10.315918 35.820091
v -2.716659 -15.449234 136.494629
v 8.909300 -8.655815 154.057175
v -2.098648 -49.762291 139.867386
v -6.078205 1.346149 81.798172
v -3.782429 -55.500923 147.477585
v 6.041413 -6.725143 62.716515
v -4.081962 -22.006241 121.656059
v -2.035965 -49.843681 140.156876
v 2.779706 -4.589737 151.187225
v 3.181380 -4.617817 71.039085
v 0.557680 -19.164398 34.525589
v -4.098381 10.450176 92.001976
v 0.681530 -3.293358 157.257553
v -5.094400 -12.296873 42.588356
v 1.126469 -19.040253 149.918823
v -0.594426 11.523907 80.300377
v 8.599504 -6.793503 153.623260
v -11.159204 -7.395798 154.694427
v 1.001271 -19.129883 33.683170
v -1.508827 -51.550301 141.076691
v 6.094296 -9.982079 137.703964
v -2.348754 0.577454 71.178413
v 7.766629 -16.178001 157.763367
v 7.053598 -13.353363 153.962662
v 1.800132 0.628036 93.061150
v -7.504171 -18.750671 121.862793
v -5.538577 -23.821030 93.813835
v 3.390384 0.075745 92.945366
v 10.075981 -7.558599 37.153584
v -12.544662 -4.984718 89.347748
v -3.013377 -21.987701 109.550308
v -5.623703 -56.022911 143.183990
v 1.103107 -0.535400 155.469330
v 6.778297 -14.414063 156.528809
v -8.479479 -4.037071 103.650917
v -7.629616 -17.529724 2.548189
v 11.215939 -8.777184 44.908386
v -2.679281 -33.884384 113.042671
v -7.885721 -19.046677 124.717743
v 4.890767 11.354221 71.571838
v 2.267974 -16.539791 30.621012
v -9.517216 -19.897133 98.098900
v -0.565435 -37.081093 19.279682
v -11.154116 -21.501274 77.787308
v 6.740348 -19.098022 114.926300
v -8.672986 -18.418922 103.766121
v 1.359220 -12.245075 59.445965
v 7.385362 -16.618561 148.904648
v 0.962857 1.836723 128.598526
v 3.090148 9.020763 76.227737
v 1.277983 -2.747208 156.295700
v -1.251410 3.831512 126.140808
v -7.252785 -57.044792 159.676102
v 4.306043 -17.952133 160.306641
v 7.059923 -19.200829 92.020935
v 6.317327 -40.026520 20.728104
v 4.926672 -33.737156 5.045837
v -7.842838 -56.153114 158.943176
v -7.211612 -4.220436 153.298538
v 5.451801 -39.263901 24.175476
v -10.236375 -16.201458 71.115791
v 3.584202 -21.027229 129.088638
v 2.452390 -12.196190 135.498459
v -6.091752 -24.148979 83.608612
v -13.804049 -7.442116 85.484390
v 1.004747 -35.822514 15.123014
v 4.879128 -20.496597 86.015022
v 6.068337 -15.150551 148.390717
v 0.082291 -23.050873 90.942001
v 1.781596 -1.557449 158.100266
v 7.440465 -16.849274 154.307648
v 1.446803 -7.663923 5.941313
v 0.800185 -18.083061 160.461548
v 4.848523 -3.277603 159.151642
v -13.854376 -4.935287 77.591606
v 0.728057 -21.267113 154.613388
v 0.503160 -11.429321 74.411453
v 8.598106 -17.074944 151.040680
v 5.807869 -10.359997 6.443048
v 4.717367 -36.467674 14.765619
v 8.599374 -12.849800 150.991394
v -3.804172 -19.765724 166.988419
v 4.405951 -14.277609 44.771889
v 7.417769 -17.934685 152.967545
v 1.881411 -34.549126 18.259449
v -7.829594 1.311646 84.641403
v 3.909974 -13.841301 75.812981
v 3.298816 -12.907337 53.206978
v 2.084953 -22.832211 81.923355
v -8.484832 5.689331 97.927956
v 8.159535 -15.696075 151.941345
v -3.755396 -19.614174 165.724503
v -9.052618 -16.112938 162.739838
v 0.452555 -7.862411 137.968903
v 3.606627 -13.560650 74.765083
v 4.771797 -24.536726 35.440689
v -2.203512 7.768394 105.392937
v -4.468786 -48.036057 151.641647
v -3.806167 1.022079 85.965347
v -2.798031 -19.047768 150.987534
v 3.649750 -8.493546 6.452901
v -7.448734 -16.008293 165.951126
v -2.857933 -19.608147 164.987457
v 6.155309 -8.077148 162.345367
v 5.001547 -17.954559 159.929794
v -13.567481 -16.573956 77.789497
v -7.571696 -20.392479 166.590271
v 5.595864 -21.300850 105.198112
v -9.490221 -11.793972 76.007988
v -5.467949 -53.913651 141.373993
v -10.486372 -13.695251 161.273804
v -5.277232 -8.307892 163.650696
v 2.365732 -2.385796 70.835945
v 7.231398 -39.319504 9.208355
v -10.569004 -16.292183 152.291595
v 7.090494 -41.313210 15.722090
v 6.413800 -3.657700 158.521881
v -9.405942 -17.762253 152.977661
v -0.144545 -24.266273 92.791016
v -10.789078 -19.875931 91.422882
v 3.364405 17.811811 64.351036
v -0.635124 -24.183777 89.101990
v -2.103695 -36.176373 11.864830
v -9.709661 -14.976754 7.775202
v 7.623752 -7.655083 158.387344
v -6.464186 1.253159 112.361343
v -10.572772 -13.911242 6.813775
v 5.427748 -17.360977 3.799129
v -1.466723 -1.322124 59.835033
v -6.068093 6.610138 116.216759
v 9.962525 -20.132471 31.762556
v 0.595006 5.673401 80.264252
v -5.529167 -51.368408 140.576996
v -0.106739 -4.201889 149.030197
v 4.456782 17.454046 64.847122
v 0.328835 -23.995049 130.151978
v 1.852820 -2.469109 158.936737
v 2.391872 -13.806305 164.124985
v 5.699284 -1.525040 91.355949
v 2.165119 18.140440 65.869720
v -2.767799 -48.823654 148.556396
v -5.689430 -50.196220 151.514572
v -3.879642 -15.057274 165.817551
v 3.198002 -15.899490 6.519205
v -11.135057 -13.954674 150.279312
v 8.258512 -15.344044 42.720684
v 7.280344 15.588036 73.577011
v -5.046529 -12.281067 165.892075
v -2.867249 -4.458145 148.311310
v -6.252784 -20.314682 163.038757
v -8.000023 -37.983315 118.358437
v 7.265566 -20.467403 38.328472
v 0.034300 10.527100 69.248154
v 1.907110 -33.320354 0.775355
v -4.012245 8.831631 69.956879
v 2.757196 -19.760059 63.978931
v 9.541765 -25.602823 30.069710
v -2.294410 -20.068153 151.543976
v 0.059961 12.238312 71.790703
v -0.398642 13.142166 77.076096
v 0.775023 -21.274456 49.322659
v 5.478275 -5.937881 146.849808
v -3.483462 -6.146603 57.728817
v 3.929111 -40.112026 22.559572
v -4.205593 -56.815300 145.675079
v 7.623933 -17.509651 94.522842
v 5.941794 15.325676 72.295776
v -2.221887 -5.491325 147.310959
v 8.226176 -14.648376 150.935898
v 2.235204 -13.363379 33.029522
v -7.208143 -50.442085 149.037201
v 8.599169 -14.266876 152.119370
v 5.322607 -1.694031 112.676880
v -1.371529 -50.841026 138.387665
v -2.377878 -3.757622 151.142838
v 5.888605 -36.117168 18.736465
v 4.373287 -4.095242 81.315598
v 4.992177 -16.406387 79.673203
v 1.621958 -24.460670 128.754135
v -1.736326 -4.796364 151.694244
v -0.646372 13.318512 69.828751
v -5.530233 17.209034 0.225623
v 2.231230 -21.032541 26.427691
v -13.303159 -11.707596 89.932098
v -1.521422 -16.851189 165.460037
v 4.340063 -23.323124 88.412209
v -2.216926 12.295975 70.573570
v 5.383489 13.965897 70.077248
v -13.127268 -14.592644 89.898148
v 6.353446 15.911434 73.022171
v -3.771969 2.794044 103.599487
v -0.423054 -48.286217 144.064590
v 7.412711 -5.224556 149.860962
v 8.911820 13.480743 70.780495
v -3.413662 -3.799171 150.174042
v -1.460346 -51.811813 142.194702
v 1.000442 -1.998032 155.731262
v 7.106687 15.636765 71.870193
v 8.906976 -10.568832 153.498093
v 7.450785 -8.391548 57.819450
v 7.405466 -4.598045 151.171432
v 8.749781 15.816444 69.654968
v -6.274033 -24.546684 89.899155
v -11.547587 -14.444679 95.478195
v -5.074473 -23.648899 88.144409
v 3.246433 -2.093491 156.680984
v 1.072976 0.371864 105.106171
v -0.615227 -2.202576 159.865753
v -2.646542 -24.308189 85.544037
v -2.604204 -19.443466 145.723236
v 0.219715 -32.876823 26.822403
v 2.368031 -2.098648 158.547745
v 2.755106 -18.434334 151.188843
v -4.054706 -24.461544 73.927704
v -7.406914 -43.662682 111.304962
v -8.542198 -43.445961 122.210472
v -7.678640 -19.350281 151.730774
v -1.608950 -42.351997 112.862556
v 6.193063 -7.740883 123.158119
v -3.342591 10.613140 66.758102
v -7.961125 -3.631897 154.944809
v -7.488527 -20.994278 164.578461
v -5.778854 -46.309189 116.011604
v -6.649850 -4.103477 131.638184
v -6.636345 -48.704697 159.335999
v -7.351326 -3.725380 154.252411
v 3.539939 -1.798393 157.158386
v 3.042367 -15.370625 72.957939
v 7.485110 -13.541191 148.807922
v 5.571493 -36.942429 16.803848
v -1.900397 1.208664 92.414452
v -7.664506 -23.846882 76.915398
v 1.463867 -10.644302 73.240967
v -7.762582 3.742317 99.774086
v 3.488815 -21.493469 90.185898
v -1.752441 -20.196823 157.844131
v -0.004718 9.936802 65.716476
v -5.992044 -50.812393 159.999222
v 4.948265 14.374466 72.443909
v -0.223018 -9.506866 164.776535
v 8.058843 -5.519958 101.189049
v -7.799458 -10.202027 18.592979
v -0.841230 -36.432213 17.530592
v -8.972716 -8.818707 70.292976
v -1.614416 -44.434258 116.621239
v -6.946775 -35.515785 112.224205
v -7.494941 1.723427 125.380600
v 6.167018 -8.603554 85.312744
v -1.059347 -46.105553 147.982590
v -7.658421 -12.794888 27.355867
v 7.070112 -37.340179 10.560495
v -6.505019 -5.167442 148.991364
v -2.940273 1.456741 78.216820
v -0.724893 -15.477180 138.417084
v -0.340115 -38.381485 21.335182
v -6.252017 -20.410721 161.514633
v 5.797064 -38.654583 19.728092
v -8.802241 -17.353050 165.300507
v -3.237583 -39.575191 16.527294
v -3.838335 10.603172 84.687057
v -2.811823 -20.711647 156.004715
v 8.913929 -9.526413 149.720016
v -7.908361 -9.497795 162.722366
v -1.997957 -5.084541 146.922012
v -0.013911 -22.117355 113.084427
v -2.061481 -49.352341 140.054855
v 0.489597 -12.351652 8.100055
v -10.216372 -19.816292 92.104729
v 1.933001 -23.874832 122.755714
v -9.433610 -13.577896 147.579605
v -4.057221 -15.962738 166.054886
v -3.184895 -43.039772 110.482582
v 3.222684 -12.320148 7.116791
v -8.709882 -21.019592 91.991486
v 2.327488 -20.740116 63.322716
v -4.630716 -47.851509 142.609253
v -5.472334 -17.981285 167.891678
v 8.597504 -16.910133 152.841858
v 2.260706 17.760271 67.814156
v 0.400443 -5.924965 142.879883
v -4.226960 -21.331154 113.205040
v -4.665264 -18.089577 167.485153
v 8.909735 -15.792030 154.040497
v 7.320639 -9.021179 34.216747
v -13.805676 -17.993458 86.939903
v -3.723754 -18.357567 167.534058
v 7.695614 -11.126633 150.919571
v -5.291707 -19.207726 167.908310
v -3.994545 -48.207779 141.401230
v 2.128438 -13.981110 132.523987
v 6.541431 -14.553474 139.573685
v -0.049773 11.694904 70.178070
v 2.943396 -36.068470 16.394606
v 8.909946 -6.631844 148.767258
v -3.218688 -6.923256 143.207840
v 3.671764 11.122738 72.937340
v 11.250521 -7.849247 39.352249
v 8.616045 -8.598045 153.779648
v 1.480356 12.691525 71.046387
v 4.856336 -15.782425 142.035995
v 2.855035 -22.034981 123.082817
v -4.432947 -21.192131 117.680122
v 11.742588 -9.640329 40.373966
v 11.314054 -15.382637 2.015558
v 3.153566 -16.545433 141.038666
v 0.976677 17.531700 72.285728
v -5.264820 -21.227524 121.583260
v -8.630690 -4.858246 156.577484
v 5.074347 -15.413742 139.434937
v 7.455532 -4.571770 152.147964
v 1.342939 -41.565552 23.546515
v 1.910610 -18.227791 132.214432
v -1.516678 -22.152657 110.810356
v -6.099013 -17.721737 5.260332
v 5.788900 -16.773048 160.551666
v -4.501291 9.575394 101.171806
v -0.669010 -40.688869 22.846472
v 5.956448 -19.002365 157.204239
v 8.596199 -8.664406 152.071381
v 6.753248 -39.301651 6.851657
v -5.544369 -54.817902 141.802765
v -6.673686 20.323656 0.821601
v -0.426317 -25.957672 119.281563
v 4.062593 8.190002 72.419838
v -2.062204 -2.885300 148.082901
v -4.116089 -21.307571 160.164856
v 3.149704 -22.767441 83.767502
v -6.307150 -53.458557 159.823486
v -4.439486 -42.812920 125.570076
v 2.572357 -10.483479 66.547600
v 2.882633 -1.811035 154.412231
v 8.577801 -7.623573 150.841309
v -1.514002 -20.836782 41.875790
v 2.589929 -10.342896 36.850166
v 4.340065 7.482468 70.884544
v 8.155443 -8.234818 151.017838
v 0.866647 -12.890602 70.103027
v -2.355726 -20.835138 42.794537
v 7.390242 -6.176445 115.467033
v 3.655407 7.719276 72.001663
v -2.562021 -8.541855 55.669975
v 6.468075 -15.560314 87.864815
v 2.912921 -1.762848 155.804855
v -5.974121 8.214378 109.329102
v 7.724848 -6.706429 155.045410
v -4.621522 -19.891785 150.752701
v -2.466897 -9.146551 27.202190
v 8.162018 -8.611710 151.906342
v 8.157158 -7.595383 152.370956
v -0.324939 -21.091293 156.062363
v 1.339479 11.411201 70.928284
v -5.407137 -50.090904 159.051239
v -2.469812 -40.436592 117.992500
v 11.289471 -10.313039 4.826548
v -9.751202 -11.143038 9.297189
v -12.238849 -12.240089 151.820892
v 6.840933 -19.805386 87.806763
v -7.140089 0.150978 122.700775
v -1.205402 -10.633133 54.225113
v -3.049398 -0.268402 109.992599
v -8.393712 -13.962822 108.155792
v 0.887129 -8.237724 135.453217
v -6.430201 -39.936569 109.669067
v 1.439453 7.773304 82.259155
v 5.421929 -18.354376 27.001438
v 0.834167 -8.797905 134.973923
v -7.707413 -11.447388 117.424026
v -0.999981 1.868332 115.871086
v -7.919553 -5.713936 108.755951
v 4.364958 -4.373001 127.960518
v -7.722612 -15.529945 115.937744
v 4.834187 -47.250324 19.531633
v 2.453172 -19.913235 48.115322
v 0.200655 -8.386383 134.733688
v -8.119488 -20.134842 163.450592
v -6.032671 -11.607841 70.899155
v 5.041605 8.591846 71.267670
v 2.414707 -20.819546 56.286427
v 2.606411 -48.097057 20.405092
v -6.557493 -17.222725 167.170135
v 3.399181 20.174969 64.997459
v 5.229501 -17.430031 146.392578
v -7.297263 -8.091679 6.643588
v -7.316684 -18.509125 167.598373
v -1.963039 -0.330948 120.350082
v 1.654575 -48.953602 19.898994
v 6.259694 -17.189259 88.295692
v 1.552889 -20.725029 157.157379
v 3.189770 -45.717762 22.122200
v -7.378204 -43.551514 125.587326
v -0.607541 -10.674904 8.585744
v 1.652330 7.216206 82.410660
v 12.163141 -9.632155 3.447856
v -3.956858 20.663437 0.285261
v -1.785623 -0.718201 120.391563
v 4.862154 -2.693321 84.667534
v -8.200562 -40.802452 117.732368
v 3.952260 15.618240 75.246483
v 6.613091 -41.052078 8.253271
v -6.925974 0.875881 74.581291
v 2.592222 0.545593 124.664063
v 0.105278 -38.275478 21.161879
v -5.456690 -47.681969 157.393158
v -0.878347 -8.062798 136.269745
v -6.430588 -40.407654 118.647125
v 4.583710 13.477928 72.531372
v -5.916855 -18.179428 168.103165
v 2.516361 -22.266754 90.541183
v 4.276384 -33.140152 3.571385
v -1.992733 -18.485420 149.249146
v 0.605531 -18.822426 163.060715
v -10.313938 -11.264069 160.470703
v -4.104231 -9.273964 60.209270
v -6.303485 -18.876625 167.557678
v 3.260400 -15.111916 162.368881
v -11.449785 -14.510017 152.481430
v 12.096521 -9.658062 1.516447
v -4.244650 -12.022831 47.804260
v 3.313899 -1.926216 153.821976
v 0.083729 -16.140560 19.064837
v 0.123822 -0.220848 121.381012
v 0.657728 -11.150795 69.680862
v 4.390062 -35.657242 1.037955
v 7.682268 -13.976387 6.101075
v 5.438019 -19.506798 83.503700
v -2.097682 -11.073772 58.453793
v 3.361273 -21.196709 120.846977
v 7.188987 -8.326073 154.007568
v -4.798279 -42.554176 109.510147
v -2.521595 -52.695946 139.705811
v 8.696920 -11.567513 151.236404
v -0.348846 4.436699 118.730789
v 1.567133 -21.745655 63.368271
v 1.013384 -18.802807 32.405777
v 9.079464 -27.221754 30.154411
v 2.788979 -18.463516 152.130524
v 5.552483 -3.009453 86.924744
v 8.725770 -11.690651 152.126099
v -0.236302 -3.405022 150.533249
v 5.884581 -10.570175 79.591270
v 8.900660 -17.661598 149.852356
v 7.381928 -5.992867 154.900375
v -6.268069 -0.407928 130.473160
v 5.888594 -13.830505 161.994812
v -0.875505 -36.091362 15.389144
v -1.881639 -37.079788 119.223572
v 8.900803 -15.835205 149.318024
v 1.963305 16.539242 73.280998
v -4.452612 -16.580620 144.223419
v 8.605465 -10.076775 151.796982
v -6.882221 -52.655602 150.696716
v 6.542513 12.441784 74.400940
v -12.914824 -4.559799 87.966614
v -6.387302 -14.349545 56.576672
v -10.103709 -6.002781 71.303467
v 7.800558 -11.068855 152.138168
v -5.168113 -18.967197 44.884655
v -12.006052 -9.049816 75.272362
v -8.942186 -8.262579 2.578712
v 8.837354 -14.645767 148.544922
v -0.334322 0.082535 71.947205
v 4.663187 -20.053253 125.725357
v 8.903344 -15.939362 148.662842
v -9.537489 -8.479828 159.267731
v 1.918299 -0.074505 83.371506
v 2.229344 -11.694706 61.665676
v -1.585461 10.540745 62.886974
v 7.406109 -39.257065 11.593453
v -2.063230 -11.774418 71.659851
v 4.892389 -19.357521 158.864471
v -11.902081 -0.775322 78.143280
v 1.489630 13.109276 67.398834
v 3.444560 -6.290543 142.088654
v 0.294129 -12.654514 73.884239
v -1.012289 13.324993 69.260872
v -8.480844 -19.002274 166.072586
v -1.962175 -11.916008 70.160217
v -2.990713 -23.310028 90.304115
v 1.635617 -0.998764 131.311356
v -5.742155 -45.216049 113.473946
v 6.546110 -15.483669 88.216843
v -6.040707 -55.463333 150.389923
v 0.255329 -20.277143 40.513702
v -4.315730 -7.873138 134.344360
v 4.913994 -11.615402 57.493160
v 8.040039 -11.553185 161.461060
v 3.583142 -21.838036 89.059937
v 4.687162 -35.671661 11.545054
v -6.204334 -2.540932 113.887993
v -9.939146 -8.965653 2.660970
v -0.794320 -17.881313 1.508987
v -6.484317 -2.745049 117.718636
v -1.739401 9.399300 79.548759
v 1.978117 -13.884644 70.835930
v 1.850760 -9.504692 134.566422
v -10.948348 -13.986191 1.762791
v -3.470759 -8.147041 136.717819
v -6.526170 -24.711967 121.973854
v 2.374802 9.504578 73.449776
v 0.952190 -27.913544 124.124542
v 5.449523 -7.450928 35.773735
v 0.374710 -29.572075 120.701195
v 6.899994 -38.846367 23.091446
v 6.302045 -5.696560 87.856613
v -5.147827 -52.911247 160.792419
v 2.817780 -18.004002 71.033546
v -3.558715 -21.089142 161.804993
v -10.796077 -16.319481 151.627350
v 6.432159 -20.193634 110.099586
v 6.379664 -9.250290 138.290649
v 2.909044 -16.119457 65.947388
v 5.949034 -13.153389 137.672394
v 3.654471 -5.940895 143.664612
v 6.204022 13.866486 70.823242
v 1.239167 10.371082 84.605309
v -6.383605 -19.908546 154.280945
v -2.361399 -8.374214 136.639252
v -7.040136 -19.161888 110.049095
v -7.334526 -19.875031 167.136337
v -5.686195 -57.273933 157.956223
v -8.996582 -45.437592 118.491791
v 6.458229 -18.975647 89.541985
v -6.573813 -19.249718 157.014709
v -3.367959 8.504280 65.230820
v -2.048181 -8.084175 137.572281
v 6.400930 -5.528313 87.152039
v 8.260942 -28.146961 22.668240
v -5.134048 -19.794281 157.094208
v 5.062191 -21.279778 90.033615
v -5.655642 -17.712519 1.288229
v -6.852921 -56.996719 156.614761
v -2.462782 -4.131805 56.740013
v 4.912479 -4.336016 40.670097
v 1.110043 -25.099844 32.669594
v -10.310249 -16.294838 159.251617
v 4.034898 -8.015980 75.695137
v -1.698745 -17.394730 6.355371
v -3.989278 -15.904984 164.980179
v 5.832753 11.038525 76.721497
v 5.565127 -20.105999 88.056046
v -10.738680 -22.847782 80.026840
v 1.220559 -20.299919 157.375824
v -8.867550 -17.724678 150.442169
v 1.547348 -19.150219 36.326977
v 0.556347 -25.803312 24.858873
v 9.971790 -8.659245 0.094454
v -1.635571 -8.145157 7.764666
v 1.642962 9.979046 79.664398
v -1.962585 -53.384285 140.959732
v -6.828012 -22.267120 129.633850
v 1.348501 0.020107 80.993011
v -7.040144 -3.450241 157.498032
v 0.420618 -25.536331 120.353607
v -4.346403 -16.655670 166.987961
v 4.796124 7.798916 71.920074
v 1.268190 -17.787882 0.256166
v -0.225677 -33.988647 18.493307
v -4.775851 -17.993275 3.919984
v 2.880098 -8.387566 72.303215
v 7.551036 -7.787971 2.001905
v 8.601145 -14.525505 152.634216
v -6.513951 -15.705467 166.418045
v 1.184521 -33.628738 17.415941
v -4.135577 -15.149801 4.872523
v -2.746660 -20.119728 147.069199
v 6.959743 13.527779 75.536652
v -1.287419 -11.692398 72.913933
v 2.091415 -28.000885 20.999481
v -10.538050 -14.684624 155.924454
v 3.562571 -1.140678 58.482594
v 0.658914 -0.543774 71.667488
v -7.566844 2.774452 122.233299
v 2.654794 0.111725 104.039604
v 1.913700 -1.535149 70.121254
v 0.283599 -0.283611 73.646278
v -5.633160 -33.092239 123.019150
v 4.535943 -17.358139 148.759827
v -3.451883 6.714790 80.625435
v 7.297215 -2.967890 43.946327
v 8.579774 -14.577835 152.408569
v 1.718328 -18.309029 148.366959
v 5.903335 -10.185799 162.229401
v -5.966007 -16.061356 167.145859
v -9.145077 -19.851982 69.807556
v 8.604801 -9.488930 150.141022
v 0.767865 -19.580391 152.313751
v -5.026066 -20.870316 163.209473
v 9.754314 -15.589905 41.072353
v -2.226408 -40.536430 20.795223
v -4.552517 -56.360855 143.350327
v 8.582247 -8.361847 150.979660
v 2.494249 -20.863617 155.799423
v 3.339995 -14.329323 56.531441
v 7.384962 -8.331436 153.711319
v 3.511375 -36.413063 16.787964
v 9.791279 -17.443020 38.453056
v -9.830551 -8.044754 101.253281
v 0.888376 6.807369 77.378456
v -4.033689 -0.952599 119.733131
v 7.625787 -13.544338 87.382217
v -4.804708 -16.176666 133.717148
v 2.168129 11.287994 70.573227
v -3.449668 -20.555977 164.328369
v -1.328172 -6.010185 162.886490
v -6.217027 -2.411659 111.770912
v -9.567547 -10.224154 0.000905
v -6.063917 -17.066795 167.761856
v 0.000352 -18.470726 146.255615
v -7.308225 -0.876053 123.211555
v 4.334934 -9.417046 130.023193
v -1.936483 -39.627785 111.349358
v -5.395640 -2.999458 155.278992
v -9.341433 -13.491813 4.841800
v -1.228611 -17.496454 18.144579
v -4.034746 -47.269310 118.838600
v -7.890946 -18.288155 128.906876
v -4.004269 -51.902878 150.288025
v 6.631449 -18.077324 159.073395
v 13.407862 -10.907959 2.678483
v 7.724443 -12.039909 150.265701
v -8.290582 -8.474159 108.356201
v -6.573411 -17.558548 55.105736
v 8.919168 -5.407745 152.149826
v -2.913996 -42.942986 151.366470
v -0.205738 -2.036621 159.095520
v -0.332382 -47.120522 144.224182
v 1.380096 -14.601959 133.208008
v 9.626971 -18.786913 30.564671
v 1.013083 -32.201706 28.129675
v 8.915203 -17.473579 152.527771
v 12.268401 -13.782523 4.232309
v 8.906624 -6.904625 154.039063
v 7.068184 -12.789543 150.142532
v 0.887373 -13.334092 20.631601
v 2.749368 -0.253799 128.933609
v -9.061636 6.040268 106.141968
v -11.190695 -19.681931 89.979401
v 1.312105 -14.744148 25.456610
v 2.168303 0.348419 129.359818
v 6.265373 -17.232857 156.511749
v -7.867300 -1.263165 70.583954
v -4.654387 -19.492796 36.081688
v -3.926849 -48.976593 158.671280
v -4.477993 -3.686119 61.482594
v -0.376666 -4.650909 146.374466
v 7.660076 -4.501457 107.306732
v 6.540875 -5.900047 159.721542
v 1.373256 2.127922 122.687828
v -5.226427 -20.999733 163.697586
v -11.131981 -12.515129 5.474604
v 11.042325 -11.442225 43.968414
v 2.342086 -12.174328 35.322060
v 0.855603 1.311272 120.899612
v -3.180468 -14.561859 138.506363
v 7.437080 -7.480133 160.762634
v -1.183298 0.350281 71.003410
v -0.023322 -0.052223 111.810303
v -6.595057 -20.844673 122.744148
v -2.997618 -15.863197 142.250671
v 0.942425 -16.817036 27.202560
v 10.185369 -6.832588 48.058651
v 7.537428 -5.218903 153.490448
v 7.289256 -6.118900 58.507156
v 8.646493 -18.713837 152.117401
v 0.543855 -4.624687 146.803894
v -5.153137 -47.588577 158.984100
v 5.651018 12.621181 73.769951
v -0.541702 16.435684 74.004745
v 8.872419 -4.750221 152.240494
v -2.298281 7.621887 78.990044
v -8.873938 6.656418 106.403198
v -0.699530 -43.653481 22.691151
v -0.972834 15.783718 71.847244
v -9.179987 -14.867779 69.292549
v 1.690405 -16.704376 163.329727
v 8.481416 -22.236277 35.559647
v -10.591617 -16.272141 152.855667
v 2.567272 -3.710922 161.658447
v -2.373075 -17.941895 150.535080
v -6.907635 -18.913887 116.687241
v -10.503985 -15.347572 5.400046
v -1.395975 -46.712784 20.716654
v -11.972795 -12.574219 152.852066
v -10.322556 -7.348434 151.591583
v -8.049674 -16.192938 22.639938
v -2.575456 -18.034943 150.022339
v -7.754895 0.071899 125.112755
v -12.083208 -10.730392 153.320526
v 7.703058 -22.969376 35.744370
v -7.402564 -17.812286 118.185684
v -6.457867 -50.426437 140.977921
v -5.272341 -0.660255 121.619751
v -0.931450 -42.824066 150.761444
v -10.835772 -8.389717 72.859291
v 8.570224 13.527451 69.375267
v -14.445833 -14.268379 85.614700
v 7.727279 -18.366226 105.576683
v 0.443916 -36.298752 17.676271
v -0.649318 -18.010025 24.257656
v 0.859852 9.305202 62.491222
v 4.723845 9.671463 72.810570
v -11.505895 -9.772461 150.859131
v 6.976431 -9.773262 148.050491
v 2.256068 -13.630623 137.191269
v -2.010639 -36.075115 3.889802
v -7.838156 -20.571182 165.497574
v -1.512668 4.772568 107.332489
v 0.020246 -0.797432 120.402130
v 7.370856 -10.495590 141.453491
v -4.860784 4.195145 125.322800
v 2.763280 -1.373230 121.099297
v 7.313875 -4.829292 113.222855
v -1.527809 6.155411 107.439064
v -5.131711 -21.681885 131.688049
v -0.699270 -33.522858 3.319622
v -6.601548 3.095398 100.125740
v 1.681031 12.649734 67.684509
v -11.475312 -20.937935 90.349350
v -6.358816 -20.757454 131.323334
v 1.255501 8.720181 74.482185
v -4.031975 -41.591408 121.472610
v -2.156593 -41.299500 150.737396
v -7.638122 -20.478844 163.733322
v -6.647746 -19.990685 158.156189
v 2.487553 -32.774307 5.216236
v 1.764330 -0.506104 122.275360
v 7.872136 15.389690 72.607628
v 7.555236 -18.382706 152.154785
v -7.437806 -8.323826 9.211401
v 5.252746 -15.672646 127.114311
v 3.171879 -0.920799 123.122269
v -3.324560 -8.873703 135.751938
v 2.975877 -18.615772 65.019691
v -3.712002 -43.521782 16.652561
v 6.172466 -37.466900 17.444294
v 4.904618 -5.162285 65.855362
v 6.030144 -5.942924 161.503906
v 6.611642 -15.400379 43.036011
v -2.911268 -24.412334 74.900116
v 1.850941 -8.566416 42.060375
v -7.200670 -38.838005 110.490883
v -4.764656 -26.995461 117.939171
v 7.171492 -15.694038 155.129623
v 1.434256 -9.527367 164.301651
v -3.812409 -22.795212 91.153282
v -7.352484 -41.619484 109.868958
v 1.037716 -4.023270 48.184147
v -4.693877 -5.911983 60.526909
v -6.042571 -22.652153 90.645317
v 9.303598 -23.699831 26.856585
v 1.154655 -0.369312 64.227226
v 1.699516 -5.680634 44.564213
v -1.103838 13.722591 75.432281
v -3.226955 -8.259918 139.434845
v 8.616707 -13.592476 150.041534
v -5.310348 -21.704567 122.168274
v -0.611446 -5.807823 50.204178
v -4.034226 -22.535484 121.469543
v 2.688973 -0.730103 115.726639
v 5.548857 -34.433647 4.463683
v 4.725270 15.647045 70.180382
v -1.175466 12.599495 76.559326
v -3.165156 7.468735 74.004295
v 7.706537 -11.510811 154.600586
v 5.880779 -20.784569 25.551506
v -9.256525 -0.400169 74.201767
v 1.480359 17.408962 70.534500
v -1.502047 -3.043091 155.495468
v -12.922968 -6.764893 89.531921
v -11.064377 -11.128551 2.586020
v 3.439372 16.325085 69.118271
v -6.398600 0.545082 72.773605
v -13.104539 -16.414471 89.065674
v -7.348427 -4.609337 111.886589
v -8.230789 -8.798300 9.229015
v 8.925294 -11.505302 147.020294
v -7.440399 -54.941513 149.499680
v -8.403288 -37.506424 118.016640
v 7.319113 -40.367119 13.772644
v -11.743749 -0.977074 84.242157
v -6.642191 -47.782890 155.328995
v -8.241461 -33.893501 119.518997
v -4.877059 -4.752258 61.409447
v 6.936796 -41.352318 18.670895
v 4.756325 -5.380974 147.346268
v 0.564371 -23.359863 98.698120
v 1.393093 -1.568024 158.679123
v -5.144928 -55.423515 141.961105
v 5.132159 -4.408806 154.717773
v -0.777171 -23.196892 101.250961
v -6.350868 -55.054253 159.028503
v 5.545045 -5.657585 155.171448
v 1.343760 17.066822 73.557625
v -5.708979 -10.194771 64.874901
v -4.444888 -22.968277 99.748901
v -11.038841 -11.668213 156.671829
v 1.667076 7.879333 81.464104
v 8.805264 -4.590439 151.178772
v -10.147432 -6.439194 156.298203
v -12.904821 -11.461197 78.341461
v 6.118088 -18.952957 89.788589
v -2.680723 -9.574379 33.960739
v -8.992011 -14.010428 17.932064
v -6.512125 -48.042992 120.653580
v 3.663143 -41.914421 23.306282
v 8.620009 -14.626930 158.946472
v -2.728982 -20.030190 150.940140
v 2.883131 -35.991333 14.660236
v -8.959679 -40.930206 116.447746
v -5.699259 -14.112240 51.558590
v -5.466188 -38.497093 110.050308
v 8.562012 -13.189438 160.377838
v 1.932640 -11.464573 41.258774
v -3.852661 -39.977318 109.612152
v -0.073481 -22.698338 61.444370
v -11.976107 -0.850620 82.102577
v -2.578371 -2.450317 151.086975
v -6.878651 -61.009476 153.636230
v -2.757704 -8.525358 9.056293
v -3.234646 -17.940239 165.402908
v 2.839628 -22.542526 103.845955
v -11.013934 -12.534310 0.067510
v -1.436026 -2.667221 151.120728
v -2.313796 -17.894005 164.378296
v -12.735243 -2.157806 84.381180
v 1.151234 -37.784660 23.005367
v -1.448330 -48.397705 140.153137
v 0.811891 -19.250076 159.323471
v 8.202562 -15.827553 99.841866
v -1.657719 -48.070610 19.693810
v -7.128551 -23.368622 125.592232
v -3.564526 -48.871597 150.616638
v 4.530202 -8.984140 34.974815
v 7.298648 -12.284576 138.847336
v 0.605587 -44.079575 22.971691
v -4.630227 -20.512901 155.039368
v 0.418545 -18.307716 145.397202
v 3.522003 -11.616861 33.610825
v -2.613950 -3.584023 145.742905
v 2.627556 -10.778793 136.471405
v -1.519831 -19.075699 144.950745
v -2.349720 -31.263611 114.802795
v 0.373605 -3.158173 154.358078
v 3.433300 -5.337715 75.672188
v -13.026294 -1.987480 79.834854
v -13.216825 -13.173882 90.190765
v -8.365387 6.492455 96.975449
v -3.889111 -55.449593 148.569504
v -3.687233 11.006863 63.222980
v -7.924071 -14.630932 63.654312
v 7.134377 -11.891996 32.066296
v -11.166988 -4.058208 73.522942
v -4.121931 -21.927914 56.301453
v -7.437973 -13.576473 63.752232
v 2.552767 -21.667755 117.749969
v -4.415719 10.519016 63.365326
v 10.492311 -5.440680 41.796936
v -8.607552 -36.377739 114.660156
v -14.106216 -12.936485 80.211205
v -2.013371 -52.473061 143.792160
v 6.937493 -2.452778 48.512482
v -0.643458 10.568897 69.619225
v -0.692034 10.727291 80.129631
v -1.570156 -50.742950 131.242035
v 6.090525 12.354694 77.417061
v 1.220566 -0.638950 58.786995
v -8.311531 -19.362358 165.133270
v -6.924175 8.818146 93.091881
v -1.079981 -36.937943 116.135658
v 8.901243 -12.519844 153.780975
v -3.189854 -55.342400 146.226044
v -8.541866 -12.012005 75.452003
v 3.567596 -5.926933 70.214508
v -5.397124 -1.769501 115.463493
v 8.900211 -13.511978 153.734192
v -10.403057 -17.620361 71.513275
v -0.711782 -34.591599 117.414696
v -1.756720 -5.159241 145.948685
v -5.618822 -52.630630 138.698914
v 8.848412 -13.245453 154.366287
v 2.098585 8.034161 76.710892
v -8.150656 -15.824917 63.404285
v -6.654052 -18.419014 131.812225
v -1.422823 1.230206 78.981911
v -5.947016 -22.437782 99.988548
v -3.447468 -37.095757 120.125160
v -9.694449 -10.270638 161.009811
v -6.491054 -16.392128 54.272552
v -2.722775 -20.368591 151.579376
v 5.402078 -16.651932 145.835464
v -6.309073 9.456490 92.638901
v -3.263257 -18.081240 3.809756
v 7.853037 -4.681335 54.721817
v 7.109829 13.246586 70.184647
v -5.613216 -59.731117 154.109344
v 3.109107 -19.137375 49.257713
v -8.622162 -6.926491 105.776199
v 3.342847 -1.507416 64.010033
v 3.035358 8.828461 81.364967
v -9.109991 -40.174423 114.295959
v -6.202942 -51.322281 161.350418
v 6.169974 -18.427128 87.851303
v -5.429868 -4.091476 159.231613
v 0.018732 -7.324051 133.727051
v -5.017840 2.952187 99.826797
v 2.767571 -17.955053 39.190598
v -9.677488 -13.270938 9.038067
v -4.160642 4.110065 89.125923
v -0.026557 10.490177 87.634171
v -7.970596 -39.780212 110.826675
v 4.462098 -3.281715 159.652954
v 1.361088 -2.020069 52.080044
v -7.972826 -20.333748 165.146118
v 3.076565 -30.172398 30.767149
v -4.396592 -10.549364 5.094668
v -8.156211 -17.328796 149.727081
v 2.594681 -20.838936 75.496948
v 6.421671 -14.909210 145.228989
v -0.903916 -15.143616 135.993591
v 4.685947 -13.705948 77.493568
v -6.057377 -16.927307 42.249809
v 5.214668 -4.329758 160.343506
v 6.971748 -12.920486 144.251373
v 7.056689 -19.214493 111.083984
v -7.624477 1.101601 82.912102
v -6.893597 -40.000237 118.277687
v -2.073176 5.015236 122.975395
v 6.280433 -14.750046 144.127502
v 4.824926 -18.290712 40.426670
v -8.844122 -16.996155 1.224962
v -3.259525 0.579231 131.215866
v -8.087313 -19.913429 159.846725
v -2.579042 -18.766655 145.736206
v -2.110130 10.598412 69.797073
v -8.879420 -21.382675 90.727257
v -2.421126 -25.027225 89.536140
v 3.444040 -8.541260 68.913269
v -7.299392 -21.673958 91.592804
v -9.236403 -10.280865 4.867858
v -6.349493 -20.107605 110.173218
v -6.676792 -20.872375 163.284531
v 2.241646 -15.002029 163.694931
v -8.088018 6.039726 113.072601
v -8.915306 -19.128471 159.955688
v 5.064831 -12.562218 53.705128
v -3.552559 -7.328079 163.505676
v -7.305317 -4.726646 114.196541
v 8.631897 -12.045776 150.404053
v -1.898071 1.041668 75.809883
v 2.129354 -3.469330 152.994705
v -11.761337 -14.404915 151.797348
v 5.802700 -31.328753 30.065065
v -3.577164 -7.658142 142.169281
v 6.978832 -10.185020 144.270050
v -6.128310 9.387894 102.124069
v -12.319071 -12.354546 152.245804
v -1.023816 5.855324 99.242645
v 7.257063 -10.196922 144.777405
v -2.977723 -3.921890 146.922791
v 8.597354 -15.690140 151.161652
v -8.093438 -3.953194 123.630745
v -13.860898 -8.561165 79.182945
v -5.206455 -42.841484 125.640144
v -12.554672 -4.894691 87.943817
v -2.561007 -39.125031 18.432213
v -0.674996 -18.490074 151.633087
v -9.873137 -16.137253 155.752258
v 4.279898 -22.115990 103.184105
v 1.758989 -10.716434 73.986275
v 1.056586 -2.915367 154.451965
v -4.526868 -20.039238 47.165745
v -6.016619 -20.523499 152.802612
v 9.691171 -5.618954 48.637341
v -2.838259 -23.296272 99.462364
v -2.812508 -52.369186 138.434082
v 3.142462 -34.752327 0.290640
v -6.534267 -19.293549 156.313721
v -7.780447 -16.156942 8.989458
v -4.827798 -9.832054 136.588577
v -2.448288 -39.868690 110.477081
v -6.375033 -23.130390 69.638359
v 8.547510 -10.178005 52.463135
v -10.649457 -17.288948 97.405579
v -12.544192 -6.800610 89.182991
v -4.680560 -2.378807 158.087524
v 1.321771 -17.719055 143.998810
v 1.256555 -7.619595 0.259333
v 7.237495 -10.586590 55.508648
v -8.927313 -17.164864 104.102127
v 4.610743 -4.011135 65.863640
v 0.593923 -16.383484 165.306717
v -7.916122 -16.939804 109.411499
v -4.795353 -40.953659 120.062653
v -3.216112 -3.254684 152.318329
v -5.402339 -18.678307 41.955433
v -11.891070 -10.427399 76.565895
v -0.533178 15.827301 71.722229
v -3.454792 -7.511851 3.842802
v 4.758037 -2.108631 60.241535
v -2.092531 -14.900658 137.422577
v 3.815136 -22.525757 98.639404
v -3.007341 -14.472450 135.330627
v -4.961390 -11.754608 66.161789
v 1.129271 -7.361455 4.689276
v -8.875477 -12.632607 163.557709
v -3.094654 -14.320908 136.748962
v -4.725880 -11.375416 66.020576
v 0.378817 -22.701736 90.754845
v -0.897820 -20.405140 38.726643
v 6.210210 -8.356476 149.556931
v -3.754005 -11.165894 62.677174
v -0.365191 -4.584251 147.595810
v -8.341255 -6.449074 124.815750
v -4.324291 -11.559364 65.105980
v 3.199472 -3.596004 69.882042
v 7.145727 -13.602074 161.645966
v 3.841975 -9.443108 163.303955
v -2.363644 -15.524643 140.220901
v -7.506078 -1.694565 123.062180
v 5.294307 -4.905212 124.420250
v -3.152475 -44.254410 112.559212
v 1.579859 -4.628563 161.695114
v 0.462075 -10.320110 47.458187
v 9.591664 -16.239309 3.503674
v 5.457123 -8.545746 80.762047
v -8.347411 -22.946980 89.022835
v -1.735174 -3.266045 146.597092
v -7.522800 -3.548126 121.041389
v -4.602123 -56.960976 147.063934
v -1.989220 -39.818306 117.555923
v -8.201691 -11.283554 125.964905
v -5.667362 -53.068535 138.513611
v 8.337101 15.419643 68.885628
v 0.375546 13.113903 71.635597
v 2.369273 -4.510094 131.852509
v -14.086273 -16.215897 78.997673
v -7.515033 -3.006203 105.770363
v 0.842211 12.693924 70.873909
v -8.224751 -20.644802 67.960022
v 8.833461 -18.125534 152.305084
v 0.810106 9.665039 69.163658
v 1.518769 9.751209 73.811867
v -9.701521 0.940693 78.818771
v -6.533826 -2.093338 107.614273
v -3.407974 -42.241539 149.730804
v 1.168781 -34.930557 18.568769
v 5.613664 -16.991882 153.219589
v -3.585893 -17.427750 167.298965
v -2.484636 -42.064713 148.966400
v -0.421991 -23.564442 74.170502
v 0.619475 10.164845 69.674850
v -0.924983 -21.191528 152.805038
v -3.774193 -16.980019 166.781357
v -6.457275 -18.670216 55.797779
v 5.288810 -18.728470 155.220993
v -2.070398 -35.459846 4.137333
v 0.734997 -3.022179 155.486496
v 6.502034 -11.939705 161.885788
v -6.993857 -21.635658 101.217270
v -9.458975 -16.122517 6.813987
v 8.897468 -10.265022 150.760986
v 4.804661 -18.765488 154.809204
v 9.367644 -16.221273 1.360897
v 2.974918 -23.396751 125.686722
v -2.041170 12.010647 73.337425
v -5.294449 -56.661415 159.468933
v -1.716846 7.589672 70.361694
v -2.610350 -43.931587 147.321960
v 1.680573 8.079369 81.874413
v -2.264644 12.166821 71.831886
v -8.980577 0.309784 86.965050
v 8.914469 -10.354507 152.430573
v -7.598500 -7.897830 5.317346
v -1.485306 7.639057 70.943481
v 0.880453 -7.741383 45.425606
v -9.406895 -15.589499 -0.002031
v 7.262451 -12.842865 144.763382
v -6.814806 -17.204613 9.216879
v 7.386540 -6.219566 154.402039
v -0.632822 -19.981392 150.554108
v -8.488282 -22.059486 91.990570
v -1.205753 -36.369198 1.608025
v 1.928889 -19.626007 158.914352
v -9.331276 -9.120880 147.419174
v 0.610569 -23.692043 87.069092
v -6.803627 -49.303001 140.970459
v -6.908438 -49.534622 148.685928
v -1.640068 -34.224361 4.878284
v -1.704203 -3.758202 149.299362
v -6.931297 -52.951630 161.080551
v 7.474352 -5.626160 149.363434
v -2.257013 -3.090382 57.714241
v 1.147469 -32.416096 3.869324
v 6.305939 -36.450188 11.422935
v -8.735411 0.586208 76.578712
v -7.426250 -23.845261 87.174255
v 6.605013 -12.294685 122.412224
v -7.163047 -24.345062 126.182320
v -8.483908 -17.113892 164.304123
v -12.926951 -15.274574 76.405403
v 5.062299 -21.891548 97.734070
v 1.424953 -14.542465 137.529572
v 12.749743 -14.016383 2.050565
v 4.540447 9.258999 70.060318
v 13.349302 -12.463273 1.530904
v -5.899480 -6.169632 161.227859
v 3.820599 -17.487793 53.793781
v -3.891550 -50.179489 151.000397
v -4.433065 2.970612 127.922195
v -4.175494 -2.189613 157.058762
v -4.372017 1.259796 75.307236
v -1.473120 -24.883465 82.849472
v 3.511761 -18.024521 48.174698
v -10.008250 -20.792286 73.129356
v -2.716540 8.470657 104.104065
v -2.728346 -18.705429 164.703690
v -9.482994 -22.142860 90.144539
v -1.283880 -24.288506 82.471878
v -2.242561 -49.621590 138.933182
v -5.557949 0.590710 87.691383
v 7.275578 -30.080202 20.531597
v -7.557196 -14.752174 145.640778
v -4.286930 -56.583076 148.370834
v 7.707624 -16.236313 92.243874
v -8.295989 -0.214134 88.074890
v -5.925797 -19.815926 162.466721
v -10.963691 0.085896 78.007675
v 0.010237 -26.598610 26.628428
v 3.702229 -24.550762 35.151230
v -10.733494 -12.519247 6.857941
v -7.188313 0.573933 86.839233
v -0.332413 -8.189873 136.028259
v -2.681238 -7.644997 6.402694
v 2.949908 8.309212 71.993973
v 8.247066 -22.660622 25.729988
v 5.066153 -19.811920 122.398903
v -2.222571 -6.607315 143.393234
v -7.445138 8.999119 101.177139
v -9.768492 -16.021370 162.031677
v 6.383212 -6.291111 36.675808
v 2.214077 17.213783 71.038277
v 5.052081 -16.967705 152.972626
v -2.703495 -45.883896 143.405182
v 8.641302 -31.785929 22.290195
v 0.067208 -7.102669 140.326538
v -2.665168 -7.451340 55.514580
v 2.076786 -18.944313 152.267899
v -2.508683 2.989410 107.027573
v -13.729548 -19.470406 80.375824
v 0.910228 -18.044800 3.267796
v 2.686445 -18.260933 154.018723
v 7.382641 -9.998009 150.217255
v -1.756340 4.486824 105.060173
v 5.402629 -10.728523 137.242661
v 6.837605 -10.054955 149.705887
v -0.671844 3.940826 115.159637
v 2.714797 -9.046722 137.617859
v 1.495556 -16.106659 140.026169
v -4.481664 2.203903 106.289673
v -6.406992 -49.673042 159.178406
v 1.473456 -0.887466 156.317780
v -3.222859 -20.158501 165.757355
v 3.466415 -19.678185 77.440826
v -1.813660 6.638618 111.289322
v -4.167183 8.765995 79.019249
v -0.011509 6.393024 77.153648
v 1.816730 0.143257 122.753876
v 4.627923 -16.028805 77.724770
v -2.904637 -19.685204 150.086746
v 6.839911 -3.798370 86.790855
v 8.071441 -17.167152 104.964485
v 0.367983 -33.528755 1.559235
v 5.104358 13.319347 78.304108
v -2.963585 -19.897400 164.323898
v 6.470239 -8.223267 145.186966
v 6.507185 -2.652390 91.305374
v 7.483099 -17.080061 1.955799
v -6.680744 -57.505798 158.157349
v -0.081665 -24.003540 84.453278
v -7.650978 -39.414482 118.021164
v 6.212082 -8.198959 144.067123
v -3.540121 -1.577682 132.448441
v 3.202947 -8.323524 73.949097
v 3.235939 -17.817814 2.074915
v -11.571671 -6.483421 94.133911
v -4.927826 0.990952 112.835075
v -6.987160 -58.794243 154.877289
v -0.184340 -4.763618 144.617157
v 2.336426 -9.782661 135.197250
v -12.146946 -20.099907 88.809319
v -0.138879 -10.692207 48.805229
v -9.069410 -15.454873 0.048127
v -4.947561 -21.046745 166.483444
v -3.350239 8.451054 74.004662
v 4.765459 -28.813690 20.044199
v 5.893953 -18.575859 88.756348
v -5.107586 -9.020126 134.319885
v -1.103233 -3.032608 149.926239
v -3.568721 9.372791 71.992218
v -2.401819 -18.795282 24.187029
v 3.800386 -28.631628 20.102770
v 10.767172 -8.224251 37.600506
v -0.888722 -20.948174 152.578247
v 3.824765 15.616791 70.257813
v -6.074084 -9.111473 133.265823
v -0.697859 -16.793182 165.593765
v 8.798232 -17.716873 29.529600
v 1.944668 -23.242516 86.676674
v -8.642607 -46.039894 118.448883
v -2.927484 -21.811340 112.173515
v 1.717141 -12.178642 75.198326
v -7.282290 -53.077988 140.132233
v 8.705576 -11.166275 160.096832
v 0.737211 -14.273255 19.752552
v 6.053179 -14.309383 46.386906
v 0.148524 0.497459 130.951569
v 0.398848 -23.526848 90.909821
v -8.024612 -43.527214 124.102867
v 2.647628 -18.747978 153.117386
v -1.344368 -44.003426 119.047073
v -7.059010 -21.140282 123.911583
v 0.874092 -37.635029 23.255615
v -5.504564 -21.232887 166.328674
v -0.474947 -13.328211 9.155553
v -3.972068 -8.618393 141.662079
v -12.084789 -8.695450 153.629074
v -5.100117 -21.404007 165.749390
v -1.833711 -15.716293 136.181870
v -1.037375 -19.597961 159.096558
v 4.562849 -44.553524 22.207060
v -8.402308 -17.322876 163.431366
v -4.500908 -10.115921 141.034592
v 2.207514 -29.817629 30.557995
v -3.581636 -20.129498 38.336014
v -8.918985 -40.572380 112.952553
v -2.619987 -48.635254 140.834229
v -11.541718 -21.987629 78.220688
v -8.110225 -12.931000 70.235077
v 2.353352 -9.614090 72.487816
v 9.451550 -15.760767 4.472369
v -3.509675 -20.101028 157.479156
v -0.900989 -15.867561 133.862686
v 7.990010 -6.961205 154.725967
v 4.116344 -19.780003 80.499504
v -1.872219 4.400139 101.042374
v -3.758490 -20.037659 158.158417
v -7.792749 -16.417244 163.155884
v -8.866919 -21.074326 97.477249
v -0.771584 -49.052826 140.277893
v -3.352814 -48.255295 121.916489
v 8.301609 -5.536766 38.045502
v -3.231598 10.998487 53.281902
v 1.818206 -8.187965 135.208374
v -0.400906 -18.852936 144.842819
v -8.100136 -15.248268 128.889557
v 1.782109 -2.024906 73.585876
v -7.485466 -16.998482 163.345078
v -1.633327 -9.448029 164.958466
v 7.980596 -3.898115 40.977867
v -3.433645 -14.020615 136.935791
v 2.630994 -21.639671 130.356964
v -7.177976 -14.951813 131.748993
v -2.126072 -51.077553 138.221313
v -7.742680 -56.305489 155.480881
v -3.028983 2.487907 107.601936
v -5.713129 -48.024361 160.168350
v 6.136258 -5.099842 85.302895
v -0.119030 -23.397400 120.896904
v -0.986891 5.997246 75.212379
v -4.834606 -52.968155 150.959412
v 5.528940 -14.802643 81.797012
v 2.006922 -8.879860 132.846756
v -5.335566 -47.682709 151.389984
v 11.026573 -6.326237 42.107178
v 6.174646 -41.442787 21.509041
v -7.759021 -17.128540 163.025970
v 4.491562 -3.746803 42.450806
v -10.255161 -21.345551 74.613403
v 2.010949 -7.053200 132.399475
v -6.445275 -0.800148 102.828232
v 0.429007 -18.619659 148.878296
v 2.132081 -13.112282 74.666168
v 7.479719 12.777988 71.528458
v 3.640574 -14.563854 46.621746
v 7.359745 -12.532204 141.471725
v -5.225281 -49.497963 141.067123
v -0.920126 -32.748772 116.086746
v -0.837818 -44.348953 13.752154
v 6.055678 -13.850716 142.339081
v -3.148540 8.226517 107.633186
v -3.885073 -44.901268 15.852565
v -2.408297 -19.816385 31.937187
v 6.918994 -16.721428 119.026306
v -1.613781 -47.676506 124.245224
v -3.826960 -42.869595 14.279527
v -3.597982 -49.055618 140.333969
v -11.102451 -7.942101 151.526962
v 0.673899 12.962997 71.853821
v 4.102120 -2.044220 120.765274
v -0.353752 -27.835991 118.544678
v -3.613869 -42.295483 13.065966
v 0.800765 -21.886803 54.582729
v 0.445213 -22.453033 29.718847
v -9.647457 0.892223 81.936211
v -2.982862 -7.924394 0.979765
v -7.670581 -14.729530 130.732513
v 5.176867 -17.361074 0.200167
v -1.173756 -50.735268 139.861374
v -2.841607 -7.566925 136.522858
v -8.156901 7.977547 105.467834
v -9.717679 -13.907013 71.733109
v -9.395141 -10.257250 9.279806
v -6.510008 -24.322384 78.415092
v 6.491175 -8.995903 122.405403
v -6.354434 -9.150101 64.966576
v -3.270411 3.319870 98.984207
v -4.215387 -12.273521 138.183197
v -2.763746 -41.766632 20.346310
v -4.462159 -16.408073 166.616165
v -3.507223 -38.473072 11.628832
v -0.140789 -28.017670 126.150040
v 0.251331 -21.892738 121.236160
v 5.692427 -3.466805 159.181610
v 8.833152 -13.226887 46.389309
v 6.170382 -5.741882 159.523834
v 6.572846 -5.015457 118.739502
v 8.385686 -14.481880 102.781143
v 5.800874 -5.426414 159.021149
v -3.304787 -37.538315 7.755859
v 5.195350 -7.683662 1.295709
v 0.877082 9.357811 73.977341
v 6.730595 -13.185936 87.789078
v -3.683974 -18.809799 166.936264
v -6.672852 -24.738846 127.745598
v 5.551373 -19.707481 89.931305
v 3.250812 -5.789684 71.391136
v 7.193024 -17.693459 157.750717
v 4.800086 14.215073 73.035027
v -9.815838 -21.646297 88.999359
v -14.202635 -18.091007 78.938751
v 0.379608 -34.766563 19.124142
v 3.024457 -5.391533 74.110420
v -9.655734 -16.438599 157.430038
v 7.135000 -9.078247 139.743408
v 2.667620 16.620373 69.195747
v -1.828112 -4.414986 145.063568
v -4.533628 -20.406570 49.592026
v -0.715461 -14.226389 8.824498
v 9.763011 -21.540281 32.998901
v -1.691570 -51.903343 138.045685
v 11.269105 -15.298070 3.426432
v -14.566837 -7.167679 83.440956
v 8.599320 -15.914780 153.700317
v 4.079052 -20.877121 122.961761
v -10.163766 -6.035072 155.513107
v 0.772547 -18.536655 32.293873
v -9.165714 -18.510773 160.904022
v 3.743387 -17.943649 152.545624
v -7.223453 -11.604618 74.647377
v -4.941454 1.873276 129.259705
v 7.978951 13.576332 73.311195
v 8.184392 -9.718666 159.219513
v -0.837790 14.786198 70.021843
v -6.484452 -11.825035 74.762672
v -5.480921 -41.356804 121.080841
v -9.047651 -18.524982 68.218796
v 8.915405 14.525536 71.960602
v 8.203975 -9.315453 160.573029
v -10.178295 -0.178997 77.805443
v 3.597227 -7.173952 38.004391
v 0.503440 5.771103 81.931969
v -7.386875 -55.238617 159.099182
v 0.885226 -12.820820 68.373497
v -7.737476 -51.690269 156.755646
v 0.658165 -2.902641 155.886795
v -11.071582 -11.670288 150.026871
v 7.175936 -35.355251 17.942451
v -6.426338 -58.643921 149.755890
v -9.015615 -4.808212 153.273865
v 1.717237 -25.813467 32.993702
v -0.043303 -22.453178 108.167847
v 10.368819 -5.440693 45.015667
v 6.051662 -13.282578 124.755005
v 4.794462 -33.986847 2.032056
v 1.080307 -22.716690 130.896362
v 5.721381 15.594643 73.718681
v -6.350046 -20.194267 167.650757
v -6.893669 -57.025055 151.968597
v -4.214937 -48.182678 159.634827
v 3.395830 -2.320549 129.561874
v 8.134659 -6.837242 98.075348
v -7.969248 3.491676 101.992279
v -7.673647 -7.478363 130.608658
v -4.538637 -24.402515 83.624733
v -12.628764 -7.754482 75.592430
v 0.137579 -16.363922 141.380386
v 8.293171 -9.322199 34.330723
v -7.946293 8.433193 98.028816
v -8.366491 -0.290703 93.454338
v -9.871077 -9.028044 5.411799
v -13.038002 -9.495567 89.364761
v -4.163585 -10.543647 4.897275
v -6.003274 -20.818550 160.981888
v 5.007115 -7.332443 142.411850
v 2.781581 -14.414131 163.299286
v -2.834418 -0.758698 120.147476
v -5.701962 5.984787 119.093040
v -10.636230 -13.440834 157.308167
v -8.117229 -7.067192 108.852737
v 5.797412 17.658646 67.568367
v 7.385004 -13.007782 149.302551
v 1.881448 -12.165215 58.985115
v 7.077044 -9.506203 141.269867
v -2.273584 -47.423271 148.049957
v -0.431547 -31.319340 25.741859
v 1.135159 -18.879593 31.129803
v -4.752634 -15.933830 165.636261
v 10.049927 -18.802830 35.103462
v 3.785705 -2.185040 48.077991
v 0.588898 -11.786606 63.782551
v -8.082877 0.677025 88.595238
v 1.427208 -34.865158 26.889530
v -9.294668 -6.330383 152.332748
v -0.704581 -10.320343 45.163422
v -4.874006 -19.612076 167.860748
v 8.593058 -7.028404 151.501221
v -3.122305 7.041500 72.466362
v -14.481950 -15.782841 87.051117
v 7.629523 -7.759685 2.974602
v 1.795100 -12.499294 59.089481
v 8.577810 -7.207275 152.263107
v -5.236275 -15.877220 165.762665
v -9.400734 -17.710152 152.430099
v -7.941122 -9.303186 8.731482
v 1.654402 -4.636215 147.815887
v -1.936558 -43.817062 113.846588
v -4.366004 -16.139534 165.423294
v -7.941671 -47.530594 120.904640
v 1.160666 -12.364906 61.375473
v -9.499730 0.675014 83.985809
v 4.883539 20.062634 68.093658
v 8.647408 -18.714516 151.214691
v 2.314707 -13.083258 33.979420
v -2.570208 -23.185562 131.263931
v 7.672416 -12.016319 149.751999
v -1.278223 -21.959869 121.086540
v 1.482592 -12.898506 27.210230
v 5.094922 -7.683914 0.072396
v 7.120566 -17.932968 151.190109
v -1.844878 -22.238777 131.912094
v 0.687054 -12.027111 62.016468
v 5.380939 -16.575638 153.163788
v -2.388036 -1.993828 158.575485
v -14.327794 -5.157318 78.766724
v -3.352365 -33.380959 123.034729
v -6.116327 -20.013939 153.434509
v -7.372345 -58.342056 149.753372
v -1.645985 -25.918137 128.676743
v -4.607055 -10.289391 165.194611
v -7.077342 -17.107803 167.482330
v -9.463336 -23.472076 83.459961
v -0.149139 -26.406998 127.799400
v -2.758703 -10.473768 43.126247
v 3.809532 -13.939260 44.557648
v -3.612880 -18.332993 167.077591
v -7.248716 -17.851059 167.007614
v -2.129463 -11.804653 73.821732
v 5.486343 -44.388355 21.580088
v 3.524722 -14.094059 46.962635
v 2.324494 -3.039787 74.432426
v -4.745853 -31.771248 114.089127
v 6.033775 -38.174747 18.773502
v -1.429855 -11.107895 55.441830
v 3.726744 -12.776558 163.362610
v -3.164635 -14.704727 135.509415
v -7.442792 -19.905670 162.661713
v 8.157341 -13.137978 110.727859
v -5.764000 -57.345406 159.027313
v -5.446179 -19.923813 167.432648
v -7.890694 -13.364555 164.581100
v 6.058990 -8.339149 141.254944
v 3.351804 -14.285870 6.986628
v -5.945521 -14.356735 133.326355
v -1.131380 5.408684 114.444084
v -5.937027 -15.050800 51.011635
v 0.942966 -42.739998 23.361761
v 1.043045 -11.109612 68.175095
v 11.860134 -9.966263 4.229092
v -11.825550 -9.007332 153.927872
v -6.338046 -15.197594 164.654205
v -0.161766 -32.988319 3.945701
v 13.417335 -12.466594 3.365929
v 5.757036 -34.528004 17.071203
v -8.877941 -17.711166 157.370255
v -3.787069 -20.842316 159.119049
v 3.245524 -11.352592 134.913666
v 12.842823 -11.154143 4.153278
v -1.585810 -10.864990 56.293903
v 11.166702 -12.209015 42.468838
v 3.201314 -10.196995 74.637817
v -10.254134 -13.081135 74.363289
v -6.422431 -15.739845 164.322678
v -8.683748 -19.268852 160.632538
v -13.061107 -19.468918 86.957092
v 7.794800 -15.168068 160.723495
v -0.580681 -34.224274 118.750145
v -7.168947 -16.159279 165.138779
v 4.855243 -14.171928 137.814224
v 9.151131 -28.832350 27.829937
v 0.369738 -30.088028 121.522469
v 7.248563 -17.007736 159.669174
v -12.930295 -15.908684 89.940109
v 3.350228 -12.507881 137.287216
v 9.974167 -8.652203 1.386423
v -4.870695 -12.813126 47.626793
v 7.783369 -2.882149 45.902912
v 3.663252 -22.591125 24.384563
v -1.304132 -19.725410 159.682983
v -3.068883 -18.268185 18.219025
v -7.709569 -4.374344 107.753868
v 4.440298 -20.030548 156.412445
v -10.579297 -20.147621 91.847435
v 3.108561 -36.271526 17.074541
v -12.022952 -19.118492 75.586754
v -3.154759 -17.056215 9.039454
v 1.247883 -24.634254 88.982170
v -5.781473 -1.144028 67.442352
v -1.046745 -20.598930 157.019424
v 5.078613 -46.530773 20.280298
v -7.910964 -15.627907 111.330215
v -2.805922 -36.522915 5.856551
v -2.677237 10.823437 63.070423
v -8.008317 -18.066505 167.234787
v -3.506264 -39.285397 6.816711
v 2.002905 10.881657 70.989128
v -5.508953 -21.355042 164.039093
v 2.214218 -20.917824 156.424088
v -7.012793 -20.267731 163.234222
v 4.966481 -5.951920 145.250977
v -2.294296 -35.040745 6.657492
v -4.792872 -21.109322 165.792709
v -5.080183 -24.564323 80.444633
v 2.615983 10.489197 70.875092
v -5.768701 -23.514839 91.416771
v -7.586281 -61.010017 154.626495
v -4.700915 -20.570442 166.749176
v -3.765821 -5.643822 146.056946
v 5.102551 -18.931347 83.668907
v -4.077344 -24.610229 76.165512
v 6.623935 15.229271 74.274910
v -4.587626 -20.431725 165.535751
v -0.673304 -42.371574 149.808960
v -4.592296 -23.665451 91.484016
v -1.587934 -17.725853 145.918091
v 0.916617 -10.796486 45.265182
v -4.561514 -20.240257 166.454681
v 3.507139 -33.214252 1.223514
v -4.487379 -49.710670 159.780350
v 3.393474 -15.764893 139.222809
v 2.326501 -1.546303 130.992020
v -10.182597 -12.859932 161.789749
v 0.929562 -14.596207 165.403915
v -12.014223 -21.747520 80.969627
v 4.539098 11.537327 72.106857
v -6.559209 -8.031052 64.637360
v 9.562916 -24.431469 27.388121
v -6.294134 -49.327194 124.121574
v -8.289177 -36.674164 113.266586
v 7.229831 -13.055046 147.999924
v -0.320843 -4.158646 145.852127
v -5.665816 9.897934 92.518303
v 0.672156 5.067951 87.439583
v 1.802019 -33.872223 0.443676
v -7.839314 -18.648216 157.244751
v -3.516462 -41.344460 17.310230
v 3.484952 -14.390991 43.929882
v 6.279869 -6.874130 154.542633
v -1.701790 -50.008942 138.475250
v -0.855488 10.552734 81.782082
v -7.570565 4.665440 96.110512
v 2.479800 10.855213 69.998512
v 0.011230 15.172092 76.377579
v -8.266893 -7.040001 127.206024
v 7.163555 -19.675835 101.780472
v 3.123251 -11.831650 131.818817
v -2.253823 -20.723999 149.464600
v -3.902262 -21.686760 121.355965
v 4.566033 -15.354654 42.187340
v -7.756161 -8.730766 117.062592
v -1.495522 -36.818413 16.827625
v -7.267895 -17.180248 6.660860
v 4.822437 -5.882469 148.376984
v -2.365070 1.319328 83.408211
v -5.541507 -16.941275 7.812531
v 4.331824 8.773304 72.336876
v -7.263161 -23.671608 73.928902
v -6.369591 0.718704 116.552246
v 11.671582 -10.532591 39.289867
v -2.592028 6.869766 114.206131
v 3.117660 11.312679 68.368965
v 1.095094 16.395195 75.370682
v 0.256313 -35.946960 20.932373
v 4.941151 13.669842 73.099945
v -0.896304 -2.899750 132.940628
v 7.470983 -6.800797 86.990425
v 7.458097 -15.104912 43.501747
v 0.329515 -28.424152 28.940630
v -7.971246 -22.609947 89.012718
v -1.040658 -15.161409 9.145067
v 7.781675 -8.346771 90.915688
v 6.496773 -7.924969 87.315033
v -7.181445 -25.456871 123.831017
v 5.412834 -47.579437 16.548637
v -1.395363 -42.094460 149.097748
v -10.747966 -12.105934 157.715195
v 1.635325 -21.516838 68.870331
v 6.024406 -9.971176 84.163231
v -2.268070 -3.196426 145.887512
v 0.762373 -29.056936 29.569754
v -8.372843 -18.492355 165.926743
v -2.148029 -54.201355 139.011307
v -5.076640 -11.481812 136.737930
v -8.836771 -18.760475 165.856064
v -1.787001 10.576637 62.201527
v -7.503325 -28.654251 123.429970
v -6.744754 -18.381386 167.828842
v -9.078660 -15.237310 5.094306
v -3.882953 -23.501144 65.721588
v -2.350961 7.407097 68.139221
v 5.887825 -46.150414 17.407829
v 7.172709 -13.737297 146.892639
v -6.531302 -16.564430 167.481995
v 8.616025 -13.007050 152.769119
v -5.915461 -14.003574 42.349171
v -0.191258 5.613087 94.570518
v -6.146294 -52.847969 140.074219
v 7.344975 -8.470879 159.136703
v -1.102833 -34.839973 19.943682
v -1.577365 4.980789 101.280167
v -0.913655 -17.154358 144.277466
v -2.147671 -4.016106 151.801254
v -2.149606 3.920135 126.373642
v 3.987311 15.072998 74.552521
v -5.091438 -49.429909 139.730896
v -2.202166 -18.378426 148.060059
v -8.069763 -19.996574 166.205200
v -8.138157 -43.377411 111.890442
v -8.803564 4.341881 111.698257
v 0.660049 -18.014414 2.212147
v -2.669857 -4.270851 150.974457
v 5.279199 -19.822945 89.291214
v 3.081738 -16.901012 40.594685
v -2.577272 -25.914024 128.728592
v 1.126078 -5.247932 144.152222
v -6.609568 -49.487053 151.527313
v -1.359970 5.960770 74.145088
v 4.343501 -21.401165 87.825447
v 7.729660 -9.321503 115.273132
v 3.747618 -16.615494 56.571461
v -7.669937 -59.757492 155.409332
v 7.852449 -7.448647 112.887352
v 7.309185 -13.905281 156.988312
v 3.915182 -8.711563 130.689331
v -0.744808 10.936962 68.652878
v -6.387809 -21.388863 165.421890
v 1.427028 -15.975550 28.052784
v 4.615744 -39.085228 24.649296
v -8.735889 -23.234779 76.505859
v -3.228375 -17.529095 6.455756
v 2.994876 8.814117 77.198280
v 6.901780 -7.841793 87.541405
v -7.045591 -48.564720 155.623566
v -1.416552 3.352089 111.484299
v 9.957066 -13.286671 43.951607
v -1.931792 -16.810989 7.687263
v -5.764828 -17.604996 48.031834
v -3.906143 -47.039330 148.035995
v -2.981529 -40.839035 118.729088
v -0.653668 2.436333 116.035011
v 0.422586 -24.014904 31.075834
v -6.872444 -56.056564 146.112122
v -8.230133 -16.393227 123.811958
v -7.194340 -20.112198 166.899704
v 1.416336 -25.654129 122.489006
v 6.914009 -13.708504 138.859833
v -3.349821 8.471485 79.297501
v 10.852925 -11.429920 36.026760
v 6.093019 -20.988815 97.484062
v 6.213630 -2.552498 112.559952
v -1.829411 7.299110 104.394112
v -3.333276 -5.971802 133.852997
v -7.122128 2.183723 125.962479
v -12.039695 -5.351524 74.546272
v 4.668674 -19.616791 155.761871
v -0.929541 -38.771606 21.301241
v -6.547902 2.208908 127.213631
v -12.762586 -6.431232 75.772331
v -3.381872 -0.151974 66.785851
v -3.478890 -19.396912 166.884216
v -3.241674 -48.714294 139.447540
v 3.875348 -18.986755 159.172928
v -3.835144 -41.477890 14.738253
v -3.328111 -18.898964 165.551529
v -0.742873 4.578194 115.441544
v -2.671062 -10.983231 59.743267
v 9.122190 -9.709003 34.595596
v 1.829128 -18.711746 38.074001
v 5.171047 -37.001083 17.061684
v 1.577855 9.798939 80.807289
v -9.754768 -16.181326 0.000623
v 9.271974 -8.312435 51.667301
v -4.950537 -16.022873 166.919312
v -7.384521 -32.430328 122.191742
v 5.233458 -36.637447 17.742905
v -3.322968 -51.005859 148.386047
v -2.789556 -11.400681 60.145134
v -8.645119 -15.583723 8.959879
v -2.922044 -11.285873 61.096588
v 0.618404 -22.735085 71.827965
v -4.360168 -26.099976 128.324738
v 1.093435 -6.605869 45.312275
v -0.256351 13.273006 68.783569
v -1.896704 -19.500084 163.861801
v 7.297974 -5.346704 37.928062
v 2.543961 -24.348244 126.156761
v -0.852054 1.171227 81.828781
v -6.974598 -8.421711 7.877116
v -7.444330 6.173298 93.142792
v -2.068177 -12.059959 72.068474
v 3.629624 -0.945587 126.037613
v 8.227022 -8.339417 97.852577
v 5.532477 -6.184906 162.118393
v -9.520566 -9.218267 6.731587
v -0.959231 11.093098 85.353058
v -3.050463 -0.328987 131.897888
v 0.338399 0.690647 81.343910
v -9.768129 -17.424248 158.732101
v 2.452296 -0.780540 58.525688
v -11.892427 -9.662605 75.873558
v 6.315678 -43.463894 10.689392
v -8.774997 -14.382561 146.692627
v -1.511486 -4.454704 150.178726
v -0.823430 -18.858665 151.256699
v 7.041784 -37.460926 7.940765
v 8.906305 -10.749161 150.151016
v 6.389124 -42.859524 9.187151
v -2.115650 -4.733475 148.124542
v -1.254713 -45.696289 122.765854
v -7.610101 -7.859317 2.513061
v 5.773130 -39.655094 4.084591
v -3.215640 10.584736 79.234947
v 0.135534 -19.219063 150.503006
v -3.143416 -19.031687 25.236526
v 0.825592 1.960770 120.675606
v -14.648169 -16.838745 85.001450
v 0.980191 -19.246758 150.979599
v 2.290365 -23.970543 128.434814
v 7.954012 -37.558426 20.821201
v -0.605213 -4.193047 151.738007
v 0.907187 -19.605042 151.197357
v -5.768820 -7.962748 0.029457
v 2.765358 -17.929298 144.782776
v -1.675743 -43.140640 22.187870
v 7.182198 -10.224976 86.968338
v -7.388315 -8.115800 0.087456
v -0.054276 7.037071 62.678417
v -2.224815 -4.255096 151.984177
v 3.538709 -15.001867 41.700584
v -4.010517 18.004757 -0.087235
v 0.992134 -23.149681 121.588730
v -5.337202 -20.710899 113.467728
v 5.978309 -13.802717 30.376698
v -3.063457 -17.758522 0.942476
v -1.443050 -22.160767 121.289528
v -6.323454 -38.361839 110.275108
v 4.490686 -22.091991 88.230492
v -3.136207 19.945421 0.192758
v 5.470395 -3.214985 86.598045
v 9.461604 -16.168125 0.052912
v 2.162559 7.746052 77.914581
v -4.502561 19.413338 -0.009109
v 4.254115 -3.617317 159.916473
v -7.363660 -17.995651 167.429092
v 8.588270 -6.573265 149.973785
v -2.931207 -11.258831 53.711712
v 3.804147 -3.275612 159.665482
v 2.001456 -14.713036 138.047012
v 3.591045 -43.176666 23.100628
v 6.380004 -8.486938 147.727997
v 2.884160 -12.531708 55.592041
v 6.455389 -16.828339 160.607574
v -6.897840 -23.239235 124.339516
v -3.854942 -55.863182 142.068085
v 2.434622 -22.735477 88.724640
v -3.195517 -46.089668 116.736717
v 7.454154 -9.051316 5.683588
v 6.776900 -13.351467 87.373993
v -4.466003 -12.243702 51.257286
v -3.271229 -56.110161 143.346878
v -1.422160 -14.094505 166.255447
v 1.333958 -35.921825 16.693451
v 2.022875 -2.517624 131.688919
v 6.313560 -16.854885 89.493393
v -2.049355 -33.397636 113.809479
v -1.222830 -8.822197 8.256398
v 6.999865 -13.652416 87.258713
v -0.603194 0.922279 87.256996
v -9.168087 -43.004784 116.987015
v -4.305344 -0.807060 110.696419
v -5.942122 -18.329638 24.444733
v -4.404097 -15.444640 4.885171
v 4.381942 -15.177834 161.955063
v -8.001750 -16.578329 9.066015
v 4.674722 -12.499107 129.460632
v -7.780324 -11.582047 119.480301
v 3.971788 -38.633900 23.369400
v -0.316765 -4.510719 161.780609
v -2.341172 6.296860 74.347923
v 8.107073 -3.135189 47.753906
v -8.434080 -16.999977 163.615875
v 2.056578 -15.371468 31.252518
v -6.292888 -28.150322 125.922501
v 6.996346 -16.284054 89.210327
v -0.176856 5.501598 79.984123
v -7.369358 -52.444221 154.316696
v 6.462315 -37.340588 14.721826
v -1.410274 -20.802582 160.609436
v -5.605011 -27.120865 118.251625
v -1.224380 5.564396 79.619621
v 4.962343 -38.408733 22.921822
v 9.681108 -25.506966 28.968929
v -2.039010 -20.024559 147.424362
v 7.002337 -38.329174 7.396452
v -2.755190 -37.105740 5.669121
v -7.168443 -1.708504 129.943649
v -6.178616 -36.100235 111.462830
v -8.644875 -43.425720 113.241608
v 2.980676 10.795071 73.846588
v -0.897286 2.966858 127.854507
v -1.378889 -38.838928 116.360809
v 6.275869 -2.933115 43.638920
v -0.221054 -52.164543 139.158447
v -3.111651 -16.613014 165.043335
v -0.058357 -51.579391 139.498795
v 9.490795 -4.184364 43.001461
v 1.875603 1.789528 126.742722
v 6.923070 -10.211720 86.801292
v -1.736953 -7.392205 4.938656
v -2.678289 -18.376350 147.728119
v 1.206882 -5.160881 162.261566
v 1.379933 -16.030941 7.034683
v -1.607437 -3.534576 160.438873
v 6.157930 -4.176373 88.718674
v -7.208427 -56.264679 150.148163
v -2.619278 -3.758369 149.871384
v 5.876105 -4.013199 88.547760
v -4.286745 -6.129639 133.726669
v -3.900547 -41.728142 109.383759
v 4.237368 -2.015907 85.658836
v -12.031311 -0.736305 79.865227
v -9.083553 -45.771034 120.855331
v 8.632650 -11.379311 146.661484
v 3.008858 -21.334206 122.079475
v 0.445940 -33.707230 17.884100
v 0.044782 -5.127884 144.401779
v 2.666458 -0.962215 63.394428
v -10.723284 -22.686203 83.483597
v -11.561620 -14.079319 74.849503
v 2.975031 -18.042156 72.422997
v 2.159166 5.606228 80.795357
v -1.951224 -17.865768 146.821793
v 5.322753 -7.446302 3.130916
v -4.630547 -54.314728 150.622086
v 7.388723 -9.401199 153.943207
v 8.252558 -7.085068 105.146912
v -2.165684 -54.735435 143.542221
v 0.881575 9.912128 68.353752
v 1.353705 -8.422241 137.584167
v -1.321064 -20.005188 152.417450
v 7.569313 -13.856834 116.640587
v 6.351715 -43.617668 14.424200
v 7.545277 -13.344154 140.475418
v -1.952032 -42.780960 111.945190
v 2.308353 -9.951637 136.531036
v -6.085431 -20.952103 166.604767
v 3.620655 -1.099243 86.562660
v 6.505047 -26.070175 33.978104
v 4.443019 -16.949234 129.236145
v 5.244521 -15.277222 141.661163
v -2.208863 -8.194397 135.305191
v 6.572747 -13.711143 161.548508
v 3.039017 -13.214390 53.364384
v 3.029915 10.467876 73.117081
v -5.847393 -51.021095 139.180145
v -3.128201 -38.450230 14.167108
v 1.450348 -0.083000 110.815376
v 4.147147 9.465782 72.207985
v 0.542531 12.468506 69.828499
v 5.812145 -37.429298 18.960388
v 1.817140 11.262714 69.402649
v 8.215073 -15.318298 152.397217
v 6.062042 -37.732216 21.495598
v 0.073675 -32.970375 5.736812
v -3.394444 -53.192024 138.070389
v -4.762107 -21.151749 119.826553
v 3.423594 19.592974 70.305779
v -0.091272 12.733860 70.253372
v 5.676788 -38.001575 21.816488
v 4.062525 -21.408203 125.916504
v 7.275555 -12.882927 154.923889
v -3.503944 -21.274963 152.521973
v 4.414852 13.069565 69.544212
v -7.840740 2.079056 117.049011
v 0.084776 -27.607939 28.327097
v -6.703241 -43.200020 125.622429
v -6.098701 1.468941 79.897957
v 3.541017 9.670952 72.655540
v -7.071012 1.451172 112.617928
v 7.171011 -39.767075 15.752411
v -1.777822 1.633080 114.515663
v 2.052081 10.134792 70.195045
v 7.262209 -9.426941 146.213470
v -1.353825 0.137817 67.731140
v -4.394624 -20.813583 165.697205
v 4.234707 -1.601097 88.580162
v -3.262630 -19.792051 32.261993
v -0.529986 -20.643242 156.344086
v -0.253845 -0.035992 67.953255
v -5.971985 -42.963554 125.636658
v -0.830444 -14.918327 166.103882
v -1.551492 6.587006 65.468315
v -0.156883 -50.164009 139.796249
v -4.722423 -18.432487 19.109322
v 7.216097 -27.578911 32.416874
v -5.807082 -17.854137 42.048599
v -1.618792 -42.967743 119.849709
v 4.416587 -17.999329 146.693802
v 11.088980 -6.823040 43.886673
v -5.630610 -48.747665 141.325592
v 4.392637 -1.627285 88.026810
v -1.419163 -44.233711 122.662132
v -2.142854 -24.009796 87.758209
v -7.294151 5.957993 116.049225
v 4.527773 -1.426395 88.443665
v 9.854525 -19.493048 31.098568
v -0.728304 -4.426270 151.055573
v -4.787416 -17.111206 167.530182
v -5.912910 -22.764648 122.502159
v -0.743361 -4.191017 151.279160
v -3.507992 -51.886902 146.728363
v 1.690653 -1.032410 120.201706
v -0.673131 -18.783371 149.119705
v -5.887746 -23.971596 121.569359
v 1.503608 7.584778 69.535866
v 10.106524 -15.154816 33.310390
v 8.284503 -15.839462 102.930092
v -8.141253 7.842014 97.199493
v 10.675559 -15.271183 35.498772
v -8.693262 -8.359335 1.769908
v -7.952546 -2.076569 125.128052
v -12.219429 -18.383362 90.200897
v 4.906870 10.284016 72.692459
v 0.855776 -39.034737 22.372997
v -7.385851 -52.691681 147.379532
v -1.829110 -19.827896 149.469269
v -7.536406 0.244423 123.810516
v -3.914273 -20.324825 44.741398
v 7.138518 -13.945175 139.742157
v -1.170418 -45.560623 145.143097
v -3.367622 -14.996536 140.563950
v -8.428284 -38.310410 112.420624
v -2.485852 8.869503 101.000885
v 0.118355 -10.276440 27.225935
v -7.713776 -36.065155 112.592697
v 1.604454 -26.301918 124.410797
v 2.752836 -23.103905 90.274803
v -3.915048 -20.585854 164.267181
v -4.853077 -19.380955 41.504356
v -5.070091 -51.869049 155.367004
v -12.572919 -19.180500 77.157166
v 1.017031 -23.721584 88.848640
v 8.023918 -36.930977 20.080643
v -5.656861 -14.640064 47.511250
v -1.557594 -51.161430 143.689880
v 4.173767 12.911278 69.313866
v 1.349142 -18.124153 160.293365
v -1.725430 -24.392879 82.885063
v 1.190562 8.884739 88.669563
v -4.376416 -21.272995 164.198242
v -6.620818 -12.076756 72.900726
v -0.159599 -46.652023 145.593063
v -7.841509 -55.006416 154.132736
v -5.231462 -24.340229 73.565262
v -5.837797 -11.802498 72.262779
v -7.397914 -4.863152 117.347504
v -0.881310 -47.529312 143.087845
v -1.564902 -0.071732 110.986420
v 2.887082 6.776939 81.228943
v 1.692343 -34.443184 0.291133
v -9.518791 -0.641983 88.631126
v 6.672485 -6.963448 159.030197
v 1.675075 -18.710381 150.544037
v 6.526632 -13.566105 87.408432
v 6.224357 -5.654457 159.174271
v 0.931587 -12.325253 75.102951
v -6.475990 -0.060440 121.833000
v -7.833285 -4.971336 120.743179
v 3.149228 7.776035 81.150139
v 5.960406 19.082361 67.850174
v -2.840399 -18.406036 163.964127
v -6.750711 -9.261948 163.522537
v -0.957921 -18.874664 151.941269
v 3.960066 -20.250275 157.247818
v 6.256781 -39.048340 23.739614
v 0.499840 -26.443924 127.373894
v 11.069863 -9.831699 45.233723
v -2.956078 -19.294006 163.803055
v -3.786762 9.428288 101.286751
v -5.735375 -11.671120 134.268723
v 5.392073 -26.916618 33.564003
v -2.235519 -54.993301 142.186584
v 7.688297 -11.644737 161.824814
v -0.958243 -18.474030 151.013916
v 1.622366 -22.448807 122.141876
v -6.296462 -19.828102 116.867012
v 7.223699 -9.795464 162.115631
v -8.549269 -16.764774 6.779140
v 8.907968 -8.868484 154.670059
v -0.513088 4.648556 80.129044
v 6.537010 -7.918800 162.183685
v -8.913177 -43.662498 120.975960
v -2.329531 -20.762627 150.923859
v -0.832467 -16.096474 141.194580
v -1.904358 -54.222061 142.266983
v 1.793425 -35.831230 17.610802
v 4.381272 -2.428368 122.494820
v -3.130551 3.720608 91.518532
v 3.972054 -33.839214 16.835367
v -6.952564 -16.744019 7.887591
v -7.998124 -8.624405 111.070824
v 1.812476 -9.567991 42.294117
v -5.979719 -23.627167 89.794380
v -8.053560 -19.243607 166.785660
v 4.736753 -15.823494 141.019104
v -7.724965 -11.500626 115.915833
v 6.421993 -39.907623 6.546058
v 2.574086 -1.802586 79.301971
v 3.386436 -17.109795 131.091705
v -2.266540 -16.263926 8.534833
v -3.481098 -11.151714 45.570560
v 3.274200 -2.936958 79.434547
v 6.308311 -38.006012 4.994916
v -9.056360 -9.500604 7.902390
v -0.740099 -4.197945 149.177551
v -2.257767 6.988369 77.063370
v -10.886616 -10.177895 157.097046
v -14.754801 -14.197861 82.904305
v 0.085824 10.490673 80.450653
v -2.389365 7.490913 77.892845
v -8.659109 -44.873459 115.775711
v -5.696625 -55.796791 159.664124
v 0.506154 6.817196 76.406914
v 0.484278 -28.145477 120.491135
v -7.908330 -18.139305 62.408306
v -8.649826 -18.045494 163.683090
v -1.224131 4.187546 93.002678
v 0.233149 -34.624340 1.055619
v 9.963797 -5.459995 40.034439
v -1.551727 6.826813 102.909981
v -8.616581 -12.439999 74.025337
v 8.815372 -12.927505 159.636200
v -5.868609 -16.650673 48.017269
v 1.571689 -20.340546 45.687160
v 5.511591 -1.225624 105.573471
v 2.773802 -13.354809 57.442490
v 8.599482 -5.953110 152.765411
v -8.386814 -21.928047 71.215149
v 5.905251 -7.339142 145.603760
v 9.119671 -4.967659 39.695702
v -2.985673 -19.113289 146.974182
v -1.500801 -41.068130 116.197266
v 5.063203 -16.311371 144.848343
v 3.185665 -38.572540 23.817780
v -7.060701 -4.114952 157.539230
v -5.628637 -52.538292 141.363770
v 9.925495 -20.921942 32.329510
v 2.354001 -3.461735 46.580017
v 4.531071 -16.723076 144.205505
v 0.085551 -8.397018 135.152328
v -1.382776 -19.840370 163.655746
v 4.845425 -17.805641 127.507965
v -4.947546 -47.294708 144.410675
v -7.033559 -18.844872 118.623787
v 0.210427 -8.067558 134.971100
v 1.450069 -13.779968 26.010433
v 7.318852 -15.244476 161.115097
v 3.144075 -13.527206 74.869713
v 10.585060 -12.427380 43.967793
v 3.285602 -17.803421 152.357239
v -8.253705 2.617012 110.846725
v 6.707973 12.747742 76.510857
v -6.572308 -42.488091 109.675758
v -8.128763 -24.127338 83.560654
v -7.868645 -57.727844 150.472855
v -5.425694 -15.500282 165.958679
v 2.287645 17.884003 71.423286
v -4.799202 -49.269653 123.654266
v 11.520336 -7.897303 41.125004
v -8.677171 -23.989223 81.119263
v -4.878418 -12.619835 45.677681
v 0.291256 -11.529705 66.764717
v -2.742242 7.912415 76.301613
v 2.560209 -41.821442 23.585159
v -3.067968 -14.465256 166.333527
v -6.680435 -44.534531 112.272255
v -2.968916 -19.181541 150.276703
v -0.296526 -23.376137 89.666679
v 2.235244 -19.348362 43.211521
v -9.438949 -14.017570 163.130280
v -0.179955 13.650459 68.873383
v 1.465496 -2.625298 157.434662
v -6.016274 -16.083267 165.897141
v 4.533679 -7.860809 138.505310
v -2.500177 -19.358536 150.236526
v 1.536330 -2.967094 157.829330
v -6.340879 -15.524231 165.998367
v -5.991469 -18.149578 51.394608
v 7.549945 -16.952965 114.416786
v -4.933765 -55.403244 150.386963
v -6.045170 -53.269554 140.081345
v -1.131588 -37.178928 18.727346
v 7.884170 -15.728127 112.885422
v -7.316760 -22.970757 91.715912
v -4.458260 1.559059 79.997185
v -2.667858 8.275993 64.445213
v -6.414056 -1.994217 120.366615
v 2.696162 -9.320183 135.094879
v -5.964180 1.376534 77.176651
v -2.960514 -53.504906 139.333054
v -2.858561 9.181793 62.338093
v -9.271091 -10.291643 0.052641
v -4.238253 9.208176 65.737755
v -12.602148 -9.461365 76.809387
v -3.902297 8.489532 71.694450
v -1.581654 -39.454140 21.119129
v -10.411113 -10.119286 -0.002493
v -5.892753 2.921471 100.436874
v 8.598976 -15.990929 149.732880
v -6.053560 -15.329041 165.077103
v 1.037804 -0.983162 74.284004
v -13.269846 -8.583450 77.350700
v 0.532857 -18.096481 144.795074
v 4.619822 -17.775261 147.230286
v 2.501585 -14.971394 68.139633
v -10.549670 -13.670982 149.705734
v -7.334922 -16.039177 164.531525
v 4.169600 -9.325256 75.674400
v 2.073214 10.087318 79.241463
v 3.568984 -17.940418 58.125538
v 1.337466 8.964405 68.543701
v -1.846556 -41.262455 21.871775
v -8.664116 -4.028809 156.270767
v 3.982275 -30.512432 30.780640
v 5.354338 -3.092293 88.011147
v -1.409410 7.008186 101.391525
v -4.383592 -3.171089 132.838089
v -9.936365 -9.938431 148.799393
v -4.450673 -11.558384 42.844643
v 6.278710 -14.723480 144.746643
v 7.028444 -38.791752 16.762930
v -0.167287 11.076275 70.875862
v 3.412676 -21.996437 123.993347
v 0.198144 11.686386 71.374680
v -5.304973 -26.831902 127.430687
v 10.296496 -16.585575 38.061836
v 6.747513 -10.369289 88.418358
v -13.006193 -20.560997 82.970665
v 9.310189 -20.000834 36.336266
v -3.163366 -36.736904 8.197866
v -1.505871 -23.564800 69.421738
v 4.000809 -20.864571 127.917931
v -5.904365 -22.264664 91.419205
v -13.511380 -19.499813 85.024956
v -3.681383 -42.981934 125.742691
v 6.684443 -42.078228 20.007744
v -7.458408 -45.310539 114.493164
v 4.633767 -3.590401 154.025330
v -7.541740 -22.095009 90.696136
v 2.030762 -9.958984 134.863800
v -12.864693 -20.488232 85.093460
v 6.718761 -38.359245 17.810175
v -7.227788 -23.529865 86.085564
v -3.509020 1.592117 110.969101
v 6.651960 -43.841103 17.614792
v 7.053415 -8.190056 88.583366
v -6.707740 -19.871292 162.774139
v 0.791883 -18.753731 162.211655
v -8.616602 -8.528156 6.724971
v -4.239263 -13.377815 166.241470
v 2.977301 -10.494537 132.035522
v 5.028582 19.836761 64.836334
v 4.710343 -5.649673 154.392380
v -7.072877 -12.260590 164.956055
v -6.130707 -60.815544 154.427261
v -2.028332 -46.760880 148.319275
v -6.389185 -38.982674 118.762001
v 4.478868 -4.402344 153.975876
v 6.235706 -15.070091 151.834656
v 7.066436 -9.977737 88.886307
v -8.525723 -39.997955 111.787430
v -1.890472 -22.809441 121.007469
v -2.003758 3.460518 107.532829
v -8.499833 5.574066 112.237373
v 4.731709 -4.481552 161.287598
v 1.260721 -26.670334 125.948410
v 7.578102 -17.104843 2.803812
v 0.547215 2.813423 126.865868
v 1.127112 -19.097403 34.744591
v -11.976804 -16.404762 74.365974
v -1.444112 13.585571 70.940926
v -2.696973 8.382828 76.895729
v -4.502195 -20.112175 162.811417
v -7.526151 4.020119 119.887085
v -1.887493 -42.355888 151.386078
v -10.212463 -5.241524 155.144958
v 6.364939 -17.784393 120.705132
v -3.378601 -44.662643 147.593719
v -2.633530 -20.532150 151.112610
v -10.637278 -20.463684 93.453377
v 3.664385 -13.666782 48.797047
v -6.866664 -20.492378 159.282120
v -12.572069 -19.645332 77.185326
v -3.634954 -45.013100 148.632584
v -2.019517 -12.167206 74.748390
v -1.053386 -19.605713 132.938385
v -9.521812 -18.619015 69.841522
v 6.521540 -17.991776 87.743370
v -6.536400 -2.857117 156.667114
v -13.397634 -19.671028 78.354233
v -3.022945 -38.491150 110.497169
v -4.699408 -17.957096 2.499821
v -5.136236 -20.280479 162.646164
v 7.207808 -3.051704 103.623672
v 4.886749 -10.790287 60.195053
v 4.317692 -7.221046 139.892075
v 1.011155 -18.136488 31.645683
v -2.196148 -42.662231 121.689621
v -6.389235 -1.782608 131.147644
v -2.690391 -7.805391 1.156698
v -10.986324 -21.200275 88.910484
v -4.771088 -46.603760 147.282059
v 3.280361 -3.580864 152.736771
v -8.123437 -15.676727 109.277802
v -1.809028 -19.944031 146.209259
v -9.662255 -11.310062 75.738968
v -9.186145 -12.865135 104.280136
v 3.015223 -2.041687 155.439056
v 6.319848 -5.343227 37.956264
v 0.168602 -17.751854 144.264984
v 1.690370 -7.700577 138.735031
v 1.077368 -21.191048 28.233025
v 3.830108 -6.716946 75.840919
v -7.019110 -19.279762 162.443176
v -1.457191 6.036293 111.311783
v 7.601332 14.386105 74.347893
v -6.733645 -21.071625 164.502563
v 0.155398 7.022564 94.269043
v 2.778033 9.075230 72.035774
v -2.568188 7.596142 81.047958
v 6.920612 -40.415131 8.552055
v 7.105472 -3.935173 91.625702
v -6.508726 -19.723991 161.929184
v 9.234520 -7.003120 36.869068
v -1.511877 -44.436829 147.240799
v -7.566668 -54.728096 156.648117
v -7.357472 -20.686356 165.102097
v -2.190896 9.412159 81.524727
v -11.178730 -12.928215 75.693512
v -2.250099 -2.806404 147.016418
v 1.202213 -32.742680 5.629902
v -8.058517 -50.067322 135.353928
v -0.466991 -0.445778 117.259460
v -0.794608 -8.053336 7.012616
v 4.517683 -35.180756 18.010725
v 7.276314 -15.507500 155.282135
v 10.078979 -6.452164 38.540665
v -0.503255 10.283588 69.846046
v -8.092535 -20.384865 164.759521
v -1.332815 0.913704 96.749229
v 6.669739 -14.887901 154.694931
v -6.112114 -12.025875 73.586914
v 2.589542 -33.526215 7.412437
v 1.540194 -10.245783 7.532477
v -7.439472 -50.518456 140.979416
v -5.594816 -37.912567 119.618332
v 1.219625 -8.537154 7.140608
v -1.935328 -4.102928 161.105057
v 4.164663 -33.988129 7.368866
v -7.175464 -4.265675 66.113121
v -1.583492 1.183872 83.745018
v 7.060765 -13.534332 156.051270
v 1.312934 -14.256699 136.647415
v 1.977556 -11.127106 41.509293
v 3.058812 -0.837318 82.752846
v 2.297168 -13.087318 136.513672
v -0.411658 1.446022 117.926346
v -10.909072 -22.108051 78.490417
v -4.963184 -11.734501 67.027756
v 9.532450 -16.367931 1.943263
v 6.003200 -6.914013 85.406281
v -2.693087 -14.941109 135.758789
v -10.113245 -0.432289 87.334358
v 7.949791 -11.511337 149.753189
v 3.485655 -4.778221 147.541626
v 0.585718 -12.150650 62.784294
v -7.948065 -7.526108 129.602203
v -4.123369 -3.233681 155.783371
v 2.673409 -6.036919 162.501038
v -4.447265 0.768269 87.817490
v -1.856483 -37.051086 15.641269
v 5.683000 -16.110390 145.852829
v -7.409414 -18.054115 111.342529
v -4.985531 -55.675545 150.150543
v -2.768892 -18.195465 165.138519
v -3.480074 -11.433708 48.813171
v 4.306317 -5.870573 38.768948
v -13.682209 -3.374668 79.940491
v -5.426987 9.319328 103.361610
v -1.438834 -16.808456 143.934402
v 5.933231 -40.562244 21.695223
v 3.400423 -21.510445 82.009224
v 6.458579 15.101662 71.355675
v -0.298960 -31.317863 118.241814
v -8.644646 -40.845787 117.161240
v -1.310178 -10.986610 54.045776
v -9.573067 -1.184044 92.989708
v -2.607504 -4.555031 146.983383
v 3.819226 -7.325142 162.698227
v -5.223568 -57.618446 149.039673
v 0.089076 -2.064651 158.398499
v 11.520287 -9.789497 38.652397
v 1.691882 -0.992958 68.256386
v 6.306299 -35.548012 6.645970
v -6.793621 -19.897430 131.173233
v -7.198273 -3.173462 107.801888
v -5.187681 -22.073799 122.131302
v 6.538025 -36.409271 5.903260
v -5.792457 -17.241413 45.237656
v -6.694429 -19.815361 167.491440
v 0.296808 -2.274086 158.109131
v 1.689501 9.220600 81.390663
v 3.660480 -17.707047 148.804779
v 0.031484 0.685123 86.903893
v 1.554977 11.002136 80.802406
v 1.376414 13.155605 71.422729
v -3.747233 -0.795631 64.980537
v 12.587693 -13.943563 1.528280
v -9.296705 -11.671831 5.081246
v -6.953942 -3.088627 66.600708
v 5.707908 -8.964378 138.036346
v 3.380379 -17.689907 44.998055
v -7.040209 -19.274918 167.468002
v 8.194650 -4.626036 39.483925
v 4.708796 -20.502861 89.918663
v 1.698313 -20.000763 153.970428
v -8.424809 4.079742 101.329773
v -2.476591 -40.999931 118.310959
v 5.591673 -36.519638 2.927250
v 2.386389 10.314262 81.063324
v -3.738670 2.376167 106.470749
v 2.844799 -16.566017 70.994392
v -1.860987 -23.839203 91.170609
v 0.047050 -11.615593 165.392471
v -6.054635 -8.811760 142.876266
v -4.059221 3.107834 99.061302
v -8.999750 -38.498123 114.804802
v -9.698362 -9.018036 1.767586
v -4.282808 -19.653389 167.308670
v 0.241382 -8.202530 136.744202
v -2.143254 -21.356010 154.909973
v 9.445360 -14.940924 5.289205
v 1.614966 7.560665 88.086800
v -8.461390 -7.730751 68.763794
v 3.286565 7.752522 71.207062
v -5.676841 -23.977406 85.808922
v 6.512762 -15.932587 154.627335
v 8.118678 -15.821114 109.245117
v 0.932225 -8.411545 134.766266
v 0.182997 -36.794205 19.259806
v 0.031860 7.706383 94.479462
v 11.741729 -10.589113 40.957306
v -10.763583 -13.884430 160.014023
v -3.093814 -20.543373 151.430374
v 5.275155 15.952969 73.266586
v 1.184958 -24.047569 121.583054
v 5.618218 -7.903028 5.176102
v -4.859243 -2.609985 158.526733
v 6.290697 -43.349991 12.684401
v 1.516341 -22.050697 112.942993
v -2.516975 -49.830376 147.830368
v 2.902124 -40.132057 22.993666
v -9.730816 -9.820290 101.936096
v -4.037472 -56.310532 147.277145
v -0.910546 12.562878 68.150169
v 7.628223 -16.904863 3.621381
v -1.726660 6.072823 81.459351
v 7.282563 -16.083565 42.254700
v -1.643849 12.274738 75.189034
v -0.983067 -34.870560 120.019272
v -6.021009 -52.461441 138.463318
v 2.884698 15.794704 75.265518
v 6.350354 -15.925158 42.404968
v -3.904903 -14.886459 141.759781
v -8.116529 -6.271072 121.751686
v -7.057406 -22.263237 124.795906
v -1.551891 0.630157 117.549393
v 5.551935 -15.244764 42.894661
v -3.008354 -49.178940 140.505051
v 2.405232 8.510738 71.040504
v -7.874650 -16.301689 165.667282
v -2.783512 -48.889435 141.163055
v -6.236531 -7.680973 2.583376
v 5.370794 -2.395016 88.122086
v 3.625537 -1.390629 51.906292
v -8.139374 -16.690025 166.291306
v -2.998772 -0.618736 114.791466
v 0.835760 -35.782986 18.164896
v -3.219694 -48.472862 141.349930
v -8.122614 -4.867287 153.374023
v -5.916405 -22.568222 130.663361
v 1.273649 -14.039391 135.616745
v -8.244471 -17.939568 166.401077
v -3.112431 -17.894316 1.772743
v 8.873743 -3.878815 47.768784
v 3.829270 -15.931896 49.109451
v 7.238667 -18.323631 87.737381
v -5.715005 -20.114082 132.103714
v -8.038042 -17.360634 166.293396
v -6.808383 -18.923492 150.243835
v 0.467228 -15.209831 138.070526
v -7.469126 -5.281639 130.634964
v -0.710022 -35.169621 11.835635
v -7.372284 -56.517944 160.149658
v 7.872769 -4.036274 52.878277
v -9.171715 -43.825523 116.841873
v -2.486511 -41.521912 110.228638
v -0.453914 -19.756248 158.739395
v 7.148261 -4.324768 57.008312
v -1.648356 -4.225449 147.984680
v -2.436956 -8.772630 8.822216
v -3.426373 -7.867671 1.729322
v -5.085971 9.728413 100.047310
v -2.630583 -48.377037 123.256920
v -4.741163 -40.452263 118.977425
v 0.653862 -18.830742 132.733414
v -2.814362 -8.003410 7.724874
v -10.515520 -9.976563 5.414976
v 2.786108 -35.262444 11.843035
v -2.447443 -43.393944 125.272087
v -3.267538 10.559315 91.768593
v -9.995577 -8.957377 4.114712
v -0.081479 8.005699 73.010368
v 0.928326 -35.007469 11.956599
v -2.420031 -24.088058 89.385002
v -2.996304 -43.107574 125.391220
v 7.174206 -9.756485 154.054230
v -1.299129 4.904049 79.522362
v -4.154616 -21.156166 153.900543
v -2.227115 -10.794113 165.595078
v 5.367275 -10.555344 162.672485
v 3.558698 -18.938896 159.470383
v 7.404943 -4.946060 152.906403
v -7.616931 8.601135 104.080109
v 4.384145 -17.668076 154.851517
v -2.900290 6.376434 117.702309
v 3.362827 -13.471329 49.917511
v -4.314409 -48.910507 140.163589
v -5.374378 -51.029884 156.761948
v -3.673672 -11.265915 165.796799
v -7.664877 1.589851 121.962006
v -8.591207 7.322746 105.937286
v 3.491170 -18.827255 56.005455
v -1.082227 -2.809074 160.526688
v 5.177637 -13.184143 137.397949
v -8.819832 4.055702 105.952202
v -6.878759 -32.601723 122.654297
v -5.665978 1.035530 112.764503
v -10.644814 -15.022942 159.625351
v 4.861570 -20.671066 118.274704
v -6.369343 -54.134171 139.804596
v 7.109595 -12.860771 149.132385
v -6.215241 -3.031250 131.785980
v 2.494344 -12.347519 57.043694
v -7.377455 1.110130 76.805962
v -4.868534 -0.398430 121.241653
v -0.874115 -49.193382 143.486420
v -1.105045 -52.384071 139.483231
v 3.833718 -5.441528 148.955276
v 8.160405 -14.204422 151.557968
v -1.591290 -52.609100 139.435547
v 2.286630 -12.705383 57.263443
v 8.156478 -15.338394 150.995544
v 5.051676 -6.562134 126.906456
v 10.491753 -16.449072 36.980320
v -9.640567 -17.399620 69.737694
v -3.491347 8.938614 63.024612
v 7.004780 -4.942833 116.028152
v -3.522762 -9.130226 136.984055
v -5.194571 8.274475 109.474136
v -7.091629 -50.355286 148.123825
v 7.646935 -12.029076 152.898712
v -13.183828 -11.772625 89.553757
v 4.766527 -36.199944 13.271441
v 6.255934 -42.678085 21.175772
v -8.986582 -42.073959 117.051758
v -12.284901 -5.028324 89.268997
v -7.813031 2.223656 119.267738
v -11.937347 -8.272125 152.923080
v -11.368324 -5.049858 93.700256
v -11.321815 -12.858971 96.437912
v -6.442403 -21.107330 166.010086
v -6.229537 -25.192291 128.032700
v -10.920904 -3.640121 93.638672
v 7.539789 -12.716286 153.986938
v 5.646008 -15.343071 161.525055
v -3.090401 -20.005684 151.165619
v 1.880626 -12.426655 58.305592
v -10.506783 -2.305450 92.700066
v -4.903656 -0.721237 131.642624
v -0.087929 6.421604 65.428368
v -4.838314 -52.374664 161.038864
v -0.934010 -9.050144 50.915352
v -13.092947 -14.789238 90.286545
v 7.441583 -10.936584 153.408951
v 8.905542 -5.616585 153.969513
v 10.777354 -7.134209 38.899487
v -1.265646 -2.255074 57.158424
v -1.854353 -35.129185 9.289949
v -5.594344 4.043594 124.983757
v 1.319472 -16.710167 164.439468
v 4.939221 -17.499710 145.737823
v -4.103342 -27.904320 117.031311
v -0.023002 -4.494942 147.743195
v -3.734766 -2.831650 152.120255
v -7.514653 -19.200768 122.957741
v -7.709030 -57.048584 151.279785
v 5.388209 -20.298611 86.662437
v 1.032463 -21.047882 153.991364
v 3.215117 -18.435829 146.867126
v 0.160631 -41.169548 23.267387
v -1.982589 -17.448837 164.851212
v 2.335204 -16.020226 161.979538
v -7.310261 -16.914352 162.982376
v 6.880318 -38.088001 15.828718
v 10.124960 -8.448777 2.823919
v 2.803332 -19.199785 38.549442
v -14.415578 -18.028072 80.332108
v 0.020625 1.897171 118.469681
v 9.709259 -14.728481 32.597580
v 7.597592 -16.325438 4.697218
v -1.075014 10.880142 79.929916
v -6.027290 2.236481 105.698380
v 11.555611 -8.339350 42.875374
v 6.785433 -7.372871 86.863106
v -4.505418 2.602730 103.527412
v 3.346651 14.360645 77.674797
v -5.725687 -0.343979 121.690613
v -14.420135 -18.040062 82.681656
v -1.309577 6.786137 78.296906
v -3.103727 -41.622917 150.673721
v 2.744349 14.321392 68.509567
v 2.939202 13.399197 78.717262
v 11.573654 -9.411692 43.254520
v -7.223276 -52.221092 150.277954
v -6.555909 0.390472 129.469467
v -0.887352 -14.972427 136.240524
v -0.627815 -39.382034 22.228172
v -11.407488 -11.034710 76.501480
v -9.536866 -16.106415 69.527069
v 6.319018 -18.962326 118.393646
v -6.982944 1.576134 127.317696
v -0.339339 -19.005028 145.329239
v 4.272399 -21.270767 90.238411
v 1.825667 -10.504288 69.406914
v 1.656371 12.756165 71.401733
v -0.436159 -17.881664 4.640646
v -6.966729 -16.756519 57.493179
v -9.035979 -15.789881 7.973117
v -10.036656 -11.382489 7.981442
v -3.049598 -2.894432 151.193344
v -4.855503 -46.278313 116.027878
v -10.209125 -12.508419 8.052571
v 2.040770 -23.223309 82.186531
v 6.388132 -5.771702 88.434448
v 4.980816 -30.507519 30.841908
v 2.650725 -19.772987 158.279510
v 8.594484 -9.578789 153.147064
v -8.259154 -17.052925 107.122597
v 6.486897 -42.745213 11.369228
v 6.299223 -15.309326 161.114105
v -3.074915 -2.689644 150.000641
v -2.980748 -14.767128 136.534058
v -7.504906 -15.796150 165.283157
v -5.868979 -21.855492 61.902180
v 7.169768 -4.474392 39.344330
v -0.699198 -19.909912 150.989319
v -1.099585 -2.719177 150.564392
v -5.071501 -11.757713 68.083397
v -7.144301 -20.219090 61.964523
v -7.526531 -16.235596 165.462555
v 0.324902 -1.637939 132.223953
v -2.059279 -14.787041 136.375870
v 8.888429 -11.876534 151.066238
v -6.603035 -21.116089 62.093124
v -0.361205 -18.365326 146.441895
v -5.496624 -30.969566 114.893417
v -1.725157 -41.828407 117.660599
v -4.356909 -20.275658 167.372818
v -10.316940 -11.503952 149.815384
v 8.899733 -11.887749 152.301178
v -1.785866 -18.928146 146.813507
v 2.156190 6.771889 80.753838
v -6.019047 -57.774994 148.713211
v 2.025038 17.121227 72.114540
v -2.036870 -20.823601 150.629288
v -7.069126 -16.639961 166.374954
v -1.379524 -48.734039 146.581924
v 7.090612 -10.203300 150.286194
v -7.056764 -16.160797 166.423843
v 1.259801 -1.953522 131.991867
v 4.259632 -5.363014 79.152298
v -9.660494 -3.792603 98.843735
v -11.086283 -9.703270 150.585754
v -6.841733 -16.006218 166.636826
v 0.767414 6.302971 82.289345
v 7.443486 -15.676514 148.607880
v 6.228747 -7.916382 151.950211
v -2.957787 -49.850998 148.688431
v 7.352932 -10.033577 151.880753
v -5.006762 -16.687401 167.578354
v 0.159701 15.520279 69.924255
v -2.199749 7.922485 78.798950
v 0.401111 12.863262 70.043022
v -9.127594 0.803749 79.002998
v -1.167406 14.619854 74.505264
v -14.160655 -11.840359 86.020485
v -1.796894 -44.179878 151.083160
v 0.304579 12.935085 71.309975
v -10.131671 -20.467094 90.696945
v -14.528788 -12.058491 83.143303
v -3.205415 10.479961 69.050560
v 5.407811 -4.005020 122.058334
v -1.425829 -6.236366 143.899765
v -0.911613 -20.574402 161.572403
v -10.289881 -20.870560 90.467270
v -10.774020 -6.301476 153.046799
v 9.293729 14.501465 71.221176
v -4.028821 10.001778 68.132111
v 7.049158 -12.920727 89.067513
v -0.921758 16.106937 72.249123
v -2.758013 -17.344658 144.236984
v -10.554604 -19.680565 91.258087
v 1.731334 -19.656471 153.822464
v 0.861814 7.548779 64.957069
v 10.607410 -16.048914 36.084686
v 1.265959 -20.438171 132.008408
v 1.627199 -38.155910 23.276655
v 5.172387 -11.844671 32.212345
v 7.496553 -5.310181 91.779175
v -6.014914 -16.459412 166.195877
v -4.361364 6.414375 118.350037
v -7.646816 -17.553446 4.042778
v -7.122903 0.667191 120.913483
v -3.150936 -42.391533 109.933418
v -4.494565 -23.056778 90.497559
v 7.729677 -4.211555 102.316422
v -7.028092 6.800056 113.745834
v 3.169359 -19.672333 130.722595
v -8.065678 -9.014423 68.813599
v -1.082827 4.531120 112.260391
v 8.071125 -7.262970 109.725998
v -2.054745 4.143272 103.053864
v -6.911518 8.692169 105.629982
v 4.039563 -6.839729 130.077972
v 6.569324 -13.317863 86.875816
v -13.331720 -14.201084 77.735420
v 1.650113 -12.317858 7.599616
v -1.453070 5.442299 107.366798
v -0.589662 6.821381 73.044678
v 7.526533 -7.418663 159.819107
v -5.323567 -18.803917 167.359970
v -6.616599 -21.368973 163.953262
v -6.736742 -12.023956 141.132416
v -5.214529 -5.987068 146.450378
v 6.348636 -1.864906 99.907974
v -8.299933 -16.296455 125.401825
v -5.735407 -43.239311 110.059814
v -11.768777 -3.892487 74.750076
v -10.102396 -7.420219 151.332397
v 2.721087 -12.800636 54.587559
v -2.166779 -4.880440 145.818573
v -6.875017 -19.057152 112.650787
v -8.550345 -6.516144 68.566154
v -3.146064 -16.983702 7.716750
v -6.866736 -17.688080 149.739502
v 0.439332 2.909836 119.678543
v 9.795043 -4.753990 41.472847
v -6.084785 -7.845787 1.773005
v -8.934950 -23.288906 78.180161
v -8.890517 -9.594215 161.670364
v -8.299640 -14.976357 126.338348
v -8.598492 -5.148369 68.726540
v -10.070232 -13.778184 7.970705
v 5.082855 -6.840614 145.508698
v 8.626486 -10.391182 156.345337
v -6.972519 -6.773674 65.163673
v -4.513456 -19.066765 150.585312
v 3.582526 -16.679031 142.079163
v 5.001365 -6.684845 144.592697
v -5.096045 20.929169 0.530338
v 7.073895 -13.518967 141.279663
v 0.569977 -27.555763 125.917885
v -7.275162 -5.490936 65.847733
v -0.068980 -18.815773 149.001617
v -0.651108 -10.786259 52.252945
v 4.517603 14.952953 70.860977
v 2.442595 -12.901062 75.028015
v 6.970063 -20.407530 26.193249
v -4.510735 -47.962013 152.819138
v -0.580662 -10.480286 51.428261
v 0.027789 -18.533295 147.763153
v 8.020236 -18.521606 28.112244
v -5.802044 -54.394226 139.543289
v -5.795766 -7.848450 6.601593
v -3.196682 -8.606361 135.363144
v 6.710257 -9.278603 143.893341
v -7.698362 -17.828812 162.520706
v -7.858263 -8.791496 113.202377
v -9.664791 -22.433681 75.889244
v 5.488041 -6.672165 148.572968
v 7.063721 -12.744972 144.009644
v 2.150793 -5.955299 142.089096
v -3.505963 8.933807 73.211700
v 1.823448 -45.632767 22.369699
v -14.075740 -10.711140 80.287971
v -10.827778 -2.663673 73.933281
v 6.880459 -12.732552 143.402069
v 11.868985 -11.238892 4.925667
v 3.134204 -6.475166 141.064514
v -4.022572 -20.071404 164.029846
v -7.820837 -16.461243 120.309181
v 2.009322 -13.666515 66.030830
v -6.462238 -23.414589 123.034904
v 8.280775 -10.174126 108.216415
v -2.464170 19.283970 5.346430
v 2.164936 -0.448662 130.329346
v -3.926548 -52.492943 147.436722
v 3.657825 -1.617188 83.501770
v -0.238529 5.722961 81.910736
v -6.812428 -41.049385 119.600998
v -5.427994 -52.644768 155.054092
v -7.689036 -16.854202 111.861977
v -1.813063 -37.547943 17.878408
v -3.346367 -54.441078 140.595612
v 4.393325 -5.014816 146.735291
v -7.101160 -40.529793 118.437782
v -7.079567 -51.317177 150.768936
v -5.866662 -18.727844 168.133194
v -0.931522 -20.022476 163.220947
v 5.991531 -36.682552 19.365318
v -8.043018 -9.164185 8.967741
v -6.144024 -58.069130 152.964294
v 2.953593 -3.458725 161.230713
v -8.700762 -22.234482 91.797691
v 6.191107 -35.984058 18.826675
v 5.491391 -13.611935 79.894577
v -6.768984 -16.575981 166.846375
v -2.597736 -33.324333 122.922760
v 5.497009 -3.279537 87.653526
v -5.149292 -22.483986 62.373272
v 5.502039 -16.124100 150.834732
v 0.859817 0.642921 121.346954
v -5.950180 -8.572027 8.922108
v 0.870845 0.006432 121.784622
v -6.906992 -18.983761 58.640907
v -4.327841 -12.285637 139.585312
v 3.863898 -1.866623 121.807419
v 2.944006 -8.264404 73.239197
v -8.715147 -14.780998 67.771080
v -6.787246 -21.366478 164.962311
v 2.835299 -11.358521 132.311905
v 6.106805 -9.180328 142.250885
v 5.180463 -9.803909 137.422546
v 3.869477 -1.731392 122.748299
v -3.094604 -42.865417 19.763865
v -2.079581 -10.438866 56.740314
v 5.277771 -16.660446 148.342056
v 4.795784 15.574314 74.488304
v -6.847313 -57.430916 148.660355
v -2.838857 7.093361 74.836823
v -5.717416 -9.554192 133.786560
v -8.942564 -18.140778 164.900269
v 9.271005 -7.266254 51.716679
v -7.744639 8.797398 99.260353
v 3.230388 -4.715683 152.253754
v -2.842049 -45.363091 149.447769
v -0.662287 3.222961 115.295151
v -0.961136 -34.070892 2.843735
v -2.099888 8.129089 102.521065
v 0.175768 -36.020813 17.253355
v -3.873472 -43.780869 150.127182
v 4.274184 -10.363010 75.922607
v -9.587903 -6.055061 152.342804
v -2.112568 -52.521759 138.033859
v -5.822025 -13.315304 56.170559
v -3.916161 -9.860260 135.565765
v -1.977781 3.853134 93.164635
v -1.939930 -34.805824 4.451569
v 0.206247 -0.059536 75.501083
v -3.961989 -10.179886 136.199463
v -7.075642 -48.771156 123.233307
v 3.836567 -21.260910 117.799309
v -2.770145 -36.016228 8.624048
v -1.341168 10.109318 69.841042
v -1.144880 -45.728264 124.705879
v 8.838896 -12.728928 149.351105
v -5.691132 -42.559311 109.509422
v -2.962884 -2.429443 159.512665
v -1.888940 11.630302 69.426041
v -4.385571 -54.951187 140.916565
v -4.403085 -19.063896 167.624451
v -3.054710 -3.616547 148.410370
v -2.311680 -7.516922 140.103241
v -11.486741 -2.514961 75.524979
v -1.671197 11.019287 69.512436
v 6.024960 -45.135376 20.094265
v -1.756439 -51.306969 140.067780
v -5.220552 -49.223991 140.360229
v -12.326899 -3.787075 76.314270
v -3.374920 -7.985344 140.743851
v 2.657196 -18.219795 152.268295
v -4.859781 -7.191734 162.903061
v 10.093195 -10.955147 5.523645
v -5.353787 -13.493484 45.518211
v -7.596125 -11.303795 130.692978
v -4.174294 -8.828278 164.443329
v 5.230961 -8.173988 162.201904
v 6.738492 -20.050476 95.601891
v -3.559406 -48.845840 140.193878
v -9.102695 6.447212 103.501846
v -4.612964 -20.021347 163.271637
v -4.233435 -49.226578 140.056061
v 2.901650 -17.947586 151.838181
v 1.053674 0.992783 129.853760
v -3.396893 -3.235970 151.180710
v 10.168945 -12.419823 5.614490
v -1.597936 -18.601051 150.128479
v -9.118501 5.908318 102.167976
v 2.118904 8.418415 80.892982
v 5.042398 -16.878448 152.156525
v 8.237965 -7.570747 150.928452
v -7.446363 -14.205162 164.780746
v 5.440381 13.573914 71.756332
v -2.042559 -5.359505 147.578857
v 1.364990 -11.052870 37.734547
v -4.152078 -20.369690 163.378174
v 9.848619 -13.785301 5.590160
v 6.883686 -12.880615 149.616806
v 2.393824 -2.990417 158.618622
v 5.052019 13.264210 72.417412
v -4.072818 -19.844673 162.669266
v 6.063051 14.585922 75.741669
v 1.806260 -2.311493 158.567657
v -8.705296 -9.895615 70.873878
v -8.698187 -11.616676 75.892410
v -3.399725 -44.676460 18.389845
v -5.109176 -12.460896 56.116779
v 8.914872 -4.218515 41.185669
v -6.116873 -22.114471 91.744347
v -3.778646 -19.704147 163.046509
v -3.744801 -42.477425 16.545813
v -4.916057 -11.938385 60.339985
v -5.358886 -22.724731 91.680206
v -4.414696 -51.539345 151.208923
v 2.224067 -17.068237 142.064514
v -5.921287 -12.091125 65.296501
v 3.406174 -44.571281 22.705338
v 4.375761 -8.689297 65.852020
v 4.116142 -2.323540 155.222565
v 7.671724 -6.783333 90.916122
v 1.229366 -22.835930 103.755829
v 4.395763 -6.833374 142.127747
v -14.714139 -16.717045 79.383064
v 8.584952 -9.735870 154.353699
v 5.456689 -4.308914 154.550949
v -13.852373 -18.102417 77.873192
v 1.416412 9.632195 80.733734
v -2.004715 -35.970596 120.316956
v 4.377518 -45.731339 21.596254
v -6.473530 -56.352531 150.986237
v -2.363162 1.286003 114.285667
v -2.570520 -46.684837 142.578415
v -11.443048 -19.872509 88.950096
v -8.262054 -18.111832 163.190094
v 2.541912 -17.378929 131.869080
v -11.612476 -3.700211 89.054535
v 2.795865 14.839676 77.015694
v -2.327074 3.854279 100.956223
v 8.799101 -5.993458 52.696560
v 0.955778 -18.579643 148.665176
v 0.310659 10.953106 79.642212
v -7.633692 -20.148949 124.881271
v 0.900872 10.000961 81.405792
v 4.083629 -22.377357 90.087616
v 0.213705 10.641171 79.737625
v -6.652836 -0.753014 122.481796
v 2.098269 15.688969 76.292572
v -4.246605 -39.584412 118.608833
v 1.494435 1.508705 122.501198
v -5.700842 -1.127762 131.430084
v 1.165162 15.973709 69.154106
v -6.136744 -15.843521 165.016373
v 7.301103 -9.238747 146.484924
v 5.566021 -10.008713 60.595444
v 2.421766 -0.743137 81.365425
v 2.453120 -3.242378 72.498444
v -6.910325 -15.906769 165.570038
v -1.578342 5.271935 104.252777
v 11.419582 -11.996302 38.046940
v -4.938509 -33.345093 123.016632
v -4.990211 -48.819641 141.258896
v -2.993521 6.118301 80.824570
v -2.484066 -42.804832 110.957253
v 8.343298 -14.727016 43.565147
v -3.701614 8.231674 72.530457
v 2.553449 -20.493073 53.618454
v -6.523635 -7.249832 145.768188
v -1.038912 -25.645485 119.090683
v -10.103641 -1.458286 73.956139
v -1.503069 9.578514 78.901207
v -4.416561 -46.492737 136.424835
v -10.193508 -14.442467 161.914764
v 4.308990 -19.086632 155.297318
v -2.233742 5.886372 79.283752
v -1.295575 -7.097420 134.185730
v 1.662039 -16.693558 162.238129
v 3.269119 -34.896919 17.952232
v -0.442872 -19.463472 32.912056
v -3.105477 -19.395477 166.503647
v -9.596766 -10.374499 7.952950
v 5.971106 -7.046394 154.292480
v -0.030509 -7.099007 133.517044
v 4.352301 -39.794029 22.304502
v -2.217758 -37.061752 14.272973
v -1.334538 -39.139801 115.150932
v -2.607498 -18.121246 164.608688
v 7.569088 -10.338249 146.081619
v -12.436447 -2.294334 86.010048
v 1.469716 0.274605 86.762512
v -2.180873 -18.167038 145.821503
v -14.289345 -14.043900 80.110260
v -2.718984 -17.661781 164.592636
v 6.445898 -17.006638 156.026001
v 12.240532 -9.539933 2.028849
v 7.556662 -12.693008 146.064194
v -7.358206 -53.974129 150.138184
v -6.424048 5.903862 118.271332
v 4.710298 -14.949663 42.725475
v -3.192737 0.440304 69.956970
v -3.756380 -20.821320 165.494553
v -7.542177 -54.190964 148.944412
v -8.121457 -13.981384 110.241783
v -13.746325 -5.745277 86.498726
v -5.451420 -55.989052 156.806885
v -1.171845 -18.686317 164.522476
v -2.064168 -1.453209 132.519775
v 6.594922 -6.324028 120.204628
v 3.046466 -9.632488 67.961853
v 5.619295 -39.313583 20.818878
v -2.650337 17.660982 5.080442
v -2.837811 -17.234337 164.399292
v 5.477139 -39.007278 20.983004
v 8.579964 -8.259560 152.427917
v -3.238620 -17.120941 164.540894
v -6.073140 -17.531797 0.064001
v 5.995342 -4.239613 88.236755
v 1.762867 -10.935993 43.645664
v 4.763797 -5.218601 81.095963
v 5.204394 -4.212219 159.134613
v -8.620007 4.853226 99.872337
v -6.533876 -41.716270 109.440987
v -9.925680 -16.404055 4.095811
v -3.533226 -43.433563 148.999924
v 8.908191 -16.238518 154.587830
v 4.680727 13.701603 72.874039
v 5.391578 -5.078594 84.221268
v 8.873646 -16.803406 154.333725
v 2.661959 -12.845181 55.642540
v 2.502702 -18.568802 154.671936
v -7.144538 -20.148720 161.253098
v 3.755232 -16.963089 48.241150
v 2.573134 -6.692471 41.165447
v 4.548520 -2.779915 158.471725
v 2.132658 8.441578 80.588028
v -6.318438 -48.167107 149.480133
v -5.157801 -49.006065 141.951797
v 2.748922 -1.915474 157.905472
v 6.031833 -18.786743 156.737778
v 0.116520 -18.920822 159.748932
v 2.199556 7.929920 81.030457
v -4.527817 -13.719299 136.719528
v -5.653675 -47.599594 149.672318
v -0.140099 -39.922600 22.863050
v 7.663954 -6.081329 112.820328
v 8.912676 -9.695030 153.526001
v -5.399919 -13.204430 134.365494
v -10.332994 -8.642593 150.830826
v 3.079823 -14.576550 59.798775
v -8.546733 -17.777496 165.836533
v -7.600936 -5.928101 113.441788
v -8.714083 -8.400887 105.932747
v 5.082110 -21.473343 89.763573
v -8.541812 7.059566 98.120415
v 0.315153 -39.448074 22.728382
v -1.026752 -21.050980 132.421677
v 5.849525 -20.385475 89.610916
v -9.605169 -15.686623 149.614395
v 4.211005 -7.455357 67.582581
v 4.865657 -17.577431 80.268753
v -0.214290 -21.813828 51.050983
v -9.794785 -0.720592 87.370598
v -1.706305 -28.908630 126.107475
v 7.295807 -40.245251 10.885407
v 0.016529 10.507404 81.850471
v 4.526659 -36.481682 16.433613
v -10.279497 -14.847801 156.959869
v -2.457029 -19.060730 151.256821
v 6.158813 -19.398277 88.265518
v -8.424149 -16.395920 149.625519
v -0.296525 14.707268 76.197128
v -0.039167 -27.176764 27.447798
v 2.228187 -11.490656 37.138866
v -2.994715 -22.253403 121.359947
v -9.642590 -11.664537 9.062285
v -2.383535 -19.032417 151.911942
v -0.991243 15.735920 73.832695
v 7.553289 -9.709099 140.463364
v 2.140394 -10.336617 40.135571
v 8.128391 -11.517891 151.198135
v -8.663710 -20.925682 69.964294
v -2.644024 -21.838692 121.037994
v 3.023594 -4.174957 131.095154
v -2.760985 11.019218 70.651978
v 1.945850 -23.370934 96.167107
v -6.267510 -20.577415 121.692955
v 3.413339 -15.228991 41.745480
v 0.481627 15.822422 70.029716
v -1.726827 -2.186127 157.244110
v -7.414945 -7.998629 1.218458
v 4.727302 14.740456 70.602051
v -10.918410 0.141636 82.045395
v -7.419634 -44.447266 112.624657
v -6.428235 -24.276241 76.232254
v -7.703319 -7.832069 4.004445
v -9.151917 5.625648 104.212547
v 5.636337 -18.135063 159.923950
v -8.844650 -17.022503 5.381025
v 5.412006 -10.523540 78.872650
v -2.882629 -30.044258 115.433090
v 0.905966 -12.439049 21.845665
v -8.945078 -8.331357 5.382845
v -9.200086 -6.799202 103.220192
v 2.267819 -4.078926 161.754990
v 7.980434 -20.816835 37.445694
v -2.483700 -18.394508 147.168213
v -13.210669 -9.885284 89.960037
v -3.499547 4.809486 124.251076
v 3.038431 -6.935360 73.206345
v 3.173841 -19.575066 53.516685
v 6.097962 -16.491711 86.131325
v -0.747145 -13.042442 165.967621
v 5.803041 -39.878288 21.423019
v 0.215563 6.365433 93.721710
v -0.179602 -3.575508 51.712563
v -13.618128 -5.850677 78.331772
v -0.404408 -8.068985 134.713531
v -4.563282 -0.935814 121.053123
v -3.827873 -40.272827 118.618027
v -8.153178 1.584351 81.858185
v -5.545867 -17.451103 167.953827
v -4.798304 -50.626900 151.789719
v 1.420471 6.217361 87.757652
v -6.719448 -50.691742 139.388611
v -4.962213 20.317020 5.673726
v -3.350323 -41.803337 121.459747
v -7.823234 -22.013557 97.409241
v 8.347378 -7.868452 35.470642
v -2.017578 -51.390030 144.625519
v -4.008745 -17.657433 167.592224
v 2.504425 -22.771618 84.173012
v -6.742302 -51.429131 139.259521
v -1.728830 -41.041153 117.077263
v -2.623940 -23.455334 64.411240
v 8.254290 -6.867294 101.025307
v -3.373265 -17.568474 145.210831
v -4.570786 -18.724800 167.382919
v 1.170374 -23.722664 83.932564
v -5.917115 -15.241184 44.378395
v 0.670149 16.736797 74.552345
v -13.316754 -6.247673 77.271339
v -5.732903 -14.277325 44.440483
v 9.186954 -8.248268 35.662151
v -1.459130 -4.498436 152.004425
v 2.665543 -10.210892 74.339203
v 1.906229 -11.560465 38.605183
v -13.697827 -6.430897 78.797272
v -4.629133 -17.944244 167.830460
v -5.437940 -20.460892 151.608170
v 11.194571 -6.995865 40.693672
v -1.063526 -0.290604 120.763855
v -4.172955 -18.016891 167.722397
v 2.068912 -11.333830 41.170856
v -7.717706 -2.796494 122.787827
v 0.823883 -7.473193 2.029040
v -4.193645 -15.438980 134.160538
v 0.793161 9.482529 68.659866
v 0.395177 9.901775 69.156815
v -12.434298 -2.351036 75.556053
v -0.186573 -3.749718 151.075897
v -4.569300 -14.759346 134.337341
v -14.095407 -8.299931 79.800659
v 7.636446 -7.881470 3.848513
v 1.621448 -8.862144 135.119781
v 3.115767 -7.600554 1.313193
v -0.107302 -3.245720 151.223267
v 3.945730 9.970989 75.527519
v -14.409345 -8.439716 82.779007
v -9.684090 -12.202019 162.369080
v -2.498305 -5.269962 55.699215
v 7.383156 -17.677086 152.231506
v -6.399983 -2.035294 66.872101
v 6.400463 -3.994965 155.652466
v -6.719485 8.077080 109.031319
v 1.722761 11.209148 67.307236
v -14.315297 -7.594242 82.648773
v -9.690392 -16.178200 156.680405
v 3.014231 -3.026207 158.823868
v -6.050677 -7.655941 5.224863
v -6.800526 -0.951111 130.175186
v -3.186784 8.112438 68.215836
v -8.160841 -17.773064 125.206886
v -7.041139 -11.200256 164.559753
v 7.382939 -17.642448 151.154083
v -3.340250 -2.912636 132.974274
v 3.259129 -22.413788 128.288574
v 4.849685 -15.418314 29.295540
v 5.674217 -38.429382 20.473015
v -6.305645 -32.897133 122.860733
v 6.145210 -45.678341 18.114437
v -5.835867 -51.759499 138.698608
v 0.403704 -4.731293 145.406158
v 5.685791 -36.987904 18.306641
v -2.152040 -21.306900 46.726086
v 7.177603 -38.268932 12.752424
v -8.131994 -11.374443 122.938408
v -5.548382 -52.714325 138.346466
v 5.948723 -45.873123 15.902723
v -2.595842 -16.052895 165.571121
v -6.182064 -50.290665 140.828278
v 5.429497 -35.727135 18.227732
v -3.406410 -47.845192 149.201950
v 2.378595 1.091080 124.999550
v 7.144813 -17.467361 157.404770
v -0.096957 -12.067680 65.636185
v -1.409842 -43.204689 115.661194
v 5.597378 -17.838860 124.329849
v 6.552483 13.148209 71.836739
v -5.635597 -54.780876 155.931107
v -4.813095 -37.338173 120.112206
v -2.130132 10.451725 81.200317
v -1.430336 -41.742683 113.818192
v 5.487139 -18.866737 123.103699
v 7.384811 -11.892307 52.031273
v -3.418916 -16.171700 165.296844
v -4.911078 -3.392502 152.149490
v 0.148880 -37.382385 20.090757
v -2.162497 10.250660 81.531456
v 5.960000 14.000072 71.621368
v -1.240765 -50.234238 143.856201
v 2.859527 -10.719742 137.056778
v -1.199349 -22.905426 90.973518
v -3.017265 1.106991 74.539833
v -5.950088 0.112694 98.780571
v 2.842140 -22.208601 25.013887
v -3.745555 -17.102356 166.293198
v -12.828641 -17.869614 76.533897
v -4.709539 -16.317429 165.315857
v 6.644005 -12.202309 137.994156
v 0.871272 2.983536 125.396881
v -7.406853 2.559204 106.090691
v -3.005708 -19.074791 165.772339
v -5.656370 -19.004536 50.936123
v -4.377808 -15.481216 165.177490
v -5.455367 0.894012 92.885597
v -2.806237 -17.717262 165.608902
v -1.345369 10.063381 66.009949
v 5.558891 -14.777702 142.098709
v 11.363540 -15.401966 2.709881
v -7.342038 -22.282913 127.134087
v 1.623421 -40.706703 23.515388
v 2.512213 -2.815704 158.398300
v -7.895973 -17.435440 166.855621
v -2.254134 -20.267929 147.330734
v -2.024859 10.409176 62.927666
v -6.064552 -56.336487 144.463913
v 6.519361 -20.497520 105.276276
v -7.640917 -29.003693 120.929993
v 0.467686 -3.302986 151.930649
v -7.194698 -55.034103 146.671082
v -8.512499 -20.941986 91.779816
v 4.856909 8.356949 71.855217
v -5.085962 4.791565 123.589691
v -14.251427 -18.009804 84.984367
v 5.720508 -7.824844 63.150154
v -8.411489 8.115368 100.541214
v -1.286092 -15.626593 8.574837
v 5.326828 -45.557961 20.933319
v -4.081500 -16.300308 166.484848
v -3.539022 -16.607841 166.242386
v -4.223690 -33.816650 112.654030
v -7.387936 -51.371254 152.898895
v -7.397938 -11.374557 72.240250
v 7.144537 -39.014763 14.837009
v -2.686378 -18.430634 165.403549
v -5.041159 -33.965462 112.561707
v -0.532280 13.554291 69.694839
v -6.004884 -20.305557 167.107941
v 5.085956 -13.157692 128.198410
v -2.520196 -5.187309 147.455765
v -2.804531 -55.213326 141.491379
v -5.706789 -20.597885 167.157898
v 4.643513 -35.123539 1.245080
v -1.508365 2.332436 113.505280
v -2.884137 -21.323189 160.660721
v 4.499724 -19.429108 127.553497
v -7.494310 -19.429405 162.730301
v -2.754660 -18.167404 165.780579
v 4.457961 12.667599 72.548866
v 1.330458 -8.739601 134.620010
v 5.442166 -6.457462 36.823406
v -2.058624 -19.543259 133.040009
v 3.503673 -13.240852 51.415630
v -1.434850 -4.758545 150.354996
v 1.331236 -9.183472 135.030258
v -6.912343 -15.642998 165.682434
v 7.302393 -38.401443 9.845039
v -3.818445 -9.669136 137.045471
v 1.120796 -8.912949 134.465820
v -1.919024 -39.188919 117.695152
v 0.746591 -15.234383 133.319321
v -4.856916 -28.103409 126.673767
v -3.904566 -9.573303 136.151855
v -8.584362 -41.215286 111.705788
v 6.869879 -42.660538 18.055302
v -3.148511 -9.747513 165.128235
v -0.373414 -4.209991 144.845749
v 4.695721 -41.896111 22.801844
v -13.770196 -4.632496 84.689537
v 5.159135 -6.405891 162.317200
v 3.035401 -8.150949 38.014256
v 3.705721 -41.049473 23.295979
v 0.567343 8.326290 73.984894
v 2.629629 -5.614983 143.431824
v 3.735085 -8.840382 75.051369
v -14.688475 -6.976044 82.492805
v -7.988987 -2.504120 126.143448
v 6.621490 -43.400570 19.521690
v -4.699677 4.439537 88.409401
v -7.385834 1.102154 81.977852
v -7.562789 -23.722218 83.802818
v 8.895567 -16.894676 153.407913
v -6.121300 -55.112572 143.066818
v -8.916419 6.178238 99.881233
v -5.831752 -15.625916 47.460640
v 5.497669 -45.477402 13.204092
v 3.484362 -32.633011 3.245598
v -9.526901 -17.908195 151.991562
v 8.859110 -16.765610 148.998688
v 2.287418 -1.782524 156.901489
v -7.417758 0.782932 84.187668
v -0.487390 -14.235102 8.518908
v -7.543090 0.015770 127.680145
v 11.418008 -13.658643 5.013846
v 7.439039 -17.295647 149.392654
v -11.096834 -11.127761 4.122584
v -3.620081 -9.811708 34.428078
v 3.578788 15.316116 74.391853
v -8.028722 -18.549065 163.557785
v 5.375278 -17.515358 1.912539
v 3.738463 -8.209717 36.554279
v -5.730541 -43.869911 110.875015
v -7.055592 -3.749733 117.785088
v -10.625841 -9.949364 2.642723
v 0.837288 -11.683537 74.844131
v -8.493161 -18.847710 163.622452
v 3.439377 -33.674255 0.750040
v -5.913056 -11.796673 74.359032
v -8.067680 -11.376022 163.832855
v -6.479298 -23.004425 89.150772
v 2.093950 7.847767 78.995613
v 1.357388 9.422096 81.341644
v 2.078819 8.522522 71.503242
v -8.622046 7.761383 103.107140
v 3.881666 -2.703949 128.294113
v -7.774017 -14.181366 115.423904
v 1.814713 8.929096 80.645103
v -5.734197 -11.957390 71.283417
v -6.453020 -23.277142 88.256020
v -2.061054 -11.794201 72.466599
v -4.621902 -49.723450 151.850204
v -7.304464 -40.773994 109.882172
v -5.445898 -15.743599 166.848694
v 4.206950 -16.603226 76.554466
v -6.452272 -8.084396 162.741409
v -3.097265 -39.966103 109.918976
v 1.245328 9.954391 80.442917
v 6.177444 -4.568775 39.284008
v 6.951523 -8.808197 140.349274
v -7.333292 -19.328102 107.697914
v 3.006765 -1.809666 80.994583
v 11.569590 -8.717274 39.843140
v 3.257799 -18.133720 73.930107
v 1.354771 7.542824 76.214386
v 4.069611 -0.284256 101.177826
v 3.742677 -15.260685 54.045803
v 7.379118 -5.348740 152.053879
v -1.146722 -19.752769 152.365707
v 11.363111 -7.286539 42.495079
v -2.590965 -49.311272 138.976028
v 7.383793 -5.292557 150.991959
v 2.316514 -20.711685 72.974747
v 2.813190 -0.424824 86.829659
v -0.134638 -23.099464 131.094543
v -2.977562 -48.901848 139.001236
v 1.073782 -23.643658 82.139984
v 8.816830 -7.642532 148.546997
v 3.491898 -2.029564 81.363121
v 7.061030 -10.275513 143.991852
v 2.658115 -19.297947 71.162346
v 1.741946 -21.223637 53.519478
v 4.035152 14.157112 68.736061
v -10.523971 -1.920769 88.462921
v 0.523752 -18.408997 146.686707
v 4.852693 12.013577 69.997993
v -6.472532 -47.878410 157.109100
v 3.454344 -14.162216 54.065922
v 4.966143 -2.147541 87.114166
v -1.794258 -2.889946 149.649414
v -0.753233 -25.898148 128.525360
v 5.027055 11.666245 71.392845
v 1.213497 -1.479866 156.058304
v 6.097898 -16.392616 155.801453
v -10.059019 -22.507950 77.897903
v 4.667232 -2.247849 87.151894
v -7.787308 -16.550583 163.625656
v 7.449421 -7.491005 148.563980
v -2.264677 -2.221611 150.844070
v -7.575334 -16.340767 164.893784
v 0.611559 10.348145 79.879112
v -3.309274 0.845303 87.341316
v -10.179915 0.802296 79.059776
v -3.145901 0.269249 117.080055
v 1.468813 8.224258 88.388405
v 8.650228 -20.923077 36.575333
v 4.251414 14.931599 76.664368
v -7.907104 -16.090630 165.084732
v -4.338000 0.998432 87.765846
v 9.615896 -12.164217 33.634541
v -1.035535 -15.753044 134.203415
v -8.343240 -20.179802 165.373230
v -11.238503 -11.166695 96.670097
v -5.418876 -1.461395 110.430626
v -4.566978 -48.790520 139.296310
v 8.861742 -7.662277 154.757904
v 3.357886 -1.315170 128.562317
v -7.246234 -6.079529 159.918427
v 1.088626 -3.089783 157.196915
v 7.380109 -7.557014 35.428265
v 0.847063 9.352543 63.204441
v -2.031334 -53.908257 143.574310
v 7.329321 -18.776253 95.795120
v -5.179344 -53.553070 152.036774
v 2.719608 -1.005554 129.962601
v -1.684368 -52.313179 143.058212
v 0.664288 -39.314407 22.483618
v 8.248699 -7.819908 154.875610
v 1.066756 8.944401 65.546326
v -2.002393 7.568394 69.574883
v -11.269219 -12.522334 4.135613
v -3.816222 -2.339157 156.381439
v -0.091847 10.218315 63.446823
v -14.767435 -15.029770 82.797394
v -5.367027 -52.898865 139.473450
v -8.676168 -4.317642 156.503891
v -1.681044 -23.365341 64.672752
v -11.857161 -19.835754 88.761421
v 1.676527 -3.120674 156.319595
v -2.509151 7.941780 68.866646
v 7.083767 -6.259926 154.593765
v -0.621044 10.640160 81.327423
v -0.997743 -6.845451 50.778503
v -4.571074 -21.036354 164.081360
v 10.234640 -17.626741 33.703751
v 6.058040 -5.467724 86.659866
v -0.513017 10.431507 81.005630
v 0.055555 12.726772 71.620430
v 7.897770 -36.450634 19.244816
v -5.903451 -16.266235 45.132996
v 1.526237 -2.345154 156.768661
v -4.117312 -24.233410 85.685822
v -5.079652 -23.772514 120.996033
v -4.279351 -21.476433 110.691376
v 3.725523 11.975533 72.423149
v 0.434998 -0.521721 131.636963
v -4.686824 -11.908648 5.125090
v 3.902633 11.637142 72.290184
v 6.571195 -5.509163 88.646011
v 4.534083 13.362789 73.597923
v -3.583327 -7.240055 57.879154
v -8.874083 -17.387146 156.662964
v -4.720983 -22.515450 91.438148
v 3.048228 -4.673813 146.086670
v 6.674913 -5.228630 86.717422
v -6.748020 -15.533691 56.881386
v -7.826606 -18.439590 156.699570
v -0.980956 -10.007706 52.028767
v 1.196763 -21.658539 131.511169
v -2.915760 -27.231880 127.581360
v -1.654651 -19.997917 151.621780
v 6.521330 -5.604038 86.838211
v -3.316247 -7.408852 134.559830
v -4.280804 -10.050499 140.803436
v -6.794916 -2.813309 119.379944
v -2.265661 -16.599445 9.061974
v 0.806885 -17.204399 164.715149
v 2.626863 -12.258881 136.469223
v -4.253038 -48.865723 152.863892
v -0.513798 -30.310995 24.041080
v 1.368198 -22.482162 90.502785
v -7.676688 -20.344299 128.100830
v 3.291325 16.891253 67.040390
v -6.009377 -21.357346 165.712036
v -2.267003 -20.372932 163.101593
v -0.336721 -36.376884 18.056196
v 2.493264 -21.677223 122.385872
v -4.779499 -43.854828 110.918480
v 0.712080 -7.637329 135.530151
v 6.536561 -6.901642 88.347076
v -2.139757 -38.347649 118.484612
v -1.018021 -16.865334 7.036060
v 2.776155 16.974541 69.089226
v -14.227917 -16.771465 87.001900
v -6.856499 -15.516420 36.510445
v -7.602074 -20.081894 166.387253
v -5.377463 -15.566605 143.331314
v -1.415835 -23.172714 131.253448
v -1.655720 -5.369110 145.980728
v -3.265940 7.857063 69.985573
v -6.741255 -50.441544 151.606323
v -2.602087 10.476803 92.346443
v 6.873497 -7.290234 88.811241
v -1.977560 -17.509117 146.810150
v 1.635447 -26.199844 125.540176
v -6.904330 -14.504047 59.106499
v 1.100385 -15.110176 135.439224
v -11.504666 -17.666374 94.007607
v 7.129984 -13.777786 146.173447
v -6.279583 -19.510086 162.439178
v -5.700785 -47.832558 119.804276
v -1.524822 -21.997375 113.671463
v -13.577710 -15.386379 77.756645
v -0.556778 -3.878075 150.963593
v -6.913954 -19.444283 161.890396
v 3.563031 -4.227127 130.249237
v -2.250794 -3.573402 150.891663
v -8.450367 -46.994598 120.770485
v 6.658496 -10.582260 88.090599
v -4.658361 -39.975830 109.490494
v 5.638613 -16.912445 146.669037
v -1.892928 -10.132793 41.987331
v -7.462864 -38.212334 118.681541
v 3.180720 -2.683338 68.408997
v 2.717884 -40.962135 23.558508
v 12.654145 -13.971088 3.392521
v -8.849772 4.559288 102.488083
v -12.521277 -17.356560 89.872627
v 1.459435 -22.092432 26.525457
v -7.960135 -5.130058 153.103561
v -1.951374 -33.304108 122.677803
v 8.830366 -15.321327 154.793228
v -1.241555 5.184486 99.339279
v 1.591547 -25.975861 123.497566
v -4.607740 -38.342049 110.120300
v 3.563422 -14.054939 162.938217
v -0.407430 -0.003944 120.573677
v -6.915485 9.083199 102.907501
v -4.271636 -16.941940 166.432159
v 4.802927 -4.130516 153.907913
v -0.742380 -7.532974 138.519821
v -2.175251 -22.146603 53.006577
v 5.989690 -15.230728 124.504639
v -0.185034 -43.134693 13.637613
v -1.844855 -21.065544 161.168549
v -13.002831 -3.569157 86.180351
v 5.695455 -6.431984 124.290604
v 7.533044 -4.665695 110.152992
v -3.831566 -42.540390 14.004952
v 0.415450 -7.504456 139.028778
v -4.457705 8.308327 109.197693
v -11.173886 -19.989250 90.197868
v -13.152245 -7.473236 87.974083
v -2.542122 -48.122932 140.812271
v 5.252737 -17.254196 153.249588
v -6.597538 -48.351685 150.975098
v -4.424059 -36.023392 111.314400
v -5.978604 -21.109352 166.936829
v -3.160810 -48.279037 141.052109
v -13.121241 -6.986771 88.254227
v -7.593998 -51.231613 140.871567
v -7.726104 -18.903694 163.094925
v 3.042515 -13.302025 137.380203
v -9.493097 -14.310126 9.028435
v 8.872552 -9.580734 154.929916
v -7.117306 -55.062004 150.215576
v -9.802693 -11.511402 76.166382
v -3.445317 6.911282 80.924812
v -5.232083 -24.590919 78.462608
v 3.133860 -20.115784 158.156601
v -9.193834 -14.561419 8.760717
v -6.178373 -20.665298 167.400040
v 2.317579 -18.160027 150.366379
v 4.566306 -13.666321 76.322090
v -0.824825 -44.396942 149.743484
v 5.722065 -6.731483 146.027359
v 1.615993 -12.658104 61.354992
v -1.048774 4.429138 123.952629
v 7.935460 -11.788147 152.178879
v -3.988973 -12.508224 166.165207
v -0.820814 -24.466362 82.663338
v -0.865393 -45.425690 147.689407
v 3.117957 -19.740036 154.764877
v 4.289929 -11.669640 130.332550
v 2.626583 -4.940163 148.635834
v 2.255095 10.948597 70.893158
v 0.322659 -37.981987 21.224684
v -7.198434 -8.569572 131.681381
v -6.392297 -18.172333 168.126968
v 1.857170 8.022583 80.829391
v -1.009544 -46.777016 147.468140
v -0.360543 -19.826691 151.259277
v -6.531094 -53.176544 157.781769
v 1.902132 8.278172 81.329712
v -2.034557 -47.910362 147.680878
v -6.233273 -41.455917 121.045494
v -6.341982 -21.262459 164.341980
v -7.499221 -23.782822 75.469345
v -1.008291 15.242939 74.567581
v -3.022151 -18.890030 166.492233
v -0.464777 -18.329025 164.700287
v 5.036695 -8.670631 127.889603
v -2.584164 -54.458847 145.035950
v -6.935479 -17.863171 57.662830
v -6.387651 -49.842552 139.480286
v -2.718089 -18.605835 166.108154
v -0.948969 6.552002 99.205505
v -5.210159 -21.505104 164.478806
v -7.587716 -16.171120 163.750961
v 7.527756 -14.379112 154.751434
v -7.546058 -12.836811 68.612625
v 1.916187 -6.303810 141.155701
v -11.686609 -21.121151 87.218544
v -9.623058 -20.046852 71.237762
v 6.075998 -10.682793 124.598953
v 1.830759 -9.230400 134.843842
v -7.635190 -17.880875 167.433212
v -6.024814 -18.045670 132.515350
v 7.844069 -14.646721 92.406685
v -6.445862 -17.684662 167.774033
v 6.899195 -10.023773 87.042931
v 1.547624 -6.912643 140.031174
v 8.904192 -9.739120 149.036255
v -6.600875 -18.745766 167.930740
v 2.531911 -4.768105 151.038635
v 0.466859 8.806431 73.117615
v 4.225543 -13.967789 76.297729
v 5.519258 -19.935978 88.502884
v 8.191950 -14.407890 97.720024
v 0.037938 -4.566063 146.125397
v 5.487889 -1.476135 109.229118
v 5.037353 -8.831413 78.636093
v -2.669073 -43.619522 20.821814
v -1.339390 -46.879471 123.970734
v 4.395933 -20.089344 82.583046
v -4.952417 -6.767944 133.629059
v 4.624424 -9.081623 76.995796
v -4.237330 -20.266693 167.006958
v -10.569896 -14.680229 160.847183
v -1.988892 -44.196587 21.609104
v 0.331348 8.781525 73.476357
v -6.158103 -11.368538 133.465988
v -3.102938 -24.484993 83.465736
v -7.184593 -56.791168 149.029831
v -1.008545 -44.810417 22.092531
v 3.639732 -1.112259 123.942261
v 4.268973 -11.781771 32.763878
v -4.869301 -49.214149 139.400177
v 6.272090 -8.306732 144.489822
v 0.345356 -45.255531 22.379520
v -0.080549 3.844986 118.495071
v 4.522083 -17.349586 154.211243
v -1.779772 6.934917 63.214649
v 0.904830 11.760330 69.541542
v 5.571217 -34.673851 7.133932
v 1.161209 -10.567017 45.277466
v 8.915051 -6.353630 149.654617
v -3.380459 -4.997452 147.220703
v -0.591733 -10.744007 50.469296
v -3.851422 13.479622 24.687809
v 7.569000 -15.227146 87.321976
v -1.805153 10.133400 64.592308
v -13.408881 -7.384773 77.346664
v -7.201503 -20.627441 163.294266
v 4.948873 11.866600 74.249550
v -0.799471 -15.103806 137.068832
v 10.232293 -4.952467 43.192398
v 8.596251 -15.833412 151.973770
v -7.756991 -20.043297 163.241745
v 2.147015 -12.515022 34.600357
v 0.180174 -23.779709 95.693863
v 3.793297 -21.303696 123.678665
v -2.568126 5.207581 79.140480
v -7.907728 -41.170189 118.557220
v -4.296173 -12.956589 140.876724
v -5.003580 -18.548798 167.753433
v -6.385498 -15.979614 165.980179
v -8.132013 -41.986206 119.833061
v -3.583065 6.111996 78.966835
v -5.553126 -18.150902 167.440247
v -6.406616 -51.201447 144.390106
v -10.203916 -5.141975 98.306801
v 6.594685 -39.310448 19.406013
v -5.556800 5.399841 87.513603
v -3.677429 -54.804199 147.524765
v -2.215617 10.352757 69.443810
v 6.598298 -13.238457 87.925919
v -7.228683 -17.071320 167.072922
v -5.616580 -16.144318 166.259460
v 4.359838 7.553432 71.525810
v -3.932858 -9.414040 136.807938
v 3.164641 -12.408051 56.263870
v 2.961094 -5.619839 73.248543
v -6.128687 3.365242 125.748131
v -4.290453 -46.425606 144.287857
v -9.104111 -39.818306 115.517296
v -6.879173 -1.872116 105.277306
v 2.825757 -4.434814 72.428284
v -13.403206 -15.197659 88.901962
v 4.143840 -5.627892 144.823486
v -8.873150 -9.440096 9.235077
v 5.211734 -17.353832 1.294201
v 0.155084 11.474560 80.379555
v 7.674006 -10.820999 153.046829
v -6.444151 -53.615494 143.551971
v -6.151461 -17.003662 147.053299
v -8.843229 -18.018188 165.442612
v -6.793404 -53.013588 144.937515
v -14.884500 -15.377056 81.331291
v -1.093645 -24.177635 78.862846
v -13.548532 -15.525372 88.909218
v -8.492128 -18.477997 164.613068
v -1.090725 -49.176796 145.811447
v 6.689277 -13.468124 144.465439
v 0.572534 -15.186905 133.623260
v -2.636388 -24.513947 77.628532
v 5.776754 13.830948 77.406639
v -8.767986 -17.704529 164.783646
v -9.139318 -23.250259 80.136475
v 7.587843 -9.894440 139.777206
v -8.115285 -16.770706 163.939987
v 6.820680 -14.924370 89.359329
v -4.053004 -19.090607 162.860962
v -6.588259 -43.206894 110.236420
v 5.257679 -7.421398 80.632782
v 2.704595 -18.282005 147.725067
v -4.069941 -19.446579 163.188629
v -11.090796 -14.030486 4.133442
v -10.627472 -15.400171 4.103703
v -9.914429 -13.292137 149.474640
v -5.063222 -15.632393 165.079056
v -7.193621 -0.264236 123.164177
v -0.481423 -15.687057 139.474136
v -0.780823 0.678490 102.409172
v 5.889449 -15.415031 144.436325
v 6.759822 -4.203468 154.981689
v -1.025685 -18.988136 150.771423
v -7.856203 -5.604271 129.590759
v 7.936635 -5.444664 98.416176
v -3.039422 4.004272 126.333977
v 7.828453 -10.127708 159.122360
v 3.538158 -22.843201 96.025093
v -0.310637 -18.830048 150.879059
v 1.110000 15.492516 69.151367
v 9.427648 15.704292 69.866745
v 1.918056 -1.119873 155.048904
v 5.275177 -34.856220 27.532118
v -7.864462 -16.964836 162.782394
v -0.306268 -17.643480 0.528287
v 6.778537 -16.166805 89.472664
v 0.864489 -0.434982 155.857300
v -9.303177 -15.243776 4.902101
v -8.741215 -23.181984 87.363991
v -1.220610 -21.382904 153.148117
v 8.910643 -13.436470 149.714630
v -1.202777 -22.012726 51.511501
v -10.486654 -22.563194 85.512993
v -4.774971 -17.479469 167.832642
v 5.919879 -14.820358 139.030594
v -5.768104 -21.007866 160.316681
v -8.494724 -17.492836 149.917297
v -4.855514 -11.625080 67.602432
v 8.910789 -14.338913 149.243820
v -0.259410 -18.331707 27.563364
v -2.876179 8.524181 64.481194
v -10.382650 -20.920330 89.098846
v -5.071628 -11.414383 67.202599
v -3.102253 -19.523407 148.451035
v 0.465034 -17.679630 27.710499
v 6.737875 -35.308517 17.644823
v -3.456878 8.748989 81.047981
v 1.515741 -8.300262 133.087280
v 0.450930 -18.323387 160.821518
v 6.409328 -16.378056 89.207199
v 3.311775 -20.602058 130.024017
v -1.918228 -18.861771 147.552521
v -2.751604 -2.910652 151.532745
v -9.950382 -12.873947 101.298462
v 0.785589 -2.904160 155.124298
v 0.683138 -12.902626 165.402359
v 7.666195 -12.439789 155.154327
v 6.520086 -14.811043 153.987930
v 1.268684 -17.219505 142.633575
v 8.420856 -9.816353 102.454750
v 0.495734 -0.559311 155.006439
v -0.965023 -15.752510 135.819305
v 6.109499 -17.526611 89.384125
v 7.350132 -11.690880 154.803360
v 1.081113 -11.229401 29.872629
v -3.342200 9.564823 80.820427
v 2.146978 -9.141941 40.440422
v -4.286641 -1.090088 114.896011
v -9.716848 -17.854912 159.557236
v 0.739468 -11.550852 22.988369
v -2.298407 -7.021805 134.188995
v 7.747849 -12.320946 139.823318
v -5.659257 -15.197205 165.251678
v 6.153473 -43.907345 12.103795
v -0.445812 -11.762096 65.950089
v 8.535048 -13.085991 158.868378
v 0.188990 10.198929 80.813889
v -0.639252 -11.711517 67.016853
v 8.680292 -13.505455 158.582550
v -8.679914 -0.731163 72.665802
v -4.137988 -23.560326 120.714325
v 8.089944 -16.219238 158.471512
v 1.921546 8.783821 69.879356
v 0.598724 -36.971741 22.351974
v -8.587225 -10.699928 72.104675
v -4.131920 -41.052414 120.081223
v 7.334320 -17.865124 28.025116
v -5.788111 -39.945999 118.503540
v 1.701176 -1.195061 154.878311
v -13.648690 -3.655132 78.176346
v -1.823107 -37.476189 112.304253
v 6.917727 -7.844742 154.070358
v -2.993597 -44.900917 150.134445
v -9.518435 -23.625618 80.434875
v -11.107684 -9.350651 74.023674
v -3.088558 -4.061821 150.285950
v 1.150867 -12.692410 65.444687
v 0.377123 -4.264046 149.459869
v 5.418024 -17.568947 2.904589
v -4.670824 -47.968765 154.663940
v -4.805183 -21.062576 163.707550
v -4.483923 -14.205940 166.080673
v -2.741154 6.178440 81.111961
v 2.106395 1.023361 128.229782
v 2.519995 -20.048996 66.163864
v 4.888214 -34.166611 16.875652
v -8.234140 -7.776939 122.657028
v -7.578385 -16.312302 130.799057
v -13.032501 -18.198017 77.465073
v 2.064825 -21.060982 64.824852
v -7.672083 -16.323563 166.383331
v -1.504857 -18.321953 151.808929
v -11.941031 -20.487801 76.876785
v 7.397736 -4.819786 152.347870
v 2.147129 -23.050064 35.250729
v -8.960049 -42.789459 113.914474
v -11.431870 -20.353035 75.744667
v 0.793442 -1.888573 154.675034
v -4.944191 -49.299240 140.337067
v 7.683618 -8.292328 158.441238
v 0.640210 5.355129 80.185013
v -6.599493 -18.974709 167.512268
v 3.141880 -1.432213 119.937775
v -4.878321 -47.743317 119.621475
v 1.286014 6.000080 80.449776
v -6.077902 -20.095993 167.557251
v 0.646664 -19.120369 149.738647
v 2.867210 -17.994568 152.592224
v 3.229631 -4.599915 146.862717
v 1.485528 10.045708 70.331779
v -6.112153 -19.304649 167.920212
v 0.851807 -2.949234 161.084839
v 3.215343 -18.195305 153.167862
v -5.037634 -23.376007 96.614128
v -3.339455 20.077908 5.682191
v -4.124760 -33.419846 123.042946
v -12.166599 -5.273579 88.970406
v -3.642737 -20.127899 151.168259
v -8.048918 -18.307625 106.509674
v -7.273495 -50.732208 155.711685
v -3.793919 -24.179237 93.540535
v 4.355089 -26.988245 33.482933
v -6.575528 -19.358170 167.743500
v -0.147400 -18.689049 145.849228
v 7.386629 -17.513947 153.725479
v -4.127809 -19.992851 41.624798
v -8.630602 -15.395181 8.701642
v 1.040934 -27.732979 123.243599
v 5.484840 -41.655510 22.296530
v -4.631090 5.491646 121.778336
v 4.106609 -6.121826 68.427361
v 2.715539 -10.784264 135.110428
v 13.354269 -10.920190 2.024305
v -1.193429 -11.744411 74.258591
v -0.577880 -20.099617 162.621140
v -2.586561 -6.377338 55.363693
v -7.159485 -26.046005 125.574074
v -1.948488 -7.943657 135.445282
v -3.955967 -44.418144 112.251625
v -1.261114 1.307228 83.975822
v 4.349509 15.557373 70.191040
v -6.934765 -26.547432 126.035995
v -5.832745 -56.520660 155.385132
v -1.657543 -46.155418 120.574135
v -1.505819 10.588093 81.542725
v 13.526699 -12.461959 2.087572
v -1.050154 -36.653740 117.400734
v -0.375693 5.060219 93.920403
v 3.103750 -9.618210 137.412277
v 2.030900 12.439209 71.044930
v -6.338533 -21.488258 164.589157
v -13.659011 -13.338104 88.434074
v -11.474825 -1.138420 85.824471
v -1.884065 4.106735 98.575935
v 2.596127 -9.859886 137.121277
v -7.189158 -22.485535 69.446320
v -7.606716 -17.690605 120.293236
v -3.854922 -11.563965 63.556320
v -3.859642 -52.128143 149.368576
v 0.092763 17.245777 72.203339
v 4.741109 14.065964 71.750702
v -8.213843 -5.593437 106.761948
v 3.053344 -3.666527 152.343323
v -8.098257 -35.012352 119.607758
v -4.203789 -52.901176 150.184341
v -5.092439 -19.287235 47.203972
v -7.717885 3.294868 120.178368
v -1.046768 -5.548111 145.088226
v -7.758681 -14.196754 117.479645
v 9.053233 -15.466309 31.206070
v 8.672348 -18.417946 151.190231
v 2.380260 -38.550941 23.452967
v 3.111061 8.833305 78.064522
v -2.470649 -15.955101 134.113083
v 4.638304 14.281631 71.909241
v 1.279840 -2.154747 158.549103
v 5.452211 -21.534744 102.218643
v 1.985045 -21.595680 121.088539
v -3.495953 -15.790558 134.149536
v 4.289472 15.059818 74.133598
v -1.772877 -8.204010 136.482193
v -4.445800 -21.272720 160.753723
v -2.690298 -36.450233 120.351639
v -0.317413 -4.055862 145.300354
v -6.711054 -15.517700 164.219360
v 6.910900 -41.371532 10.188541
v 1.729278 2.072578 124.523277
v -2.391416 -11.288288 58.434940
v -6.432912 -15.589096 164.758667
v -7.691263 5.405235 116.299828
v 6.603884 -41.997803 9.874064
v 0.891508 -34.562122 18.635807
v 3.555628 8.943157 72.367523
v 5.764134 -5.590538 159.208725
v -7.707567 -1.099487 124.159866
v -2.451638 -15.361839 166.092972
v -10.561493 -13.810532 158.014969
v 2.281792 17.370190 69.517082
v 2.980267 -20.424553 154.825455
v 3.345399 -7.427982 2.034258
v -1.783710 13.255531 72.739723
v 8.473307 -8.828003 157.834045
v 0.373689 3.622307 121.673431
v 1.847176 17.168545 70.883682
v -7.017617 -16.289316 34.145996
v -7.014848 0.590889 85.844688
v 4.237013 9.914379 69.948433
v 0.678102 -35.148270 19.244293
v 2.952481 -14.095146 74.035728
v -2.701443 -8.096527 135.507584
v -4.959002 -1.311531 118.954445
v 4.854000 -19.861984 83.114799
v -14.134905 -7.364532 83.425865
v -10.431140 -18.784462 96.626671
v -8.317549 -34.311882 115.872238
v -2.780953 8.669800 62.545944
v 1.211160 -0.966919 121.056335
v 1.345750 -19.569145 152.104187
v -3.160281 1.068153 113.839569
v -5.110138 -53.229439 138.276367
v 0.270197 -0.231491 69.567223
v 6.909097 -14.018997 156.674911
v -5.920685 -53.190636 151.920639
v 4.545018 -19.274597 159.068893
v -6.723686 -50.245338 151.146118
v 5.925541 13.205769 70.367470
v -2.255978 -14.902374 135.356873
v -4.023071 -19.457497 150.977310
v -2.180448 -14.667122 135.515015
v 5.203215 -5.585709 146.387390
v -6.594881 -19.365364 162.197327
v -7.710581 -39.945328 117.911644
v 6.875089 -14.113960 157.231049
v 1.144681 -3.328568 158.045563
v 1.970032 -13.609245 135.257019
v -8.130650 -17.976326 165.961716
v -12.580451 -8.852566 76.204346
v -3.614592 -45.490814 148.219147
v 0.297276 -14.675735 135.905579
v 3.857813 -19.130821 129.770355
v 6.978590 -8.322651 88.798790
v -6.328700 -20.068069 162.666672
v 3.957998 -39.170544 24.429632
v -0.248987 10.276054 63.554531
v -6.777399 -36.962807 119.823883
v 0.302904 -11.238186 71.577690
v 1.275631 -0.217392 122.132622
v 1.256254 -4.383728 149.269852
v 7.122513 13.079479 75.182541
v 1.566908 -1.553596 157.884598
v -8.312038 -7.929710 125.920433
v -5.020012 -25.644684 128.491226
v -0.890435 -2.422699 160.307083
v -9.114841 -6.513466 152.138031
v -1.367082 -12.307446 73.637398
v 7.264697 -11.774506 162.005157
v 7.391710 -10.341011 149.604462
v -3.006923 15.694474 11.873416
v -10.133702 -15.192498 6.746527
v -1.803645 -20.310822 152.059402
v 1.679313 7.157795 77.715775
v -6.601813 -19.422897 157.472824
v -9.673573 -12.474649 8.823020
v 0.600567 -40.334808 23.245480
v -3.022941 14.818615 15.965830
v -0.704581 -19.809875 152.255798
v -13.005338 -16.638554 76.434563
v -1.899276 -0.264183 131.905197
v -0.853561 -20.120667 152.597458
v -1.763004 -49.515411 138.863541
v -8.071398 -19.772133 159.127365
v -7.818037 1.387829 80.500061
v 7.009400 -14.691242 89.247566
v -1.140185 -3.548347 146.131439
v -14.308884 -7.435795 81.049973
v -2.439368 13.498971 23.937971
v -7.558053 1.218483 80.028870
v -6.530767 -8.034664 9.247795
v 9.471016 -11.054466 155.085770
v -0.271722 -12.254848 75.039101
v -7.027390 -20.536743 159.965836
v -0.426575 -24.101078 82.375832
v -5.816058 -1.225609 121.391159
v -0.356400 13.311340 68.244865
v -0.853109 -12.326904 74.737503
v -3.228854 -2.752380 159.557251
v -1.674839 -50.836105 138.205154
v -6.199179 -52.668510 138.699951
v 6.939280 -13.055035 89.189438
v -4.955254 -10.546898 136.834564
v 4.930127 10.533718 77.455391
v 1.418818 -1.129883 158.002502
v -1.393608 -42.279755 115.785461
v -4.859367 -56.961708 149.499756
v 2.078517 -19.850296 131.707321
v 2.100941 -39.697422 22.849106
v 3.180151 -13.388344 51.956085
v 8.905618 -14.489159 154.091522
v -5.826830 -21.253860 131.533005
v 3.072161 -35.866661 17.412643
v -7.167750 4.133415 96.378357
v 3.585324 -15.483635 74.378799
v 3.089858 -13.128376 52.526939
v -0.167215 8.355927 94.438042
v -5.972828 -22.885098 67.374321
v -9.635792 -14.838074 149.525803
v 6.464087 -17.270470 156.999496
v 0.800198 -3.135780 153.639359
v -5.957390 0.237282 119.061523
v 2.433961 16.383163 73.904587
v -0.830013 -10.520140 9.186046
v -10.081706 -12.863525 149.767639
v -5.378306 0.207771 118.028893
v 0.672569 -26.337112 120.720627
v -4.609821 -19.719383 44.886765
v 2.366698 16.090504 74.263863
v 6.566728 -13.969666 148.682510
v -6.077324 -12.197060 165.494156
v -11.883870 -8.018295 74.347214
v -3.587545 -0.674461 121.128128
v -2.433056 -49.180817 140.434662
v 1.886470 -22.272026 130.652313
v -3.546019 -19.281990 167.341568
v 3.631472 -39.828087 22.728300
v -3.020340 -41.000019 19.096695
v 2.785523 -17.803993 69.742523
v -7.848444 -19.370384 152.219528
v 4.865325 -1.602711 51.630768
v -3.197681 -21.307892 161.204437
v 2.974898 -19.541378 74.235130
v -6.556767 -54.718414 157.377411
v -11.928431 -9.950356 151.454758
v -2.446253 -39.794868 19.574675
v 1.007678 -11.563133 64.785027
v -5.535891 -39.966743 109.486008
v -2.587473 -41.394676 149.929977
v -4.186924 0.157093 69.156021
v -2.730470 9.683739 61.675201
v 8.273842 -9.180740 157.393173
v 1.351403 -7.973381 132.890900
v 6.334148 -14.727692 147.427277
v -2.841450 8.087269 62.573902
v 2.542156 -22.619240 129.602234
v 7.720547 -7.545479 157.307526
v -2.169690 -16.494614 143.576797
v 8.909367 -17.364243 150.760880
v 7.661646 -27.643757 22.219547
v -5.157258 -0.340633 68.586594
v -1.478349 -9.401155 8.733954
v 8.906869 -16.792709 149.882355
v -3.757471 10.771702 46.586399
v 7.260302 -6.086197 157.086746
v -1.982929 -52.230705 140.341553
v -3.577133 -15.082092 136.610321
v -1.467501 -43.147629 14.039447
v -1.919421 -11.042595 54.064896
v -3.622654 -17.502785 166.993881
v 8.612331 -11.573547 159.263458
v -1.974525 -41.951035 111.214867
v -5.845892 -51.253159 161.430939
v -7.373188 -0.198387 71.902870
v -3.937873 -19.464722 132.940262
v -3.777670 10.963631 45.068615
v -7.841478 -16.821609 129.866562
v 2.727533 -17.961231 28.564060
v -1.983428 -11.845776 74.596046
v -7.946286 -15.022545 129.762039
v 4.819956 -22.227272 94.967010
v -8.244164 -60.041115 154.376160
v 2.589830 -14.668760 32.014553
v -2.556928 -12.036804 74.071442
v -6.232000 -18.928993 168.065384
v 7.990212 -11.844498 158.861679
v 6.343714 11.550789 75.681427
v -0.780659 -7.929749 137.082779
v 7.113813 -13.143227 153.097382
v 11.704729 -8.891455 41.593723
v -3.900539 -14.267494 140.936371
v 2.363500 -14.888615 32.049255
v 6.476185 11.976929 75.109879
v -3.822676 -23.494957 91.493126
v -0.043515 4.091385 122.191689
v -9.375547 -6.295803 70.128494
v 4.482866 -20.936314 85.080666
v -5.677021 -47.534828 146.591309
v 7.351784 -12.975449 150.258148
v 1.011458 7.770206 75.259964
v -4.719551 -21.047592 161.402374
v 0.541168 -38.544727 21.983057
v -4.903404 -57.250603 148.290619
v -3.988623 -47.568703 142.173431
v -10.117862 -4.442436 71.685905
v -2.829662 -52.372292 138.035156
v 0.159837 15.680084 70.605125
v -0.556338 -22.439903 121.345749
v 7.257964 -12.635269 149.848816
v -11.325183 -5.577152 73.252594
v -6.472652 -40.867043 109.449516
v -6.101931 -48.506035 145.987595
v 6.650063 -10.819710 138.004944
v -5.951911 2.532425 127.510780
v -7.577653 -20.025963 129.148026
v -1.616438 -14.751076 135.412979
v -6.238752 -48.633003 146.925308
v -3.561295 -53.908867 140.325348
v -8.309796 -19.320236 166.360062
v -3.872123 -20.279510 158.532288
v 7.487237 -12.018089 153.269577
v -1.775097 -15.128014 135.475937
v -6.602784 -16.077553 164.980835
v -0.055145 2.724434 127.781036
v -8.127888 -7.283379 128.545639
v 7.574180 -7.398857 160.249802
v -6.744745 0.330505 87.916077
v -8.860122 5.472687 100.103340
v -7.501774 -52.718536 148.767685
v 4.501447 -13.954353 48.003254
v -3.816462 -20.743931 47.830330
v 7.382830 -10.249840 117.702766
v -1.950056 -24.330841 93.184090
v 7.831230 -9.868805 91.238541
v -12.226175 -5.646111 89.263809
v 2.032806 -32.898064 1.202513
v -1.425563 -11.708710 69.709679
v -4.748610 -8.396652 134.333694
v -6.084108 -13.202278 165.636292
v 5.514531 -6.086189 146.109482
v -0.441292 -1.552162 57.342434
v -1.570608 -11.869625 68.921791
v 7.570235 -18.123947 151.013885
v -5.169434 -56.800888 145.022446
v -11.031875 0.219452 78.706795
v 5.929214 -10.262707 83.309242
v -6.745708 -49.478104 153.319321
v -0.679413 -1.477783 132.394241
v 0.564943 -33.038998 1.999362
v -3.193419 -22.210251 107.146355
v 5.844046 -10.423290 81.009102
v 0.882066 0.552925 102.055580
v -5.680252 -56.791031 151.243408
v 3.620472 -14.279409 42.405914
v 3.869045 15.889347 69.971313
v 7.630167 -10.132660 87.216583
v 5.563753 -10.439449 80.690437
v -0.790380 -35.727623 13.594233
v 4.232249 -0.968353 111.941467
v -7.692613 -4.998871 152.027054
v 1.520714 -1.153427 155.931396
v -3.818417 -52.002716 147.601807
v -10.105109 -20.738007 90.004089
v -3.493702 -17.504368 0.003529
v -3.760200 -18.961624 167.540375
v -5.128431 -3.674835 155.187241
v 2.317830 -10.279640 135.028412
v -9.274185 -21.726078 89.193489
v 1.908857 -16.722855 141.140778
v -3.339283 -8.036540 0.084139
v 2.062311 -10.016258 135.304779
v 6.879600 -13.913864 144.879639
v 3.302110 -16.863075 73.451050
v -7.175346 -4.222023 154.035126
v -12.665640 -7.524609 89.374954
v 6.860859 -8.876305 145.982895
v 1.226442 -16.624329 141.118958
v 5.927389 -16.556900 155.865082
v 0.229570 -15.463928 165.702194
v -3.902915 -16.648720 166.614685
v 6.307632 -39.024353 23.362656
v 2.115599 0.488907 123.407364
v 6.861199 -9.233353 153.994125
v -4.870671 -21.286819 166.196762
v -5.341921 -18.345345 149.179611
v -7.283961 -4.411705 153.698761
v -4.257299 -11.830914 45.708546
v 2.603617 -22.976135 123.491722
v 2.866251 -18.410362 151.894989
v 0.792332 -21.819923 120.474640
v -0.461258 7.837666 72.396164
v -3.687979 -10.888090 42.580830
v -8.352383 -19.833618 165.652771
v -5.760319 -58.955345 152.668060
v 10.616284 -9.416149 36.477028
v -0.473077 -12.338345 8.787732
v -3.212308 -19.410477 165.709656
v -12.190580 -6.644703 74.610756
v 1.779132 -2.438713 159.503098
v -2.112185 6.028862 118.101105
v -3.006018 -19.452438 165.377991
v 3.447459 -12.854950 131.418060
v -7.969987 -10.336319 144.415863
v -4.521186 -20.492577 163.883438
v -7.748251 -15.919739 163.531235
v -2.411179 10.526730 65.720055
v -3.356949 -44.059029 18.920185
v -2.809906 -19.040382 165.551910
v -7.764073 -0.794220 127.292198
v 8.903728 -5.726563 153.043396
v -5.254800 -3.950127 132.734116
v -7.304380 -51.702187 147.629333
v 0.713801 -3.169258 154.574661
v -2.787665 -17.443001 164.957031
v -2.087548 -3.811356 147.897537
v -3.119401 1.468590 130.346634
v -7.321132 -16.003761 163.702042
v 8.244453 -9.902840 159.442917
v -5.798622 -2.784035 155.532303
v 2.890518 -46.941803 21.310200
v 3.072108 10.030499 72.522690
v 0.395685 -3.153534 155.247177
v -7.379819 -15.572197 163.968491
v -4.402944 1.266068 130.254639
v -2.922025 -17.931046 165.291855
v -3.800627 -42.165192 14.589661
v -2.554325 -38.480255 17.278782
v -4.559080 -48.868454 155.706512
v 0.973514 -15.652927 24.336647
v -1.870668 -20.396881 149.506256
v 3.384634 -7.292671 74.396126
v 0.655848 -28.285271 124.664932
v 3.485064 13.920872 68.871307
v 5.140886 -10.347408 78.548416
v 1.808222 -18.402405 147.627090
v 0.586997 -1.041916 57.463943
v -2.530340 -18.586121 147.722473
v -3.944670 -31.986992 113.915009
v -8.157661 -13.685852 67.644951
v 8.590333 -14.131187 151.465652
v -0.492850 6.365150 74.182365
v -8.889582 -46.272629 120.496727
v 8.262409 -3.243872 44.241535
v 5.658370 -19.089382 88.430016
v 1.871355 -13.334724 135.538086
v -7.308709 -20.092438 123.527191
v -2.792343 6.604153 73.389488
v -9.187149 -44.961411 118.943115
v -2.549910 -18.227493 148.185806
v -2.633404 -11.024952 49.935776
v 3.006721 -18.087318 153.171463
v -7.441666 -55.206436 148.450058
v 5.716629 -13.957291 137.966888
v -2.671917 -18.599327 148.916687
v 2.678488 -18.384865 153.563263
v 8.901474 -8.691338 149.308716
v 2.474576 -9.603237 73.303940
v -9.723751 -15.005997 162.553680
v 8.600987 -8.085655 150.616577
v -7.835107 -23.866245 79.797752
v 1.733433 -33.838867 17.228533
v -3.303364 -48.074196 141.010208
v 7.314832 -15.586937 117.619408
v -9.944606 -17.225906 160.604416
v -2.428410 -53.539268 139.378174
v -2.462873 -18.868286 149.046677
v 1.772483 -7.175318 43.014088
v -7.944814 -23.729607 82.281097
v -12.387904 -20.650421 76.714218
v -10.923297 -19.296661 91.998558
v -2.735044 -19.035561 149.222977
v -0.440634 -43.460136 13.934547
v -7.388697 -42.366524 110.089035
v -1.314551 -20.438995 160.217880
v -6.861734 -21.220741 164.252991
v -9.498112 -17.571838 161.323517
v -10.744164 -22.842045 81.501587
v -0.239706 -12.260017 68.131340
v 1.584821 7.717243 82.459190
v -4.646144 -17.876978 5.181883
v 1.925753 -43.748852 13.715781
v 5.369154 -6.189247 147.543839
v 7.638124 -18.246048 108.730576
v -4.586959 -17.835991 167.271362
v 8.259556 -15.770393 151.380203
v -4.447224 -17.519060 6.550050
v -3.166236 -3.170044 148.493423
v -7.041950 -16.763741 131.676346
v -4.444683 -48.322960 141.260880
v -1.990175 -45.546738 117.725845
v 2.038414 -43.507435 13.453563
v -4.807531 -48.270943 141.202774
v -4.144008 -9.667633 135.678513
v -3.614295 -20.385429 166.221558
v 0.998110 -43.439140 13.796099
v -5.925905 -46.848846 136.362259
v -6.014672 -11.537390 34.152523
v 5.491833 -46.808098 18.548996
v 4.680935 -17.377190 148.076645
v 5.954168 -44.229607 13.270647
v -1.744026 -21.882439 117.631226
v -0.368002 -7.886925 135.364288
v 5.028623 -18.267014 154.957870
v 0.782140 -1.551476 155.577347
v -0.042159 -7.889015 135.729034
v -4.264739 -1.550243 64.062469
v -7.108712 8.288933 92.530586
v 0.914826 -10.657606 41.121868
v 6.279137 -2.756306 55.863888
v 6.418256 -3.692741 157.163177
v -2.237610 -53.159279 139.307007
v 2.183514 -19.198875 152.141769
v 2.628351 -1.795116 67.992012
v 6.994823 -3.531860 111.086395
v 6.743553 -10.343533 88.266037
v 0.915863 -23.939468 129.919464
v 2.983290 -18.730858 45.490883
v -3.898012 -20.321159 163.757004
v -6.093174 17.817625 5.436340
v -2.209140 0.474152 104.599297
v -3.500025 -3.904968 59.319195
v 2.416564 -17.070972 5.541119
v 1.337757 2.187035 127.122261
v -0.958633 -36.856079 23.139061
v 8.600435 -10.286636 147.239838
v -8.824768 -42.388504 118.448959
v -0.833824 -36.977753 22.863754
v -5.853812 -16.589273 8.965158
v -14.494935 -11.268852 83.286812
v -0.666971 -4.425751 144.660934
v 4.305640 9.127415 71.855690
v -10.683420 -12.528175 158.460052
v -14.224755 -9.543591 81.091530
v -4.996305 -17.463081 9.070410
v 1.969120 12.361656 71.242119
v -6.095723 -15.011831 42.406769
v 1.480753 12.358677 71.319069
v 2.938665 -20.199753 154.656570
v -5.720943 -16.290775 8.764507
v 1.524896 -1.016304 155.020462
v -8.129098 -19.233757 163.109818
v 6.740809 -10.128017 88.688217
v -5.020443 -52.094643 157.937088
v 7.927057 -17.073517 109.254028
v -1.643843 -3.983238 144.985031
v 0.547280 -0.760597 121.445374
v 1.963816 -34.864769 18.188120
v -9.802761 1.003002 80.083702
v -3.924184 -24.665016 78.408806
v -7.738993 -20.217049 125.878426
v -1.983885 -42.221779 119.532249
v -3.600710 -40.627907 16.022369
v 4.235260 -36.615063 17.088728
v 6.358627 -36.967918 13.062357
v 8.257256 -15.845711 105.316978
v 6.646123 -18.062977 87.605034
v 8.749344 -28.428635 23.463684
v -4.293048 -21.282280 164.751419
v -3.505706 -8.331959 58.052082
v 6.768970 -37.642662 13.130821
v -9.810755 -12.835106 148.179596
v 4.258824 -0.262363 86.811890
v 3.426321 -1.537605 83.644310
v 6.606912 -18.200779 87.453522
v 1.038117 -2.018929 154.972122
v -2.871428 -11.395248 59.723434
v -1.042077 7.224548 99.314026
v -1.185555 10.593975 69.725990
v -5.408400 8.893585 106.218727
v -6.011417 6.723358 87.032928
v -1.439135 -4.176598 152.027725
v -2.186600 -46.812782 136.325272
v 2.076515 -15.857216 31.480543
v -1.431801 5.876480 114.781479
v 6.594382 -14.053787 122.274567
v -1.170742 -4.135193 151.733124
v 1.464953 0.919376 87.028427
v 1.714726 -16.877012 31.063057
v 7.648605 -3.357080 42.452896
v -6.712137 -50.230865 146.490692
v -4.926869 -20.354790 165.838120
v -8.293921 -19.414295 65.952827
v -5.686284 -18.170918 18.764423
v -0.028288 -21.284042 155.855347
v 4.048771 -5.240707 148.192368
v 5.910633 -8.186516 139.087830
v 6.750825 -17.880718 89.426346
v -8.964083 -11.691261 163.070648
v -6.455032 -47.773781 152.108383
v 6.021275 -26.613243 21.779270
v 5.710851 -13.023907 51.319565
v -2.486012 -20.263184 159.203491
v -1.068239 2.823853 114.130463
v -5.452715 -47.589180 152.330276
v -1.723777 11.137924 85.202721
v 2.711430 -23.387161 124.292427
v -1.098052 -2.890495 157.218140
v 3.951562 -17.891617 40.266373
v 3.866161 -11.381065 60.223328
v -3.924374 -17.201393 166.994308
v -0.763852 -3.070282 157.115234
v -7.579040 -28.346458 122.628075
v 6.049633 -13.910027 142.660873
v 1.580237 9.576183 74.225868
v 1.207963 -5.695496 142.970139
v 3.169333 -23.063377 127.095573
v 8.220921 -9.859055 97.259850
v -13.637671 -16.723030 88.851997
v 1.656718 -0.788261 121.903053
v 8.579171 -8.738182 151.410324
v 2.394287 -24.399811 124.899391
v 2.141816 11.366821 69.670197
v -9.420755 -4.798447 153.738647
v -6.878447 -3.440277 111.720001
v 8.279461 -8.674301 151.382507
v -13.939072 -7.376408 79.285072
v -3.329086 -8.503441 8.610214
v 3.390896 -14.379150 42.705330
v -4.494669 -48.967102 139.258484
v 8.306579 -9.178185 160.009201
v -4.503661 -15.915802 142.959488
v 6.774267 -16.315281 87.518417
v 8.206023 -5.646114 54.846405
v -6.864500 -48.604752 151.998245
v -4.088099 -20.481689 166.628281
v 7.046966 -17.870461 158.219421
v -3.556074 -3.106201 152.543884
v 10.504663 -6.201359 46.008465
v 0.217096 10.346970 82.011292
v -13.561111 -3.355881 82.236786
v -6.035749 -18.193897 36.218140
v -4.434361 0.740524 87.488686
v 3.556366 -14.094067 75.069885
v -7.684892 0.853882 124.210587
v -0.960090 -10.932564 165.451187
v -4.703540 -23.120132 64.827782
v 2.516821 0.242622 101.325066
v 4.015854 -36.793938 0.369631
v -0.793037 -49.101845 144.067398
v 1.817135 -10.497217 42.850948
v -9.013353 -18.872993 159.225082
v 5.533447 -4.997921 84.544731
v -7.977057 -50.585526 134.862305
v 5.867694 14.503448 71.953789
v -3.917011 -17.029137 167.325897
v 3.918488 -4.850006 68.728294
v 3.213102 -1.870811 156.946701
v -2.182756 -19.977638 158.425568
v 10.707689 -10.749668 45.725689
v -7.482713 -20.834221 165.640747
v 3.096932 -4.086189 76.140068
v -7.075102 -51.261314 151.166214
v 6.050154 -5.284531 85.741180
v -4.426633 -17.113464 166.621933
v 1.860811 9.507771 79.626373
v -5.967175 -11.166542 165.163589
v -4.096443 -19.401848 167.506165
v -7.616950 1.643913 119.180946
v -0.058496 10.159748 81.527206
v -6.825470 -21.257774 165.591904
v 8.893628 -9.986816 154.113892
v -7.755535 -35.945145 119.662331
v 2.988076 8.720684 78.119850
v -6.903950 -20.710129 166.580841
v 5.375488 -7.483376 162.333084
v -0.191728 -15.539543 133.823761
v -4.176749 -18.686623 167.643524
v 3.293654 10.457733 73.003288
v 2.072168 7.071014 80.835068
v -1.602565 12.939358 74.226349
v 3.593572 -3.059170 45.504417
v -4.680673 -18.583069 167.936859
v -6.691608 -51.905594 140.591476
v -14.620358 -6.375069 79.089233
v -7.349390 -18.689491 162.342514
v 6.918721 -9.222015 144.866669
v 1.755934 6.535355 80.811089
v 7.940034 -16.030792 158.021301
v 0.928810 -18.875710 34.574009
v -4.518490 -20.397179 163.148666
v 4.945183 -19.829033 123.377914
v 7.143671 -16.817253 157.403473
v -3.241478 -9.379433 58.260864
v 6.477234 -4.617725 88.277718
v -4.769232 -18.891800 167.909637
v -8.132107 -9.998627 110.041954
v 4.413949 -1.546906 88.739235
v -0.318952 0.620743 119.435364
v -6.940216 -19.543114 162.185364
v -7.269094 1.127678 118.853897
v -8.417612 -9.986626 107.857552
v -4.854761 -22.824783 131.060196
v -0.023621 -19.427376 132.795990
v -6.635951 -20.294991 107.677322
v -1.443630 -50.189957 138.685837
v -0.127748 10.753853 80.241425
v -3.772315 -23.070091 131.190994
v -3.306053 -5.856712 144.118362
v -6.332488 -2.271118 109.709564
v -1.567009 -46.937424 142.709000
v -1.273405 -37.681992 114.478958
v -8.526367 -14.309639 164.024323
v 0.814345 -4.475098 149.002258
v -0.870401 -9.713461 32.302013
v -2.641618 -20.300331 151.269409
v -1.907719 -18.083282 149.172897
v 3.395066 -17.006748 61.207767
v 9.552919 -12.540466 46.307285
v 8.638874 -27.315201 31.071976
v 1.466497 -10.609276 44.519371
v 6.152469 -10.762108 137.556534
v 1.810568 -39.862309 22.909618
v 6.523408 -10.403290 142.348801
v -4.403168 -2.234581 157.581772
v 1.250668 -10.931707 44.484280
v -8.528732 -19.485329 165.535782
v 1.185096 -10.867050 45.130489
v -4.960983 -17.312790 146.571259
v -1.657723 0.852192 87.247192
v 6.394132 -12.693977 142.629303
v -5.649586 -16.773285 167.505142
v 4.661160 -15.265999 129.125580
v -6.293188 -19.832565 57.298199
v -10.258589 -15.290344 161.500610
v -3.608465 -7.298393 134.271820
v 2.023362 -12.054615 35.982410
v 6.890022 -27.187214 21.868948
v -5.675091 -51.179153 139.730515
v -7.559175 -19.212711 61.954983
v -5.941994 19.185934 5.674389
v 2.213184 -7.940689 138.386963
v -8.169646 -17.625618 163.510315
v -6.995880 -24.690468 126.989624
v 7.567835 -38.228058 21.749872
v 3.413166 -8.172729 138.206940
v -4.814068 -52.641335 151.136124
v -7.553953 -17.488449 167.181961
v -8.002384 -17.445587 163.098480
v 0.720131 -22.447647 68.813828
v 5.188773 15.409718 73.724556
v -9.079815 -12.342384 74.860878
v -5.982010 -1.932289 119.176674
v 4.584760 -13.240429 51.364880
v 4.467636 -20.030592 39.058403
v -6.708730 -17.801712 167.428238
v 3.162844 10.630333 68.289742
v -7.205355 -11.973808 74.855354
v -3.714712 7.748466 80.831131
v -6.173532 -17.830360 3.984790
v -6.950473 -17.567245 167.206940
v -9.205081 -15.281837 149.320572
v 3.509152 10.920902 68.848625
v 5.210639 -5.239349 155.004990
v 0.568360 -22.210300 57.351101
v 7.074432 12.757053 73.322800
v 1.374069 -47.467125 21.009014
v -7.690222 -30.524040 118.520126
v -2.523102 -28.975807 126.210037
v -6.738093 -10.379227 141.909805
v -4.461346 -55.621033 149.814713
v 3.453341 -18.067909 152.578690
v -10.908940 -13.594711 74.543404
v 3.533277 -13.877754 47.398628
v 6.522938 -8.202110 154.078186
v -4.039825 -36.741592 120.525139
v 6.756433 -14.615799 157.338623
v -0.396269 16.675064 72.932335
v -2.699463 -49.304169 140.500473
v -1.193783 -27.258232 127.357552
v 5.343396 -6.009895 155.175964
v -7.102958 -20.444778 160.629532
v 1.510921 8.756203 68.954056
v -8.738491 -47.156593 124.726585
v -6.069823 -21.000977 163.614090
v -9.531746 -18.203323 160.232666
v 5.111699 -2.984238 43.935169
v 0.253670 -19.485916 161.582901
v -7.155551 -20.529755 130.228302
v -14.183521 -4.574654 80.045807
v 1.072201 10.134552 69.506409
v -2.835663 -49.015480 140.841843
v 3.776367 -15.064678 75.135727
v -8.483086 -47.787804 124.581337
v 5.110092 -26.236345 21.768967
v 1.553088 6.970242 79.929344
v 0.789816 -24.087910 82.473335
v 6.144995 -11.526588 32.217712
v 0.808517 10.088108 69.175117
v -2.050571 -49.762093 138.606247
v -3.000530 -21.419689 49.464626
v -12.127450 -4.200886 87.950211
v -3.759902 0.263535 103.871834
v -1.212107 -19.411819 145.332397
v 8.202539 -26.032166 32.810020
v -6.721757 9.355358 100.682304
v -2.811653 -8.683311 135.444809
v -5.739666 -49.764931 140.868820
v -12.570851 -5.641502 88.223083
v 6.849987 -14.285767 30.259502
v -0.332180 11.222927 78.894241
v 2.788434 -15.254971 72.030609
v 0.280865 -24.331406 120.615372
v 7.086183 -10.056908 152.056320
v 5.846378 -15.593361 28.944481
v 2.657539 -13.634769 32.974762
v 5.076468 -2.782295 157.873810
v 7.134916 -18.056747 115.450516
v -9.769447 -11.294456 161.729950
v -2.341759 -16.112350 142.202728
v 2.243954 -11.826355 36.606339
v 3.376449 -7.806190 131.306152
v 3.108341 -0.241501 127.490356
v -9.935815 -13.639191 162.400223
v -6.910610 -52.310051 150.929871
v -15.037848 -15.612846 80.329468
v 8.219814 -6.578129 55.532421
v -5.811489 -49.438004 139.331406
v -7.728489 -7.333115 116.232162
v -14.645391 -16.465164 79.011902
v 3.043433 -22.050049 108.959503
v -7.768163 -7.408058 118.052086
v -3.147096 10.073093 61.953667
v -0.043259 12.028683 71.488052
v 6.737997 -24.319897 35.289989
v -10.483948 -0.224342 85.703468
v -10.449941 -20.563179 90.956169
v -3.662582 -54.125412 147.344788
v -4.324365 -17.401024 167.651825
v 0.098103 -19.202042 163.365906
v -4.478915 -7.531949 5.166420
v -8.495094 0.506161 75.467850
v -8.136370 -44.881393 114.495781
v -2.563026 -49.305000 140.997604
v -6.779404 -33.909996 113.237991
v -7.768216 -15.400787 118.488213
v -3.114951 -19.767136 150.993988
v -4.308068 -7.708932 6.549234
v -8.914808 -10.378571 8.851099
v -12.555011 -18.096535 90.308815
v 7.525688 -25.601923 33.764481
v 4.982926 -1.655437 54.361427
v -2.170668 -16.932915 145.097046
v -0.162965 -15.522499 135.803589
v -9.614904 -0.249138 75.280922
v -2.066105 -40.805618 117.640671
v -0.442421 -30.310425 117.758102
v 2.143659 -0.657154 62.198006
v 3.430845 9.659630 72.273392
v 6.580270 -7.450661 154.300003
v 3.068320 -18.349327 146.054230
v -2.045586 -41.413139 118.091621
v -7.634794 -51.796288 140.513794
v -2.587399 -48.872505 139.217484
v 6.340490 -7.655983 154.084167
v -0.784297 -17.550117 144.867889
v -0.451697 1.379791 130.189682
v -2.657008 11.008450 79.530365
v -11.728493 -16.109871 94.274956
v 4.044458 -21.323334 82.080521
v -5.711327 -20.692169 57.042740
v -3.934607 -43.745468 111.022064
v -2.719669 -4.121201 148.326279
v 6.633986 -7.987434 154.370239
v 7.041993 -6.249466 117.798431
v 2.677729 -15.272858 162.582642
v 3.469218 11.561062 73.864304
v -2.387016 2.183228 129.473526
v -2.475685 -42.181465 110.454147
v -5.232294 -51.139198 158.259277
v -6.154842 -48.872002 141.245941
v -11.826365 -2.954384 87.630051
v 8.377908 -11.346512 160.907883
v -6.635107 -15.960510 164.179886
v -0.298414 -4.124161 150.868317
v -11.931859 -21.721550 78.916016
v -7.213439 -2.800507 121.056290
v 0.514460 0.723457 97.417030
v -7.707565 -40.581604 118.045387
v -1.447326 9.677589 69.515831
v -3.229962 -20.564814 42.981674
v 3.853887 -7.501694 138.905869
v -2.585522 -21.177597 160.150635
v -1.656858 9.897930 67.229546
v 8.185161 -16.187313 41.876118
v -3.897518 -21.170738 159.571091
v -1.155931 9.912178 67.839645
v -7.549935 -17.408978 1.215220
v 7.457402 -6.513596 154.658142
v -4.725767 -40.919319 109.266037
v -6.319892 4.116928 123.617630
v 6.757981 -12.663128 51.141064
v 6.192600 -40.967079 5.968176
v -5.766421 -17.698790 1.756034
v -9.540177 -3.284187 71.306015
v 4.513461 11.800026 71.927872
v -3.942650 -42.482399 109.623634
v -0.387154 -34.442322 18.887892
v -6.215469 -19.983101 112.702850
v -2.661106 11.002941 85.835945
v -4.762264 -41.780083 109.255356
v 5.627796 -46.068783 14.216681
v -8.481891 -2.443211 70.123962
v -5.264116 -47.119003 148.224243
v -2.786556 9.210621 75.610352
v 4.751650 -14.950703 77.847160
v 2.000284 -10.902206 74.443542
v -3.903693 -2.702251 61.565994
v -5.758902 -11.958759 69.465858
v 5.133011 -38.532143 22.518221
v 0.123279 -17.575203 164.959488
v -7.206908 -32.424232 114.949883
v -7.131279 -20.104012 162.579971
v 8.580606 -7.822144 152.499405
v 4.845516 -38.600647 23.261173
v 6.492241 -23.316620 24.117973
v 0.952913 10.240749 80.938492
v -7.288090 -20.207314 162.925262
v -8.539921 -18.761940 165.173782
v 5.518936 -23.447411 23.742792
v -8.887977 -22.363533 90.120224
v -0.460014 -20.189003 161.083389
v -0.017898 -16.768272 165.449844
v -8.892500 -18.573212 165.242691
v -4.528221 -1.817146 132.303162
v -9.908193 -21.444199 90.296486
v 7.124062 -12.993805 138.706726
v 1.362201 0.373978 122.203362
v 8.676929 -14.054886 159.357239
v -0.733260 0.621986 76.143028
v 1.644111 7.034348 78.981743
v -6.150551 8.736885 106.557259
v -3.647957 -54.575104 139.034836
v 1.874295 -20.888351 156.928314
v -0.045672 -12.573631 72.786682
v -6.328478 -50.645309 157.202621
v 5.980352 -18.140381 86.398491
v 2.341586 8.598415 71.493988
v 0.598621 -16.564247 24.347776
v -4.397415 -54.640587 139.222809
v -4.276780 -8.639406 8.796156
v -9.290052 -7.542381 70.188179
v 0.838127 -37.402992 22.550133
v -5.322941 -54.509056 139.595047
v 7.963837 -30.329891 21.188942
v -4.794343 -18.985954 132.904358
v -1.621680 6.906620 62.999226
v 2.227191 -20.595028 71.392311
v -5.446506 -18.674843 132.733200
v -7.921487 -22.437897 89.230606
v -1.812857 -12.098778 71.668633
v -5.488796 -53.028755 134.824890
v 8.601109 -8.087402 152.673523
v 0.756475 10.296799 81.447914
v 7.395458 -39.897655 12.916237
v -1.679975 -12.070164 70.994484
v 0.631767 -10.562519 47.121639
v -6.281246 -2.641487 115.867340
v 8.225868 -8.221878 152.393570
v 0.568254 14.500286 77.429016
v 0.620350 -38.239899 24.238535
v -5.054503 -3.756241 151.785995
v -2.103436 3.859581 104.901642
v 0.794364 12.848675 68.068138
v 0.946877 -2.610237 154.621124
v -3.274256 -14.477394 136.606369
v 2.033634 7.860481 81.619514
v 0.661018 13.190514 68.280602
v -2.259191 -2.277084 149.573654
v -0.314144 13.795528 76.932312
v 0.309146 -10.582100 48.107887
v 0.862913 -38.343033 24.514997
v 1.907321 7.917381 81.999329
v -1.726883 4.773361 103.137070
v -1.007102 -5.879921 144.371933
v -5.993455 1.080032 83.900787
v -7.242459 -29.773880 117.898140
v 0.329385 13.142178 68.593987
v -9.050026 -44.814552 122.155891
v 6.149778 -2.332714 53.623775
v -2.568939 1.461151 81.533730
v -0.036842 -22.855804 90.621704
v -5.754460 -20.958260 163.195160
v -3.163728 -19.958504 148.369827
v -0.496244 -3.032516 154.771866
v -2.885441 -36.090332 111.717346
v 0.947734 -2.542267 158.212296
v 3.675639 -17.387726 144.295578
v -7.421531 1.112602 126.784035
v -11.963508 -12.033607 151.141663
v 0.315554 -18.934591 32.354061
v 5.257320 -39.654797 21.496492
v -1.477261 -48.188889 147.125153
v 11.537642 -11.573318 41.515987
v 2.442300 18.372946 65.169197
v 7.689864 -16.712631 157.910522
v 0.000589 -22.252487 110.663437
v -5.951967 -4.478668 132.418320
v 0.378352 -3.986275 150.464828
v 1.659712 15.219559 68.810272
v 8.130420 -9.092842 110.732925
v -1.099835 -9.964333 39.777943
v -6.935780 -41.805214 121.400253
v 1.312692 -17.534208 31.130306
v -3.621796 -52.213043 146.637268
v -5.606239 -4.812447 159.986908
v -2.269514 -36.224731 112.157906
v 2.797837 -10.666168 132.410934
v -1.127557 -18.792580 27.287092
v -12.943802 -10.922787 78.078148
v -3.948852 -15.265205 134.395630
v -0.511015 3.605019 126.084862
v 4.257819 -15.424072 76.284576
v -1.275192 -20.665405 162.145691
v -11.349162 -11.379372 76.783020
v -7.460075 -17.983665 162.415543
v 2.690289 -7.893341 131.985352
v 8.674282 -18.422752 152.131622
v 4.688649 10.012882 76.180054
v 2.938580 -12.940166 53.513542
v 5.015438 -22.588402 37.114719
v 9.287704 -25.357525 31.359638
v -8.059177 -41.474205 110.612411
v 0.520769 -2.925095 154.372299
v -1.384558 -24.584156 83.917130
v 6.117393 -22.185080 37.311298
v 3.052394 -12.731575 54.273899
v -6.855661 -17.511711 148.367371
v 8.294428 -12.183243 146.495438
v -3.261230 -11.407959 56.867641
v 1.124147 -2.188187 154.636765
v 2.888163 -12.972401 54.273045
v -6.303480 -15.955444 166.992966
v -2.731939 -23.098892 91.351387
v 6.577116 -5.762581 160.004669
v 2.139799 0.411034 96.530457
v -1.533228 -12.055672 75.023895
v -3.958622 0.914505 73.001083
v -13.587084 -6.975128 88.239632
v -2.736910 -22.924370 91.047798
v -8.591548 3.388870 113.322517
v -8.050045 -16.730270 128.838577
v -13.301100 -5.887383 88.173454
v -2.541128 4.568420 124.779739
v 7.610879 -16.389374 159.828552
v 2.974470 -15.903633 161.829330
v -8.597624 3.959030 113.867676
v -5.925352 6.017139 87.572083
v 10.043894 -17.734215 32.480797
v -3.458009 -22.825134 91.391235
v 7.390033 -5.224541 57.494225
v 3.792145 12.200443 71.929420
v -5.028816 -55.377449 151.295670
v 3.940636 11.937050 71.781952
v -10.351601 -1.691471 88.727531
v 2.980881 0.158615 125.599693
v -3.140783 11.149858 53.472336
v 1.898592 -16.056673 31.093920
v 2.816511 -40.433376 23.381624
v 1.416077 -14.698601 132.978928
v 7.598544 -16.677475 159.798950
v 6.092926 -17.701199 87.790733
v -1.883955 13.589237 71.284325
v 6.221276 -16.463280 122.835281
v -7.951286 -59.627357 151.783508
v 6.865306 -14.095161 145.807388
v 0.325876 -36.324978 18.605467
v -2.053036 12.551533 72.478233
v -9.368710 -14.324951 103.477585
v 4.447044 -7.864170 77.081337
v 1.087244 -7.682854 135.282349
v -8.318014 -14.953033 124.974045
v 6.923437 14.120773 75.504219
v -7.879338 -20.459709 66.104317
v -1.917798 13.384991 70.752609
v -2.496123 6.765007 75.375374
v 2.611699 -20.562294 130.987457
v 4.536839 20.283707 64.716637
v 2.112394 -11.529512 38.392605
v -1.724524 13.310093 70.378967
v -0.654622 7.717430 71.505936
v -9.769336 -21.284630 91.831123
v -3.884481 -40.892563 109.395241
v -8.399262 -16.703819 165.081284
v -1.401054 13.379436 70.365059
v 0.184364 -18.339561 164.332123
v 3.202337 -10.727577 135.027969
v -1.203694 13.689777 70.573257
v 0.145268 6.079391 79.573891
v -4.811514 -43.226067 110.069756
v -4.606820 -7.954814 9.183552
v -6.599895 -21.626808 130.537842
v 8.538150 -14.066841 158.715637
v -3.537174 -39.297943 9.276287
v -1.006790 -50.540535 139.994293
v -1.012938 14.007328 69.891396
v -3.408401 -17.946846 166.811523
v -5.349084 -7.972093 8.985105
v -3.513481 -15.190392 141.498444
v -8.402625 4.440353 114.868080
v 8.392607 -11.174171 157.298264
v -7.993280 -11.342110 128.696579
v -3.169896 8.036144 74.819954
v 8.906666 -17.946037 152.920639
v -2.129560 -17.754860 148.172607
v 8.653840 -10.342445 156.586960
v 8.579885 -14.917969 152.504639
v -3.082488 -14.235619 135.506439
v 8.598456 -14.063965 153.689377
v 5.682502 -21.629105 92.478386
v -5.814516 -51.291107 142.106827
v -10.191253 -9.670326 158.845306
v -3.203835 -52.907349 134.508224
v -2.317849 -17.749718 149.140228
v 5.833617 -7.585266 144.371658
v -1.712429 10.511929 79.793304
v -1.860881 -12.162334 72.238640
v 4.403440 -21.491119 84.420998
v -1.771316 6.891075 106.906380
v -3.364340 -39.535942 118.454918
v -4.154349 4.362015 125.317322
v -2.491727 -18.389389 146.592438
v 3.266534 -5.258659 151.997604
v 6.533054 -15.495872 154.057648
v 1.020293 -22.152199 60.904583
v 3.492743 -21.879330 84.184326
v 3.247758 -3.348259 153.557907
v 5.412004 -3.123608 88.447060
v -6.950891 -23.544273 128.084793
v -3.676386 -20.309746 165.159317
v -2.338051 -50.457085 147.052811
v 6.280630 -38.593025 19.270914
v 4.277604 -14.453270 130.141037
v 3.718640 -14.869892 49.557159
v 6.252659 -15.483276 153.699448
v -4.533070 -11.995613 139.555923
v -4.120702 -19.006058 167.742004
v 0.288885 -21.986244 131.709442
v 8.495287 -33.351807 24.760105
v -7.176705 -23.458061 127.010590
v 3.855070 -13.939281 46.901054
v -6.946217 1.000725 117.006233
v 7.632260 -7.497749 115.038918
v -7.033626 -12.900551 142.704208
v 3.934442 -21.417900 127.107040
v -0.145561 12.536007 67.762764
v -8.239840 -18.789345 166.284012
v -1.276767 -9.795059 8.783640
v 3.647755 -13.875164 46.446793
v 5.489704 -9.656937 80.484352
v 5.833544 -2.063339 48.627884
v 3.491394 -18.216658 27.694805
v 2.496530 -13.605804 134.928467
v 4.109352 -46.973663 20.725632
v 3.871681 -6.155083 162.089523
v -8.509859 -19.216354 164.397537
v 2.726002 -47.577522 20.758900
v -5.690816 -12.300453 134.179581
v -1.575481 -38.953148 117.167221
v 7.453358 -4.797684 150.994141
v 2.400265 -13.071693 132.573181
v -8.619121 -18.318329 164.583633
v -6.831334 -20.591309 163.276276
v -11.290513 -1.311920 76.752037
v 2.161240 -22.028732 122.438812
v -8.411340 -11.528481 75.534561
v 2.444770 -14.121571 32.580730
v 5.203724 -4.924994 39.272072
v -2.972675 -21.686996 115.161247
v 1.488527 0.378090 81.313202
v 2.252618 -14.407610 32.253597
v -10.318117 -12.058929 161.129898
v -1.887485 -19.028099 148.729187
v -3.245486 -16.059685 165.232346
v 6.332383 -10.227612 84.870392
v -14.891804 -7.281158 79.776451
v 4.799683 -10.390171 77.266403
v 4.942985 -1.808331 88.579010
v -4.801398 -21.118404 54.618366
v 8.376925 -8.297348 101.578079
v 6.297465 -9.979324 85.963623
v -2.908100 -41.355240 119.649132
v 1.938267 -2.161018 72.544754
v 1.128315 -22.102226 121.848717
v 2.231542 10.238945 74.198586
v -11.768651 -14.340706 152.116638
v -7.218639 3.042374 123.608902
v 1.074613 -8.635788 136.661087
v 0.163931 1.032547 119.673897
v -3.482790 -3.539513 150.977249
v 7.095834 -4.901382 152.141953
v -10.684805 -21.503716 76.128838
v -4.504609 -10.462311 135.771072
v 3.750410 -1.380447 60.593338
v -6.145699 -21.171150 165.481049
v -1.913991 -14.888817 135.153030
v 5.698189 -20.813454 110.223579
v 4.508498 12.541771 69.898430
v 0.888853 -18.432343 147.914352
v 10.742501 -5.827311 43.536613
v -6.995947 3.501259 98.627663
v -2.575092 -18.073730 149.002151
v 6.541746 -9.051559 148.870941
v -3.155622 -43.626778 111.359016
v -4.247992 -24.049458 89.588150
v -14.084770 -6.822315 79.262070
v -5.966047 -52.602264 151.389664
v 4.043831 -6.423439 76.857185
v -3.087750 10.508625 70.273376
v 7.080847 -40.600609 17.387863
v 2.136312 -23.155167 90.565910
v -14.065647 -7.605083 79.782532
v -3.440863 -2.943970 154.350067
v 6.992460 -39.466476 17.921570
v -2.177043 -13.280869 166.306000
v -1.279397 -4.842194 145.017685
v -2.294075 -52.175728 137.900070
v 1.543737 -21.786751 71.672546
v -2.868327 -19.285370 149.085846
v 2.102398 11.956703 67.794037
v -2.275271 7.791405 78.170761
v 1.747788 -13.134792 73.938934
v 1.586534 -11.048883 44.099407
v 3.751159 11.611511 72.823509
v -2.057582 7.663654 78.422806
v 2.370080 11.818817 68.105232
v -1.709962 -7.296913 136.026047
v -1.974517 6.753857 71.992409
v 2.297336 12.242077 67.866776
v 5.812040 17.151131 69.385376
v -1.753202 -7.466705 136.273575
v 1.441428 16.062954 75.949936
v 1.676984 12.421730 67.676079
v 5.457899 -19.245682 89.862709
v 6.919996 -13.586624 87.412125
v 5.012102 -0.835693 95.837715
v -11.415749 -0.607567 77.118515
v -5.799783 -16.401009 166.466995
v 6.430998 -17.518906 89.649025
v 5.535803 -19.860428 119.507652
v -3.539746 -7.923393 136.577469
v 5.510525 -16.975914 146.132690
v 2.312172 -0.855392 117.839066
v 8.634954 -17.274292 149.362640
v -8.266920 -5.107048 124.556602
v -2.988232 -19.688492 132.972137
v 3.076190 9.906425 71.844841
v 3.688645 -9.845581 131.152618
v -5.046398 -17.655212 167.917068
v -5.365037 3.395630 126.574921
v -11.520697 -19.042789 74.396042
v 7.229412 -19.541794 104.538185
v -7.535392 -23.086349 90.049301
v -5.444561 -16.217262 167.330017
v -6.718094 0.649426 88.146950
v 5.604605 -18.290249 85.345245
v 1.049725 0.477760 84.772911
v -12.358073 -17.818035 75.383926
v 3.646526 13.456284 68.840164
v -0.808177 -4.272362 150.778534
v -3.474441 -19.582840 166.261032
v 5.781631 -12.207619 162.399185
v -2.098784 7.545074 70.074249
v -7.404537 -2.251556 122.399467
v 5.043208 -3.721481 123.570992
v -3.564773 -19.935043 165.985809
v -2.215909 6.885201 112.595688
v -1.953537 -51.787613 144.052429
v -1.240389 10.299992 81.847626
v -7.584639 -4.935692 119.165802
v -14.003367 -8.955399 85.626434
v 2.318517 0.038326 83.119095
v 5.536149 -2.720398 87.670021
v -3.384579 -19.721016 165.744446
v 7.755299 -7.707657 158.137207
v -3.672342 -20.558670 164.123718
v -3.845173 -19.583038 166.114624
v -0.349759 -15.873413 165.833237
v -3.717848 -19.361069 166.023300
v 6.050922 -45.454750 16.207167
v 4.698469 -1.645660 88.008430
v 2.516639 -1.507561 153.527603
v 7.385306 -12.738281 155.249878
v -6.675507 -57.140350 147.887558
v 8.983910 -29.340071 23.937126
v -7.470308 -4.509323 109.926262
v 1.860287 -1.105644 153.827606
v -4.454835 -9.086349 136.614563
v 6.399564 -13.804260 138.317322
v 0.009386 -3.364616 152.542343
v 5.159802 14.553596 76.610931
v 1.230231 -18.361313 31.307199
v -3.741527 -24.137821 70.995697
v 1.862081 -0.067513 81.322876
v -5.224503 -20.595375 158.617096
v 1.428371 -18.021023 31.146000
v -1.988529 -18.394249 151.958450
v -4.578970 -23.908066 69.862953
v 1.738433 -4.389961 161.565460
v 0.382091 10.064537 69.452850
v -1.581924 9.687290 81.657333
v -7.323013 -15.951843 165.619888
v 0.380778 -19.053253 161.248474
v 6.404857 -3.826927 117.068390
v -7.665370 -20.693825 164.708084
v -1.083359 -53.573906 139.123642
v -8.669224 -5.960846 152.744492
v -5.723473 -44.434052 111.853676
v -1.073662 -38.051624 20.190891
v 1.133677 -18.373476 32.070923
v -6.854370 -53.724098 140.080780
v -6.789926 -23.418701 87.136940
v -1.848541 -38.122688 18.893442
v 1.197639 -17.992472 31.712418
v 6.481259 -8.758362 138.865631
v -7.180264 -52.568848 136.854446
v 3.737791 -8.626431 67.768784
v -7.056738 -23.620285 87.304138
v 0.326594 -10.662788 47.351929
v 6.589533 -9.086834 87.460388
v -4.166767 -50.933479 151.016068
v 6.880173 -9.324821 138.794724
v -5.416865 -20.619331 116.499382
v 5.198507 -7.920116 0.000030
v -4.094563 -8.027017 7.758353
v 0.017083 -10.490788 49.090572
v 1.450386 -17.794714 4.312065
v -0.551605 -19.117149 150.947647
v -3.731865 -19.745438 162.869263
v -0.266775 -10.530979 50.236603
v -2.643175 -24.013969 130.582047
v -1.527309 -19.194473 151.000824
v -9.995199 -18.757900 71.051651
v -0.276475 -10.722137 50.068012
v -4.302347 -21.947968 131.808411
v 7.987678 -5.791443 107.144012
v 2.728351 -1.681557 51.188271
v -3.437284 -20.513672 165.660339
v 1.694120 -36.134537 17.303663
v -2.045254 -50.453484 138.398254
v 0.977757 -12.947495 71.553635
v -2.994732 -45.471272 19.499271
v -9.023643 -23.354931 80.556946
v 3.077849 -10.391464 74.466118
v 2.614108 -13.035057 137.073868
v -0.471694 6.185673 75.271919
v -3.136459 -20.196724 165.284088
v -3.506464 -45.132713 18.053623
v -3.112839 -55.959572 144.989166
v 9.173946 -14.693943 42.837044
v 7.106234 -8.964607 154.203171
v 7.466962 -7.991832 0.060784
v -7.898549 -11.938789 75.357803
v -1.735218 -49.393433 140.457153
v -3.320465 -20.425560 164.921371
v 3.083090 -3.031517 159.153900
v -4.482513 10.401829 90.417908
v -8.553372 -23.563824 80.883995
v -8.451328 -17.533974 165.773285
v -2.388229 -49.178909 140.620026
v -6.903056 -3.648384 115.882553
v -1.694876 -2.644089 149.799194
v 5.669706 -19.991501 87.637848
v -8.167679 -39.228592 117.692062
v -1.699234 -49.512093 146.679535
v -9.268827 -12.594070 146.617310
v -1.969172 -3.001122 146.384109
v 2.587586 10.319683 79.045044
v -6.785732 -39.431267 118.412254
v 3.690911 -0.117622 96.219757
v -3.092961 2.924026 104.979759
v 3.452171 10.808968 78.759415
v 2.003408 -1.464561 154.583908
v -1.988407 -3.056732 147.180710
v -7.597909 -12.412678 71.739578
v -7.554926 -1.447121 128.789291
v -2.545361 -52.383720 133.695160
v 5.456940 -1.073608 103.008324
v -4.151706 -10.717674 136.831818
v 4.150055 -26.123320 21.787102
v 4.945119 -5.544678 145.723526
v 0.361302 1.235695 130.010391
v 6.642975 -9.235962 59.242550
v -4.896796 -21.302132 163.968216
v 7.410134 -17.874985 91.240692
v 3.594769 -8.152248 74.641670
v 4.236188 -3.907478 153.729538
v 0.236267 1.903053 129.098099
v -1.541254 1.400898 82.191078
v -2.207897 -23.975258 91.042885
v -6.547474 -21.095695 166.283142
v 5.802681 -4.510826 154.186020
v 1.260152 -17.796425 1.365753
v -1.409524 -11.055161 54.668159
v -7.743643 -3.666573 154.490295
v -1.404343 -35.386086 120.231834
v -1.221148 -10.890812 54.991810
v -7.887094 -15.295822 120.182076
v 2.799176 -18.560371 154.716385
v 7.738255 -10.428024 153.677307
v 5.461765 -45.637249 13.422235
v -7.913798 -23.777714 81.466141
v 7.454421 -18.116837 152.308060
v 4.755713 12.017059 70.593964
v 3.142235 -17.503260 39.884056
v -6.093757 -22.037682 122.834137
v -3.981577 -43.883392 14.035073
v 4.517665 12.375755 73.935814
v -6.018132 -16.403732 167.450806
v -0.684027 -27.871353 126.621162
v -3.095924 -48.806686 149.265610
v 2.680178 -17.742050 39.426285
v -13.311952 -3.580769 76.784729
v -6.244185 -17.358803 167.297424
v 5.095734 -5.871895 147.760284
v -5.070065 -18.685177 24.210173
v -0.058243 -18.822716 160.017609
v -8.012098 2.631073 117.370636
v 8.424041 -12.947548 102.631020
v -13.135692 -3.536457 76.446526
v 1.652421 9.008209 81.169868
v -4.389102 -16.116272 165.832321
v -8.250830 5.165390 114.545464
v -6.277091 -16.905899 167.432526
v -4.027215 -16.158173 165.081696
v -12.101748 -14.766224 75.256035
v -9.413891 -17.664429 153.622421
v -5.965454 -16.902588 167.280731
v -1.449209 -36.756248 118.887466
v -4.741346 -15.741531 165.257706
v 9.152803 -3.796959 44.487392
v -1.770580 -11.762955 69.898994
v -3.160866 -8.738869 136.830597
v -2.946554 0.830643 97.875542
v -4.424468 -15.764221 165.119217
v 0.036924 12.976620 71.035637
v -4.229838 -0.958336 112.830902
v 8.641815 -12.768364 146.964005
v -6.828579 -48.679352 157.396637
v -3.594446 -16.915504 143.770126
v 6.395672 -7.413187 35.527954
v -7.626443 -21.775070 91.919273
v 8.921297 -11.546944 147.308792
v -8.190377 -18.677711 166.767624
v -2.710524 -19.120201 164.787109
v -2.684850 -20.938171 162.237015
v 5.993465 -9.078026 142.544174
v -2.477850 -5.006264 148.242645
v 0.083080 -36.582935 18.288517
v -5.101559 -20.602852 161.862671
v -4.723559 -16.529114 167.114639
v -4.718197 -21.854012 106.280052
v -7.516004 -15.750626 164.828033
v -7.705466 -19.457649 166.938019
v -7.848374 -21.416962 91.923203
v -12.075855 -21.219627 77.176643
v -7.228665 -15.955719 164.750504
v 5.776226 -46.609840 17.090265
v -8.181343 -20.794411 100.501862
v -1.667452 0.691807 73.319153
v 5.636436 -14.847046 142.638596
v -7.463130 -19.204910 167.355148
v 4.085002 9.511013 72.503426
v -4.783134 -55.614578 141.846725
v 3.624704 -5.126846 162.101120
v -2.544460 -5.620758 133.786011
v -5.448544 0.997162 129.969177
v 4.130366 -12.125664 56.688629
v -6.364068 18.699858 0.334956
v -0.425108 -23.255718 70.403419
v 2.157287 -10.485050 67.949585
v -4.845069 -11.276344 165.604202
v -6.715466 -20.062515 167.170792
v -5.683645 1.672966 129.005112
v 7.166009 -13.381786 87.190506
v -1.432703 9.290344 96.320129
v -4.342104 -48.381569 141.494568
v -6.699489 -20.266617 167.229523
v 1.733697 -2.353989 157.669113
v 0.549886 -3.194595 156.005676
v -4.891021 -16.255447 167.281586
v 5.694163 -16.120728 148.075684
v 6.847034 -6.713715 87.932182
v -10.604265 -15.380303 2.589267
v 5.289802 -6.536888 151.576859
v 0.476206 -10.809998 24.716101
v 8.359019 -12.914886 100.103149
v -0.219925 9.765011 91.186012
v -3.511000 -34.890099 112.108704
v -11.071102 -14.013382 2.664820
v -7.629507 -45.492813 129.889969
v 7.513777 -12.760933 149.330383
v -2.169440 -14.252281 166.362305
v -11.132801 -12.478504 1.691802
v -10.386826 -6.300217 98.419144
v -12.165242 -3.895214 75.718643
v -5.786980 -53.462532 141.755981
v 6.013873 -15.682205 146.197464
v -10.960602 -11.150673 1.768250
v 3.178195 -17.419117 42.348114
v -8.946323 -11.088318 74.470856
v -3.600018 -43.224155 17.720215
v -5.159348 -15.799164 166.090607
v 6.911144 -14.267708 140.363831
v -10.264145 -22.453587 78.858803
v 4.272132 -6.194160 144.049149
v -7.388074 7.815002 108.782478
v -6.158854 -17.797470 2.599834
v -6.638390 -46.783302 117.439987
v -8.614174 -19.935516 164.823746
v 2.010229 -19.318611 154.096344
v 1.799524 8.910984 69.105598
v -7.679201 6.613197 112.685600
v -1.158943 -51.193985 133.418961
v -4.966321 -15.842361 166.482452
v -2.034645 -27.212067 127.551750
v 2.031022 -19.273220 37.447624
v 6.228081 -20.047516 113.473610
v 1.091221 -3.376900 153.217392
v 1.229599 -22.921780 77.944679
v -8.888622 7.263855 102.217560
v -10.822033 -7.873024 151.360123
v 5.382738 -7.977852 141.953293
v 2.225009 -3.277390 153.233932
v 5.976852 -37.177258 20.166159
v -7.441841 -2.616615 129.727142
v -3.390563 -17.083099 166.491882
v 8.455148 -5.015671 52.662117
v -10.144507 -20.667847 90.303566
v -0.518839 15.654102 71.038261
v 5.439276 -19.014866 84.219475
v 6.199379 -37.212212 20.678892
v 1.511351 -3.334648 153.361649
v -3.227710 -17.165749 165.615509
v -0.560103 14.979153 69.776939
v -12.951868 -7.231922 88.372955
v 3.070432 -7.027039 72.307289
v -3.930283 -22.808029 60.983772
v 5.051833 -19.150856 83.644348
v -3.032181 -17.356392 166.142319
v -6.074521 0.750526 129.689911
v -9.311898 -10.905313 8.677946
v -9.127642 -42.436951 115.090492
v 5.970039 -37.245228 20.682915
v 6.176155 -4.738667 88.027725
v -3.251670 -16.874550 166.136734
v -9.306936 -10.701030 8.992031
v -0.659285 -24.004288 89.162628
v -8.633043 -18.366802 66.258087
v -3.100991 -16.704102 165.409576
v -1.298956 -35.230518 20.831245
v -1.848625 -22.983227 60.273235
v -8.680634 -13.484612 163.922287
v -8.450703 0.113155 87.080826
v 3.486401 11.285412 73.165405
v -9.491855 -13.028946 162.938568
v -0.203106 -22.238552 54.708370
v 3.901203 -2.525097 81.370583
v -13.323753 -3.487598 84.548470
v -2.954805 -17.234894 165.449234
v 11.715361 -9.939219 42.066181
v -8.798739 -5.354935 157.209106
v -8.035572 -10.396210 163.280197
v -5.365620 -56.472305 150.595367
v -12.412376 -10.296448 152.694336
v 8.271647 -8.644508 107.518745
v 7.631987 -16.357117 157.529816
v -11.347653 -6.728043 154.223907
v 6.437919 -18.437920 88.145477
v -8.110926 -35.002251 114.277855
v -12.092974 -8.446968 153.442123
v -1.884019 -2.226891 150.454147
v -5.811659 17.039375 10.422028
v -0.265236 -32.320091 118.800667
v 7.086544 -14.698769 88.868378
v 7.173502 -18.185310 87.554688
v -3.138227 -17.021179 165.093628
v -7.087671 -23.435520 86.789070
v -8.355494 2.712204 113.468834
v 5.202044 -18.843605 155.768341
v 0.986577 -4.592270 148.240677
v 6.312130 -4.031315 88.483284
v -6.982491 -23.519482 86.416893
v 4.064597 -21.143936 89.933464
v -1.550625 -15.962292 9.205641
v 6.201061 -4.160744 88.137772
v -4.169561 -8.507080 8.620681
v 1.331011 -3.041718 156.679260
v 5.292337 -40.781136 22.362280
v -3.629745 -39.968513 118.456238
v 5.084317 -18.662178 155.128967
v -1.576904 -43.290451 114.388893
v 1.911131 -2.947983 157.589355
v 1.017308 9.542412 87.937752
v -8.080874 2.232010 113.137375
v -1.383733 -0.681557 120.778114
v 1.669798 -3.319603 157.592834
v 8.750204 -32.357059 23.072096
v -1.030595 -0.755287 120.728127
v 2.890497 0.428818 126.127762
v 1.617509 -2.609009 156.551651
v 4.760234 -18.564598 154.615479
v 6.714660 -5.361649 88.438568
v -7.095771 -21.307014 164.544449
v -5.685639 -18.359009 150.039978
v 6.786477 12.597252 74.389656
v 1.463021 -2.171112 156.559204
v -7.032619 0.393871 87.109253
v -7.793273 -15.591042 113.231201
v 6.147327 -14.939262 140.037933
v 1.579492 1.396545 128.557938
v 5.294401 15.237015 72.009651
v -0.029200 -35.748093 0.375603
v -3.791986 -27.195000 127.556099
v 8.042852 -11.918900 150.743637
v 0.772571 -7.266304 139.744019
v 0.430058 -12.152248 63.857567
v -5.714314 0.611294 87.993851
v 7.870860 -12.271576 149.921539
v -5.491014 -50.004120 151.455673
v 0.847711 -11.874180 62.588017
v -11.431392 -1.968697 76.262085
v -3.965706 -46.005379 115.814972
v -8.677813 -16.897537 165.013062
v -7.741486 -56.660477 157.041992
v -2.448978 -44.455467 146.933731
v -5.211918 -53.225594 159.526642
v 2.332762 -38.346352 23.804249
v -7.340652 6.928616 92.414970
v 5.233561 15.291630 72.482529
v -7.377120 -19.487656 161.681519
v 8.684221 -4.944633 150.430176
v -1.652721 -50.728798 140.749619
v -8.239273 -19.585648 163.449722
v -9.831016 -8.659149 148.982620
v -4.450220 -46.268745 145.847580
v -5.233152 2.135628 106.160507
v -4.412337 -4.712090 148.659988
v -14.290414 -15.135811 79.737389
v -7.950747 -20.156929 165.604675
v 1.680399 -1.875191 156.699936
v -6.230407 -20.328362 153.017120
v 2.060349 -2.183098 156.750870
v 7.621791 13.182804 69.707405
v -14.498388 -15.279781 79.754471
v -3.660639 3.042961 101.579948
v 1.736770 -1.758049 156.970840
v -5.656181 -21.054588 108.146652
v -14.561333 -15.301270 80.894173
v -8.450798 -23.197495 75.189049
v -8.254644 -40.028419 117.524239
v 0.528232 -20.141129 158.170319
v -3.489285 -19.946106 166.551727
v 0.188236 1.288559 83.489426
v 3.484969 -13.738228 75.187157
v -1.472925 -40.048256 116.099976
v -1.705521 -19.288177 149.307770
v -2.667637 -55.120270 144.965881
v 0.897880 -7.913307 163.858093
v -10.002028 -12.983976 9.245262
v -2.827845 -7.159264 141.971191
v -2.682317 -2.740906 151.257034
v -3.860853 -16.262215 165.348206
v 1.773747 -1.256020 157.838135
v -1.019675 -8.181099 164.270432
v 5.253606 15.184998 72.587746
v -8.220208 3.369377 104.450874
v -4.904514 -53.668953 151.768951
v 7.059681 -5.129105 157.422333
v -6.457605 -22.924789 129.729279
v -3.639313 -45.393631 146.775574
v 8.048775 -10.346771 154.186386
v -8.709008 -8.875191 146.215240
v 1.311697 0.382896 83.311188
v 6.822747 -4.947929 157.115768
v -8.740833 -44.804901 124.218643
v -8.809858 -36.782379 115.649246
v -7.045852 -23.182098 94.495003
v 2.560431 -8.863222 38.705757
v -9.313853 -10.603996 146.630112
v 5.079679 14.604301 73.038239
v -2.898714 -47.712898 148.374222
v 6.694834 -31.395437 29.622555
v -6.146811 -19.185982 167.508224
v 4.247307 -20.681206 122.162346
v 8.144762 -8.725796 55.422691
v -5.884965 -19.512985 167.768890
v -8.963018 -13.802830 70.170792
v 1.832762 -1.103668 157.318741
v -7.111876 -24.161476 125.010559
v -7.936449 -16.872643 166.783356
v -13.101692 -5.164799 77.339485
v -0.864967 -11.890430 74.876900
v 0.577130 -8.040352 6.652947
v 0.949009 6.081898 82.129372
v -2.799631 9.342602 99.719490
v 1.847838 -21.238178 66.731277
v 3.214090 -7.700359 5.611735
v 7.109774 -13.366684 154.688904
v 6.159554 -5.097710 88.087448
v -2.100338 -15.256767 138.915543
v -0.136401 -18.227097 144.604828
v 0.607028 -8.288818 134.787827
v 6.455015 -5.010292 87.943962
v -8.561900 -11.841923 75.741859
v 0.582880 -8.519760 134.533600
v -0.194022 10.509518 80.163795
v -4.033876 -20.461708 151.215042
v -8.075109 -11.564339 75.523781
v -6.531912 -6.326401 132.260147
v 0.418992 -8.557198 134.954926
v 5.078144 -3.118622 158.904007
v -0.420339 6.237228 76.211136
v -2.923691 -20.892487 151.683044
v 6.958138 -8.981941 119.959854
v 5.491165 -13.775513 81.207321
v -12.266979 -12.745350 77.129448
v -4.285213 -21.238739 115.749161
v -14.657200 -15.239029 80.137352
v 6.504576 -8.445557 139.591248
v -12.124316 -13.403236 76.501686
v -4.230803 -48.897995 151.737686
v -3.425765 -25.884789 128.701019
v -8.188425 -19.380104 161.250198
v 6.596637 -10.348244 122.276550
v 5.097028 -19.248901 124.438690
v 1.408898 -17.456223 162.513031
v 1.532503 -18.847813 37.264530
v -3.401404 -8.801880 136.498718
v -4.002658 -11.391010 64.215820
v 1.767538 -11.269573 43.324291
v 1.834483 -19.156916 37.008080
v 3.219472 -15.872681 62.040257
v -3.004752 -8.633354 136.428802
v 7.018413 -9.810425 88.098038
v 1.916354 -11.092541 43.237789
v -13.200880 -13.531219 89.788887
v -6.164476 -16.195572 8.885553
v 1.742223 -18.918333 36.927803
v -1.850148 3.046165 128.037018
v 9.813759 -17.135443 31.857052
v 2.895649 -8.116768 163.354462
v -6.584997 -49.812943 151.137817
v -6.944860 -16.383394 8.982841
v -1.242973 -46.771782 133.561691
v 8.300611 -13.060661 107.824394
v 2.053306 -15.229462 132.430054
v -7.133343 -49.918579 141.202316
v -7.227699 -16.040119 8.893918
v 2.755801 -1.668785 154.680161
v 6.944632 -22.701200 36.520699
v -3.741141 -13.589622 136.981323
v -5.703812 -53.289696 139.877060
v 0.481799 -15.552216 139.151230
v 2.319290 -1.576042 155.862137
v 4.744631 -8.892868 162.755112
v -6.958500 -52.936096 150.690063
v -4.216401 -10.756783 138.219879
v 2.687721 -18.080307 148.618103
v 2.247089 0.663334 86.940422
v 2.389594 -1.911690 155.643143
v -5.987701 -54.086662 142.528198
v -6.943465 -10.202446 164.057373
v 7.942848 -9.465302 161.174728
v -6.623880 -48.883064 148.739716
v 7.353559 -9.857307 152.966629
v 1.708016 0.439720 86.986984
v -7.504095 1.160088 121.220543
v 0.400777 7.078308 75.050133
v 4.629612 -2.777466 123.236351
v 6.490459 -14.267990 138.865097
v -4.744402 -41.505997 121.535614
v 7.384807 -9.782455 152.088287
v 0.815591 0.467361 86.993729
v -4.266387 1.494549 81.604965
v 4.791180 -2.932030 122.145004
v 7.724548 -18.478020 103.086021
v -1.320122 -42.949776 148.479736
v -4.588732 -20.171059 162.280579
v 2.494915 -18.134781 150.987473
v 3.587924 -17.565525 74.869972
v 6.663638 -5.698029 87.711266
v -7.974060 -8.824974 9.056665
v 4.553423 -7.757050 36.087059
v -4.817592 -20.043907 162.559586
v -11.277858 -10.202099 75.525185
v 2.139478 -18.536125 150.968414
v 5.432620 -8.523392 34.839275
v -4.184123 -12.230736 137.034561
v 0.081072 11.257095 71.017204
v 11.069178 -13.287228 41.032833
v -9.749540 -20.027367 91.784645
v -2.518135 3.661110 98.703644
v 6.000097 -1.731178 95.029594
v -0.202222 11.414387 70.736694
v 1.033102 0.303253 81.307915
v -0.545519 -29.443642 125.097862
v 2.362086 16.042320 68.592484
v -5.231483 -20.053314 158.022034
v 8.629062 -19.711857 28.023418
v -2.995012 -38.124939 5.020694
v -3.187969 -8.576813 137.996277
v 0.089804 -29.075844 124.789864
v 2.313766 16.334793 68.659531
v -0.455831 -4.412598 148.643219
v 3.876052 -22.233536 83.805420
v 5.740444 -2.849712 88.467804
v -13.391283 -9.274197 88.238853
v -6.482110 -20.831673 166.895660
v -0.698729 4.582775 93.280319
v -8.613117 -19.798767 165.315720
v 9.005658 -21.443226 27.529474
v 0.731543 -17.304649 143.131317
v 0.058029 -46.460888 21.566051
v -6.714060 -14.576815 37.286121
v -8.474669 -19.909523 164.475067
v -3.299763 -50.566353 149.397919
v 5.022605 -1.917713 88.154503
v -8.899406 -15.814215 9.112855
v -2.134290 -1.940269 158.051575
v -3.985062 -52.746529 138.061615
v -7.536884 -52.544235 157.885330
v 3.538612 -3.228752 160.173859
v 6.687519 -14.530678 155.059692
v 9.978095 -14.214022 42.462494
v -6.328386 -21.557678 165.004318
v 6.456322 -1.944145 102.335037
v 6.615539 -3.279083 42.265846
v -1.863750 -45.677567 131.810165
v 3.286477 -4.649994 152.091812
v -5.915718 -21.437172 164.940979
v -13.122187 -18.474072 77.691589
v 8.820684 -13.002426 159.289474
v 2.596073 -24.156101 88.648346
v -4.621151 3.598671 126.715858
v -6.654284 -51.559540 138.929657
v -3.202839 -39.014229 15.369118
v -13.554436 -17.259945 78.169174
v -10.847401 -16.280304 151.914001
v 3.630364 -16.259216 161.452713
v -2.157146 5.905247 79.543205
v -8.041723 -4.216904 105.750099
v 3.376261 16.489113 68.784286
v -3.013752 9.447018 79.354317
v -4.016556 -48.101646 141.079941
v -1.089750 6.658463 77.717781
v 6.195259 -36.433640 19.407341
v 3.118938 -21.894348 129.319458
v -3.627474 3.121666 127.924210
v -2.722135 6.380642 79.336197
v -9.714905 -0.841766 87.558678
v -14.651403 -15.199818 81.783722
v 4.668437 -10.042038 129.295822
v -4.938894 -12.939678 49.128292
v -1.472235 2.161186 129.400803
v -3.839108 3.732239 126.768127
v -5.495968 -52.740341 156.606583
v -2.478124 7.880856 66.987976
v -7.847816 2.780632 119.601883
v -0.272955 -21.975807 117.553024
v -4.325800 -17.023048 7.760193
v -1.214139 -19.552757 159.396973
v -5.420033 -13.860767 49.052807
v -2.345360 7.899029 68.323776
v 7.440668 -13.505096 156.372849
v 2.729006 -3.389725 71.368340
v -8.249715 -15.553001 127.553162
v -2.496222 8.103958 66.610962
v -8.088469 4.348343 98.837982
v -3.276915 -19.108711 165.314499
v 1.419713 -8.113461 43.695511
v 7.114144 -13.419838 156.441376
v -4.173801 -0.502609 131.776352
v -9.257896 0.499680 85.530502
v -6.758633 -15.881157 165.247177
v 1.356469 -9.166693 43.950211
v 3.998847 -13.280266 130.724976
v 1.856339 -16.468307 161.854752
v -2.698315 -37.341763 12.949686
v -3.050732 -51.030029 147.520554
v -6.784509 0.974388 128.497574
v -4.481950 0.434326 131.003296
v -3.057293 -50.522369 148.458984
v 2.404753 -23.089809 82.831329
v 1.847476 -11.680403 36.678905
v 1.549253 9.262455 68.650597
v 2.890210 9.742977 71.570023
v 5.713296 -5.193306 122.817413
v -6.843724 -21.130409 165.278503
v -0.742224 -10.936443 8.828640
v -4.316142 -18.508934 167.797028
v -5.873699 -17.421873 9.187916
v -7.474100 -15.048378 164.324631
v -4.967396 -20.004433 156.364838
v -6.472406 -17.186729 8.983515
v -4.000761 -23.853989 91.229431
v 4.639935 -3.775879 159.744659
v -6.602546 -21.123459 164.704651
v -4.146818 1.326340 90.420334
v -6.192650 -55.950821 150.289215
v 5.927338 -7.600616 148.493195
v 1.929045 14.888943 68.780479
v -6.941818 -17.058176 32.242294
v 3.960231 9.549461 76.953011
v -8.308695 -44.805000 126.204788
v -1.743017 4.458557 124.649849
v -5.391748 -49.401237 141.081116
v -2.743733 1.604927 87.599617
v 2.202467 15.308540 68.639030
v -6.881080 -23.978386 123.827942
v 6.601631 -6.998276 88.624390
v -2.754483 7.882771 63.030582
v -2.848283 -8.206276 136.523285
v -0.398427 -7.334597 3.594980
v -5.446464 1.364616 87.927635
v -5.486767 -9.920052 134.311203
v -3.312608 -14.538635 135.603760
v 9.170777 -13.991367 44.000206
v 1.360318 -18.625168 132.466324
v 6.044075 -44.017971 13.820237
v -4.846155 -45.184349 113.517662
v -10.947361 -18.887527 91.997383
v -3.579953 10.421602 48.074142
v 1.032189 -0.502865 60.634338
v -10.969318 -18.747513 91.782616
v 3.589967 -13.522179 49.799820
v -1.972702 -11.802418 71.008469
v -1.849499 -4.074799 146.830093
v -0.749611 -18.723328 152.043030
v -4.220187 -6.365295 144.723724
v 6.593815 -12.988083 138.078171
v 3.418669 -13.789326 49.879871
v -5.265953 -57.509743 150.767502
v -2.087155 -12.018734 71.398651
v -10.082081 -20.164619 95.669975
v 3.411371 -13.744633 49.247196
v -2.762442 -18.178619 146.603867
v 3.367531 -15.779720 41.469852
v 7.439869 -35.934212 18.404312
v 7.920014 -11.819260 151.134216
v -3.287486 5.886757 120.368149
v 5.054187 -17.359802 147.392105
v -1.677785 -3.814987 151.013733
v 7.199946 -9.345757 146.961517
v -7.776546 -8.809029 115.090179
v -0.302267 -0.323586 62.344227
v -5.175308 -53.524963 140.307419
v 7.410247 -10.113785 148.010727
v 0.165105 -19.088501 149.906265
v 7.337543 -8.121643 159.373795
v -1.004997 3.621284 113.357552
v -7.676907 -20.179832 165.714630
v 0.620162 -4.179008 132.823944
v 0.769435 -18.959555 34.084919
v -6.937065 -14.880219 144.918671
v 6.899668 -7.399345 159.341354
v -0.798861 7.341217 72.072372
v -2.462328 -18.245827 151.006653
v -9.157173 -8.331810 103.961617
v -2.198080 -18.063530 151.657471
v 8.053153 -17.228569 101.894440
v 0.129777 -3.940628 161.157776
v -0.677361 -6.992943 133.773422
v -8.777007 -17.195358 66.352448
v -0.717129 10.629490 69.896767
v -2.137635 -18.010048 150.869843
v -7.318092 -17.901474 115.551041
v 2.444600 -4.003227 151.171387
v 0.456352 -35.273724 19.780251
v -10.585056 -1.652103 87.729980
v -7.517308 -18.493523 162.100357
v 4.473588 -3.862907 82.175217
v 2.536707 19.353556 67.908661
v 1.085621 -2.893684 158.138474
v -9.043001 6.640457 101.763184
v 6.852581 -4.793510 156.084137
v -11.802518 -2.496082 75.730042
v 6.929398 -10.447754 141.976608
v -4.602408 -6.093636 145.992889
v 2.790612 -9.602036 69.083717
v 2.290477 -0.182426 123.044022
v -2.437655 -16.512173 8.817752
v -3.549679 -18.039497 167.360336
v 4.582956 -19.859070 156.008041
v 1.878333 9.600689 80.825951
v 2.386623 -0.717484 122.511757
v 2.602863 -4.985476 43.376690
v 6.928828 -5.491081 155.811417
v -8.169153 -5.104874 122.834625
v -3.106202 -16.896032 8.882869
v 2.628197 -18.031349 149.757126
v -7.884523 -18.346764 167.244446
v -6.815979 -56.671455 155.207428
v -5.506323 -48.523476 141.252808
v 7.017559 -5.751305 156.053680
v -5.644675 0.812038 87.964622
v -2.694830 -11.950119 166.041931
v -6.058466 -23.948956 72.540421
v 1.690656 -20.744865 49.227631
v -7.990595 -18.469658 127.974243
v 4.929560 -1.934761 116.897881
v 3.760148 -15.664982 46.579391
v 7.189940 -13.164185 155.905716
v -1.029526 -6.871582 141.491943
v -11.432200 -14.559486 153.035675
v -0.426893 -4.491035 151.700699
v 8.379920 -11.448311 158.950562
v 6.557989 -9.002739 144.455536
v -0.639112 -4.444572 151.922775
v -11.903974 -11.090302 154.374039
v 0.210260 -26.137671 25.755434
v -7.170489 -0.586525 99.284042
v -3.964046 -53.122986 134.764709
v -3.325480 -48.921959 140.111801
v -11.924400 -12.726578 153.352966
v 2.097666 13.919849 67.135559
v 2.749759 -9.825668 132.234985
v 3.860113 -14.767462 42.029285
v 8.320309 -7.690876 55.265167
v -8.938814 -17.078007 2.601332
v -10.281423 -0.104179 77.936356
v -1.350626 -21.241070 45.481960
v -1.467548 -42.723503 117.935478
v -8.843439 -17.002579 1.781228
v -1.155324 0.658531 131.134888
v -6.390179 -20.104034 162.481033
v 9.270416 -10.777859 49.694443
v 2.123289 -8.724312 132.560547
v 3.693546 -15.663773 41.360168
v 1.190612 -20.506271 153.628998
v -3.889582 -7.626915 134.523209
v 8.766899 -11.718552 49.517166
v 8.391885 -13.000801 105.220016
v 6.100928 -21.277916 87.937050
v 6.643771 -17.950333 157.008621
v -1.628289 -7.070625 140.957703
v -1.277575 -46.042828 21.259769
v -7.071278 -58.264572 153.720917
v -2.247345 -53.159409 144.089630
v 7.132660 -18.070152 152.135010
v 5.085761 -15.311588 79.446762
v -12.714399 -17.608723 89.023972
v -2.343260 -46.161640 20.244858
v 4.499681 -7.515488 129.150162
v 2.857885 -17.443687 40.095524
v -1.489095 -21.503494 153.717224
v -2.478996 -40.795128 110.240608
v 2.712043 15.811810 74.200829
v -7.569096 -17.409330 1.757643
v -3.132732 -40.842270 109.701324
v 4.338727 -13.898834 162.631134
v -6.058039 -17.124977 167.440704
v 8.618568 -9.134766 154.715332
v -2.852484 -15.529419 136.332718
v -4.291610 -21.135208 165.365585
v 3.026804 -17.133162 40.036179
v -6.219174 -16.182190 145.598633
v 3.565033 -7.370598 3.288577
v 8.655130 -9.611473 154.742035
v 0.537132 -11.965794 62.949104
v 5.085949 -36.947899 17.296194
v -0.367677 -3.361305 150.972778
v 3.222357 -17.013580 40.263905
v 8.829754 -9.455582 154.474136
v 8.193811 -9.066216 157.540878
v -1.102479 -11.026821 54.404671
v -4.150145 -47.018295 142.844955
v -7.779697 -11.517685 114.440689
v -0.634227 -7.155060 134.024643
v -10.852139 -13.819527 149.918900
v 7.531364 -4.930038 150.460205
v -1.452087 -50.022255 139.967484
v -0.609776 -24.131218 130.310165
v -4.163774 2.071724 129.349976
v 8.390825 -9.529724 154.498917
v -7.016380 -56.432854 147.291565
v 4.683078 -10.568260 75.964409
v -9.808268 -16.311314 1.195103
v 1.882298 -13.768539 68.203995
v 7.385774 -13.165535 151.505554
v -6.101002 -10.982292 67.928444
v 11.061832 -10.164429 36.980133
v 5.706863 -20.385094 89.889961
v 7.345380 -12.948807 151.170670
v 5.569938 -2.866936 118.325470
v 1.266899 -47.944435 20.687651
v -10.381701 -6.260239 152.447052
v 4.673478 -20.191528 123.941376
v 1.722321 -11.289063 41.357262
v -8.097213 -20.337387 163.843216
v -8.002602 -18.356262 166.800064
v -2.564512 -46.476372 118.635483
v 7.414747 -16.869873 0.076237
v -10.523107 -16.248657 153.435669
v 6.639409 -6.363743 88.692894
v 5.264999 -19.334053 158.437469
v 8.606651 -8.437378 149.533340
v 5.233870 -39.192616 21.668934
v -1.984569 5.659706 81.286034
v 6.966558 -13.235703 148.180130
v 4.405910 9.366047 71.890808
v -7.746462 -19.319702 163.006287
v 4.983398 -4.671879 82.990364
v -0.553058 -19.891029 152.588867
v -8.118458 -42.808861 111.248734
v -0.248195 15.936882 71.355934
v -1.993133 -21.483170 154.662689
v 4.000059 9.147152 72.083977
v -10.568749 -11.247101 158.859055
v -5.411448 5.395973 121.458824
v -0.566637 16.232201 71.873116
v 5.070361 -4.440201 83.046562
v 5.770191 -38.091969 19.622429
v -0.704919 14.034039 76.042503
v -0.391589 -22.513641 57.158630
v 1.698401 8.668468 69.741837
v -0.113012 3.423149 117.643990
v -0.875896 -11.962681 66.967117
v 0.019197 12.964619 70.193085
v -0.117260 8.258549 72.646217
v -0.834267 13.218224 76.796066
v -4.952560 -49.015129 141.466476
v -0.367738 8.180759 72.370079
v 4.930532 11.711166 70.669609
v -9.429981 -21.375328 95.031441
v 3.873321 9.391994 72.005836
v -0.298977 7.935970 72.196983
v 5.043093 -12.329855 6.723947
v -4.684429 -7.546152 3.770728
v 1.310711 -1.871735 157.667938
v -3.508053 8.201782 69.817490
v -6.821206 -16.545555 166.508087
v 4.949862 11.976929 70.740509
v -8.016356 -21.676712 69.603081
v -0.071868 10.610607 79.610069
v -4.265168 -19.578758 162.969757
v -4.391554 2.858383 101.405083
v 6.526793 -38.279800 22.159779
v -1.196264 4.726429 79.647751
v -5.153481 -20.924034 163.930710
v 1.019116 -1.212440 155.756912
v 1.164996 -18.059196 162.906296
v 2.162816 -13.923103 71.976433
v 0.891394 -12.042339 75.099670
v 1.226917 -1.582741 155.753494
v -5.634064 -52.799400 155.912033
v 7.763825 -10.586229 6.049641
v 1.332844 -17.427971 163.655441
v -7.423628 -7.994742 1.763927
v 0.772604 -2.169495 155.377472
v 2.237729 -13.055689 33.778526
v 4.620046 14.300598 71.386093
v -8.518791 -18.468140 163.667145
v -6.466761 -24.311832 80.008705
v 3.477187 9.281319 77.965904
v 5.700603 -6.272995 146.547287
v 2.658459 -32.951126 28.710390
v -2.505093 5.740280 120.358620
v -4.370007 -52.822304 150.585114
v 3.997873 11.975571 68.134872
v -6.446863 -19.742828 167.482178
v 1.795353 -32.465103 28.584612
v 8.379715 14.919174 72.446991
v 4.553007 14.281120 77.314575
v -5.086992 -39.047501 118.934883
v -3.615743 -20.653465 165.024307
v 3.765637 -18.358650 76.395760
v -7.231554 -18.741966 120.114334
v 2.873345 -2.356178 158.646484
v 5.422068 -38.329258 22.600025
v 5.664487 -17.083963 27.824949
v 5.527851 -15.501686 143.486420
v -5.651169 -13.507462 133.861298
v -7.124741 -55.934258 149.798157
v 4.031498 12.261967 72.180931
v -1.657288 -3.080231 152.106461
v 2.820376 -2.179092 158.385361
v -14.142601 -7.152344 85.432533
v 3.478816 -2.674767 159.042542
v -2.910749 -16.817383 164.764664
v 8.844010 -12.040962 152.928207
v -14.381164 -6.983646 85.004494
v 3.483775 -2.972458 159.201401
v -3.675686 -3.143211 152.247818
v 4.908690 13.394150 69.450447
v 7.707149 -12.303627 153.467499
v -8.482628 -4.859344 153.254120
v 6.765696 -14.319603 146.425079
v 3.585072 -1.221405 127.329239
v -5.030355 -3.662224 152.295914
v -5.853678 -15.908585 166.907440
v -6.447551 -19.784569 118.724503
v -2.061093 -5.193916 148.375992
v -3.458980 -17.161316 166.189377
v 1.508389 -11.100830 66.606544
v 3.750104 -9.375257 35.407314
v -1.123547 -49.648216 142.740707
v -4.039116 -17.185921 166.039948
v -10.470673 -9.976181 1.789734
v -2.198249 -5.299614 148.211441
v -0.035587 -50.841766 139.569702
v -3.804545 -16.891563 166.123276
v 8.907840 -13.779991 154.591339
v -1.953102 -5.026352 148.083511
v 5.434832 -2.738258 86.746033
v -2.770598 -10.333698 58.467484
v 4.980635 -16.838821 145.159470
v -11.224524 -2.549129 74.824745
v 5.948664 -40.960060 5.928635
v 1.076346 -19.206059 34.183617
v 8.295953 13.761013 72.657867
v 5.262663 -7.712509 139.417755
v 5.122392 -17.150681 145.510834
v 9.257977 -18.199528 29.997183
v 0.913347 -23.565380 81.986191
v -2.027764 7.310814 70.738777
v -2.472409 -0.375423 64.526398
v -3.064389 -20.176414 150.080627
v -6.051647 -8.033783 144.424408
v 1.536969 -22.183990 110.583267
v -1.225704 1.089218 84.214851
v -3.158255 -17.380394 164.644089
v 7.363335 -17.959854 150.965363
v 0.283922 10.324406 80.395905
v 8.138268 -14.420120 110.584938
v -1.760101 -5.729279 145.701691
v -11.647272 -2.909122 75.502792
v 7.339747 -12.559509 149.281067
v 2.417881 -15.713894 31.240625
v 1.161349 -19.339035 34.773567
v -7.682564 1.101059 125.278946
v -2.402992 -5.605125 146.541794
v 5.109877 -14.340569 45.988167
v 1.103044 -18.927845 34.377995
v -3.371340 -19.497658 165.929794
v 2.189186 -16.176073 31.134315
v -7.351254 -16.256256 166.381592
v 4.333739 -19.333298 155.482986
v -0.972354 11.233150 78.142670
v -2.909342 -46.416809 135.860291
v -7.118102 0.385918 122.031837
v 2.034045 -16.715881 30.946466
v -5.259096 -18.937382 30.149418
v -4.646592 -23.772293 130.368561
v -12.238371 -12.460342 152.514862
v 4.800232 -18.885040 155.750214
v -5.580946 -18.779327 34.367992
v -6.574590 0.220169 120.942924
v -5.410826 -11.737560 69.253159
v 8.156593 -14.681152 152.378036
v -6.054125 -11.993053 72.519150
v -5.829095 -0.063866 120.671616
v -9.698673 -7.609673 158.153137
v -0.104866 -38.939945 22.130743
v -1.272310 -36.195068 1.724406
v -5.536242 -11.903252 68.604660
v 1.913195 -16.466894 31.121660
v -6.014770 -20.792656 167.191513
v -9.224588 -44.019028 118.608902
v -8.119263 -17.267410 166.847961
v -3.826846 -9.820084 136.250275
v -2.934132 -15.784616 1.159011
v 7.136949 -12.902000 151.412949
v -5.511414 -11.602871 69.449982
v 7.388203 -13.766991 154.597290
v -2.939748 -17.805796 1.168974
v -5.634541 -57.213074 147.368134
v -4.363841 4.952194 123.615410
v -1.716240 -7.983932 136.245819
v -5.689061 -20.902916 166.644638
v 4.525898 -17.276314 78.337166
v -7.645857 -16.860945 9.199065
v 7.348310 -13.470787 154.481735
v -8.243402 -5.068565 126.043465
v -5.389543 -15.595253 133.541077
v -7.271589 -50.913689 149.436310
v 1.635273 13.033859 78.707947
v 7.384808 -13.392891 152.923401
v -5.070801 -55.307724 150.694122
v -2.695718 -17.826874 1.143779
v -6.008865 -11.457302 69.732216
v 3.371608 -21.486420 123.133636
v -2.707616 -18.611450 165.649902
v 7.389060 -13.550514 153.971802
v 1.680458 -0.058899 130.523239
v -2.989886 -15.522734 1.035281
v 6.591808 14.040447 70.136192
v -8.212133 -16.308754 149.483292
v 2.251978 -19.735977 158.639435
v -3.080498 -2.851273 148.827148
v -2.533421 7.579826 76.879532
v 1.610946 0.784065 129.563309
v -8.703257 -15.849876 149.574677
v 7.462387 -8.887955 116.966522
v 2.168736 -8.587700 134.933807
v -4.708755 -9.976044 136.855209
v 6.981018 -13.221619 152.661819
v -0.563030 -4.595894 51.183826
v 2.347393 -9.412010 132.645798
v -2.546035 8.620064 102.430000
v 2.369535 -22.539345 122.807831
v 5.658669 -2.929604 87.868584
v -2.423294 -17.073647 145.531418
v -5.557439 -19.029747 167.893051
v -5.734303 -14.819324 48.976795
v -4.415476 -10.813965 136.807159
v -2.777811 -19.440742 164.115067
v 7.336840 -13.157860 152.628632
v -6.432905 -15.364273 54.820919
v 0.829521 13.161732 71.518684
v -5.666981 -47.682381 156.229416
v -10.045388 -5.058281 154.818329
v 7.141101 -13.021751 152.595627
v -13.329768 -5.028534 77.577782
v -5.203873 -47.114998 145.881256
v -2.245798 -7.592461 163.914185
v -8.718055 -14.350159 106.268410
v -4.143687 -10.936295 62.937851
v -8.021210 -40.699654 110.619370
v 2.934423 -5.687492 131.491501
v -6.218739 -59.616898 151.871140
v 1.036240 12.945858 71.697197
v -2.748727 -19.339821 149.996170
v 2.556599 -3.221664 131.392944
v -8.239096 -16.048218 163.259659
v -4.021039 -11.255001 63.620369
v 0.862798 13.335274 71.702171
v -6.002258 -59.509155 152.113739
v 2.857543 9.991669 71.807495
v 0.337069 -33.973434 17.968790
v 6.574352 -13.975983 144.453629
v -3.243500 -18.239311 165.288452
v -9.207577 -15.586395 149.543976
v -7.246948 -39.859291 110.097481
v 3.841674 -21.668526 124.826195
v 6.351065 -14.375992 144.678635
v -1.733932 -53.371719 142.413635
v -8.948037 -17.235321 162.132950
v -1.310561 1.475952 130.296036
v -5.868118 -1.069252 106.041626
v 5.703834 -20.390766 88.172615
v -12.979183 -9.935177 77.579308
v 4.048269 -15.677967 75.582855
v -4.039761 -14.347977 136.804352
v -9.892200 -15.760727 149.802551
v 1.137074 -17.808437 31.147125
v 2.132788 -19.472130 151.184631
v -5.455462 -50.130859 141.890793
v 4.777304 -2.593319 62.189201
v -13.490252 -9.157154 78.423965
v 1.528441 15.054443 68.633575
v -7.960758 -2.810883 103.551712
v -9.063332 -21.197659 71.490967
v 2.087387 -18.933418 151.180801
v 0.206627 -5.392082 144.041473
v 2.176952 14.872551 68.652412
v 5.283889 13.833450 69.837021
v -3.111031 8.996689 74.298004
v 2.060140 -12.382084 57.528740
v -1.484531 -16.318663 8.065199
v -5.821955 -33.003670 113.414177
v -3.394436 -3.164200 156.091599
v 2.170792 -12.218670 58.330059
v 5.597229 -18.964901 89.523544
v -5.021357 6.202415 118.942619
v -8.739069 1.342525 79.443726
v -3.492535 -41.185532 119.942024
v 5.809217 -18.437653 89.682449
v -4.131554 -53.157990 138.026062
v 2.736196 -19.010830 68.382561
v 6.743992 -12.103466 87.849571
v -3.103399 -45.988400 19.157068
v 5.768936 -19.017052 89.809517
v 7.721792 -11.105057 150.400284
v -8.196982 1.715958 79.792442
v -12.553535 -16.526257 75.483444
v -1.311954 -5.525032 145.544205
v -9.460857 -23.172966 90.219421
v 3.518491 -7.201111 70.084564
v 6.974260 -12.220917 87.913826
v -5.965053 -26.526604 127.269127
v -8.075454 1.771446 80.319099
v 2.458113 -12.271187 135.172058
v 6.874269 -12.580025 142.035904
v -6.376573 -11.971432 74.694809
v -1.744518 -18.104183 3.637367
v -0.527741 -18.840340 151.193771
v 7.909383 -10.875374 150.463257
v -3.182323 -8.495934 136.400085
v -1.739367 12.563328 73.810974
v 1.496569 -37.965172 23.521400
v -8.174426 -16.760292 165.392242
v -0.998867 -4.591721 151.117203
v -2.307547 -22.568516 56.583519
v 10.148140 -11.645851 46.275101
v -2.137458 -5.147736 149.438843
v 2.065174 -38.178871 23.484262
v 8.846785 -10.857452 152.920853
v -13.432236 -4.670731 86.334976
v -1.935801 -17.937834 4.838049
v -4.802261 -53.038063 138.159836
v 2.719360 -38.389042 23.688692
v 5.787943 -37.762589 18.602398
v 8.903591 -10.981735 152.188339
v 6.328742 -8.582733 144.659286
v 8.627232 -17.285820 153.972473
v 6.715626 -9.552315 144.484436
v -14.020017 -4.843147 77.904472
v 7.883705 -11.074287 151.179550
v 7.428591 -16.274200 154.580475
v 4.670644 -18.253990 154.749634
v -0.843722 -18.456268 151.938248
v 6.249154 -17.965500 87.689262
v 8.729416 -11.360786 152.060577
v -10.496851 -1.438416 87.448151
v -7.800643 -8.711555 118.556076
v 6.044346 13.218742 72.655205
v -1.944354 -4.735405 149.122635
v -5.064915 -21.154610 120.923164
v -9.116923 -0.726231 88.517967
v -1.090157 12.162876 76.856407
v 11.338139 -10.945320 37.592827
v -10.298949 -9.237015 150.511169
v -8.993655 -0.437496 88.495468
v -3.721487 7.440601 80.613731
v 3.144115 -12.044113 134.917068
v -11.063996 -2.426750 88.940651
v 5.743506 18.243010 65.686752
v -2.063851 -4.433937 149.352890
v -2.049217 -19.093054 27.089228
v 7.605926 -11.132431 152.311035
v -4.923008 -53.484764 151.282135
v -10.155008 -12.178162 149.651566
v -7.148314 -0.272758 129.062561
v -4.246362 -9.012589 136.792877
v -9.011086 -0.646744 88.242676
v 2.831164 -0.192474 108.343040
v 7.370509 -15.481236 42.880486
v -10.384878 -12.332306 149.863312
v 5.213443 -3.191841 86.851280
v -9.651217 -1.673691 72.890556
v 1.857791 -1.835861 75.708679
v 7.226276 -10.068916 138.881653
v -6.294697 -10.060316 25.918495
v -9.089891 5.269753 106.467766
v -7.136313 -6.314835 131.484238
v -10.304510 -11.921173 149.971649
v 5.074184 -38.025494 2.021771
v 6.713134 -10.129768 138.170746
v 2.849950 -13.314270 163.815353
v -2.507744 -49.466759 140.712982
v -1.616009 6.634666 104.525673
v 5.996943 -7.343178 146.529938
v 2.408035 -2.899109 75.415131
v 1.994404 1.097298 123.615540
v 1.734757 -15.999260 164.149689
v 2.420299 -11.872139 35.594151
v -5.761359 -0.068451 130.690567
v -3.348579 8.587242 79.072235
v 3.174685 -18.803169 159.716415
v 5.281176 -19.869663 88.725700
v -6.546339 -17.825924 31.608112
v -1.652967 -11.980125 69.872612
v 8.891185 -4.793594 151.007919
v 5.718957 -18.725336 40.306980
v -0.807059 10.272770 81.821716
v -6.225700 -19.353691 131.980881
v -0.038265 -3.676468 150.563766
v -5.459496 -18.425201 167.372070
v -1.090561 -48.791199 140.504364
v 1.530411 -0.806377 78.026924
v 8.662893 -6.080788 149.028198
v 2.352239 -6.601112 140.422607
v 6.716490 -14.188072 147.193161
v 8.326159 -14.455078 100.358078
v 7.335594 13.429699 69.533661
v -7.607777 -0.346146 124.141388
v 1.218767 9.632137 74.052460
v 8.835787 -5.585037 149.404282
v -2.199296 -20.988312 155.232376
v 8.821129 -25.803787 32.075619
v -8.758420 -9.919090 105.990967
v 6.243446 -42.048996 7.630290
v -1.516678 5.476357 102.738701
v 2.088176 -14.248184 135.135223
v 6.711288 -13.758972 144.110626
v -1.533815 6.214108 76.304672
v -1.849068 -11.182415 57.620304
v 7.485550 -13.562912 161.609695
v -0.257597 -11.540771 68.491516
v -1.176641 -0.436516 120.913582
v -1.917214 -11.183929 56.882141
v 1.208871 -14.300415 135.423019
v -1.787800 6.195580 75.458511
v 5.027032 -15.720138 6.133186
v -10.631639 -12.970215 160.638077
v -1.191293 -11.709766 68.729584
v 7.048525 -15.233376 161.197235
v -1.798959 -10.804386 56.862568
v 7.085206 -9.870621 153.226379
v -1.475285 6.138130 102.914734
v 2.390760 1.124069 126.736038
v -0.489619 10.833023 86.648476
v -5.609218 -28.104225 126.389931
v 2.613770 10.292702 70.689896
v 5.490496 -7.863808 125.957748
v 7.375128 -9.628342 153.224167
v -1.438972 -11.955093 68.835579
v -4.192806 -16.584953 166.487656
v 2.510396 10.235298 70.859528
v 8.038913 -13.187149 147.016342
v -3.575974 -46.895416 148.027176
v 2.782631 -16.416805 69.677872
v -4.922135 -20.083511 150.823517
v -3.102591 -5.124184 146.328888
v -0.161053 11.232014 70.073395
v 0.809345 -34.944599 19.094847
v -4.532906 -8.515830 18.270199
v -8.904627 -15.079929 5.116082
v -5.642008 -49.895142 151.759140
v 8.360073 -8.516762 104.837585
v 5.662090 -25.297337 34.823429
v 5.396484 -3.981018 159.010544
v -9.101328 -10.720514 5.116283
v -4.465966 -16.308426 166.361725
v 3.176823 -7.433380 4.454474
v -7.183815 -20.722923 165.517105
v 2.169849 -11.295565 40.248528
v -1.792274 -5.206184 133.628769
v -9.066639 -11.871515 5.111256
v 8.279202 -6.970467 103.036026
v -4.953639 -20.737091 165.810638
v -3.288269 -49.181252 139.840958
v -2.431378 -24.974224 89.405785
v -8.283651 -6.365143 123.254829
v -1.476264 -18.319351 145.025940
v -13.900404 -16.254913 78.732071
v -3.511047 -49.036568 139.951263
v -1.263682 -23.530190 98.321167
v 4.495973 -1.826206 49.288399
v -3.034769 -42.758514 14.133368
v -2.859035 -22.043312 121.311691
v -2.555611 -39.257347 118.251892
v -6.781418 -20.703362 165.134796
v 2.371934 8.415810 80.917587
v -4.691861 1.517902 87.915047
v 13.164135 -10.986996 0.113968
v 2.229709 -18.918669 37.965553
v -2.225241 -42.793083 13.817272
v -3.841152 -49.203316 139.897476
v 2.183833 -18.599594 38.119003
v -0.716030 -43.161255 13.960837
v 4.688082 -1.915459 86.793564
v 12.239534 -9.971449 0.078991
v 1.256954 -7.897255 138.428833
v -6.946033 -15.743637 164.223297
v 7.331398 -16.856232 116.333344
v 6.154599 -10.080673 162.119034
v -4.528302 9.742310 82.834846
v -8.992178 -38.341362 115.992317
v -4.497591 -11.009850 140.050812
v -8.877831 -39.523567 113.179520
v -4.799105 -48.019249 155.797287
v -4.100004 10.339275 83.626900
v -1.018734 -31.599319 123.541328
v 0.161891 12.710621 69.905914
v -1.741978 -38.302803 118.039207
v -0.667507 -31.627556 123.150238
v -1.604007 -3.322205 160.316559
v 0.415923 12.286526 69.973770
v 1.048522 -3.057617 153.534973
v -1.302870 -24.235622 84.813210
v -8.445498 -24.138031 81.540703
v 1.542051 -22.427080 34.847408
v -7.601495 1.733971 113.116615
v 1.122838 12.196163 69.432999
v -8.956112 -13.050190 72.074959
v -10.608829 -10.007019 150.495972
v -2.941338 -0.482155 112.761551
v 3.038308 -5.696877 72.372070
v -13.309510 -7.143879 88.036957
v -7.892028 -7.535591 119.753235
v 8.463912 -9.832451 154.564835
v -4.312800 -12.146667 49.309711
v -4.788418 -19.865509 167.642639
v 7.724576 -4.345406 104.801239
v 3.710803 -17.700821 152.500443
v -10.945178 -13.980318 1.220388
v 4.218991 -2.056137 124.934868
v 8.113003 -13.398346 161.104095
v -5.819725 -21.553627 165.787064
v 4.108451 -4.798389 40.923470
v -12.670174 -17.529205 90.298073
v 0.791140 10.587601 80.525970
v 4.003054 -1.653099 123.929573
v -5.332729 -21.605087 165.353653
v -1.799909 6.954277 71.598862
v -1.111164 -46.667702 125.308533
v -0.490187 -7.351323 4.845781
v 3.812928 -1.232567 125.071175
v -0.551983 -34.425240 9.832362
v 0.739424 6.744217 69.992172
v -5.679660 -20.300499 162.659409
v -8.598049 -18.688675 164.472122
v 0.389923 10.524910 80.669411
v 1.150946 7.627975 71.800728
v -7.751489 -16.924965 163.521500
v -8.569111 -19.615120 165.054749
v 3.938307 -17.596024 153.341415
v -5.699762 -21.098099 165.599609
v -6.719759 -20.307762 158.643997
v -5.793674 1.251194 75.745895
v -8.443176 -19.249992 164.964005
v -5.473174 -20.639412 163.018433
v -5.507992 -21.515518 165.526352
v 11.652437 -11.452364 39.929077
v -7.785071 -24.003838 85.651077
v -1.814473 -0.452873 120.568130
v -8.318599 -19.189049 164.661499
v -6.032449 19.389551 5.458397
v -1.785803 -20.726677 150.382217
v -11.187424 -9.660625 74.706581
v -3.575953 -38.628727 9.650713
v -7.408799 -23.930733 86.568764
v -7.970537 3.815948 117.896065
v 4.050999 -2.368614 156.270676
v -6.231312 9.087791 104.340515
v 3.395585 12.256634 79.051720
v -12.338871 -14.131073 76.042130
v -5.076467 -13.255852 166.022812
v 4.391661 -18.286766 128.769241
v -3.627499 -3.865479 160.130875
v -13.065282 -14.845825 76.961044
v 1.855588 -8.887245 135.274246
v -3.403971 -37.666683 10.013719
v 2.972658 8.958794 81.142235
v 1.848588 -19.461937 28.363752
v 1.011803 9.625721 68.586235
v 3.632954 -10.463898 74.660583
v 9.067574 13.934814 71.045952
v -3.816824 -39.000725 118.859116
v 6.434587 -38.009090 17.978996
v 4.976359 12.990108 73.711182
v 6.836307 -2.856560 95.638130
v 3.442641 -10.394928 74.884018
v 0.573594 -12.647724 74.433800
v -7.948088 -55.714958 157.157166
v 1.609296 -15.089989 164.764359
v -6.775660 -48.965210 150.732635
v 7.157053 -2.954918 100.900009
v 1.751366 -2.918221 157.345428
v -10.491748 -15.327390 1.773799
v -0.845522 -45.358124 147.410797
v 1.914734 17.054939 71.419128
v -8.447540 6.965790 108.180710
v -6.865074 -50.224808 150.852203
v 6.348566 -37.400082 15.826788
v -4.732271 -39.890282 118.574226
v -2.394752 -5.033760 148.954300
v -8.401378 -24.112309 82.266998
v -1.648433 5.291573 121.105812
v -8.339289 -7.028900 107.345871
v 8.700969 -9.156349 148.759521
v 3.758686 -20.972389 81.994804
v 3.483335 20.421368 65.333107
v -8.173896 -23.768253 82.035599
v 6.312888 -14.611862 45.147007
v 6.161601 -13.562332 85.408516
v -1.483494 -44.578003 125.397026
v 8.899197 -8.615852 148.628601
v -4.215075 -10.009392 136.444427
v 8.861613 -17.957062 150.440506
v 6.355435 -13.346622 85.216331
v -1.924304 -9.668156 54.830929
v -1.203466 -45.348747 125.694939
v -2.988477 -19.502129 164.440002
v 2.923389 -13.292759 55.802906
v 3.956574 -20.950436 82.198578
v -1.157570 -7.937332 51.169437
v -2.912267 -19.041634 164.229156
v 1.391934 14.948048 76.999443
v -8.002129 -23.661045 82.652870
v 5.242988 -7.533813 140.674438
v -5.316961 -21.446014 121.989014
v -7.755452 1.356037 83.857101
v -1.692152 -44.792824 127.755630
v -7.235897 -1.676388 68.905785
v -6.968382 -18.048805 167.680466
v 8.916873 -18.081039 151.186081
v 5.153672 -4.377533 159.489395
v -3.936183 0.898689 113.739639
v -3.670638 -14.260902 136.706879
v -3.094591 1.346153 76.548737
v -0.168062 -36.004852 16.687550
v 3.737598 -17.681263 55.691540
v -1.886120 -5.426300 146.663940
v 5.359227 -4.433228 159.778488
v 1.220016 10.165165 80.674919
v 6.437537 -5.554043 87.734406
v 5.182143 -17.306059 0.000945
v -3.634473 10.520565 48.572025
v 12.556678 -13.945650 0.197372
v -3.606033 -2.610542 156.197601
v -6.471626 -16.726677 132.378036
v 6.179547 -5.674732 87.194313
v 2.814743 -12.755615 132.046967
v -1.885443 -36.539349 13.524903
v 0.682114 -34.402458 26.586155
v -2.704960 -3.113602 156.164246
v 6.129862 -10.497292 80.978539
v 4.490267 -2.141243 86.619591
v -5.795953 -20.599678 163.013840
v -5.327104 -22.435524 91.356781
v -2.716320 -2.905457 156.497849
v 6.024569 -3.812733 60.258347
v 3.122123 -17.564388 0.064464
v 2.079143 -18.937195 152.491043
v 5.060852 -6.401596 65.692223
v -4.618672 -20.821564 163.599762
v -3.159240 -3.077713 155.737564
v -0.823131 4.987289 116.315613
v -5.863527 -22.450874 91.721321
v -2.048172 -7.810364 138.704880
v -6.091587 -58.398918 153.443283
v 8.685010 -4.957970 152.964890
v 0.320152 -38.780491 21.827438
v 8.862596 -5.234528 153.501495
v 7.022219 -9.396049 88.054199
v -5.879993 -53.044312 151.130020
v 4.874813 -21.576721 88.268456
v -1.372247 -8.029106 135.120285
v 1.510134 -2.183243 156.983902
v -1.617308 -41.437973 112.290443
v -2.718060 -17.686394 165.758316
v -7.754863 -23.887051 78.316185
v -1.648402 -7.920357 135.682251
v -6.534586 -51.704170 140.486130
v 2.333524 -16.439407 140.430527
v -3.269019 1.024605 87.631851
v -7.695873 -51.813019 158.332428
v -8.167008 0.377296 74.420883
v 1.202447 -0.452751 116.026276
v -2.794506 -52.983452 138.076859
v -3.549242 0.834270 87.568184
v 8.906185 -12.323479 149.866806
v -7.190790 1.011898 75.644348
v 5.171221 10.375092 69.845886
v -10.343210 -9.652359 99.664490
v -6.849655 -18.989853 114.605423
v 3.622977 15.874565 69.493248
v -6.852118 5.651653 91.524979
v 0.081374 14.961792 68.457939
v 4.399722 -21.831238 106.423340
v -0.309381 -8.238678 135.726532
v -5.119587 -54.577835 139.375244
v -2.100714 -16.251457 142.599045
v -0.935758 -20.652153 152.480148
v -6.368374 -49.670883 157.802063
v 3.124763 -21.730820 81.739311
v -3.016502 -17.163498 165.016159
v -5.832575 -15.425587 45.970585
v -7.946234 -18.993340 153.257019
v -1.794692 -16.088921 141.572067
v -7.602767 -16.326576 164.439667
v 7.361075 -10.485443 153.942642
v -5.651522 -14.459011 46.041370
v -6.593924 -49.486885 157.754471
v 4.498698 9.686123 70.720634
v -7.549584 -16.548256 164.673386
v -1.295937 -24.391327 84.606598
v -3.243979 9.598732 81.093834
v -7.546129 -11.636543 143.168518
v 6.730527 -3.780411 86.617065
v -3.894720 -42.068645 12.846405
v -14.819550 -15.493313 83.862556
v -2.493132 3.640015 102.842270
v -7.535196 -42.059235 121.246140
v 6.866027 -6.982742 87.993523
v -14.651851 -15.207973 83.802460
v 1.012655 -26.592018 121.711212
v -7.367088 -50.968437 140.983917
v 6.483683 -6.992813 87.738113
v -3.911355 -2.206558 156.681717
v 1.629684 -4.645386 149.530411
v -14.511478 -15.461006 84.820969
v 4.699100 -40.070190 22.215075
v -5.981933 -21.334023 166.176376
v -13.163479 -8.973518 89.684845
v 1.753389 -4.239082 149.951981
v -7.155583 -4.522194 158.166534
v 6.755127 -7.925137 87.424965
v -0.651778 13.331982 69.463341
v 2.508144 -15.048744 69.506180
v -1.947971 10.855831 69.777313
v 0.809577 0.560410 83.733650
v 6.670795 -10.132519 87.010384
v -0.650855 7.859333 71.704453
v -1.617256 -34.987358 113.687645
v -7.888876 -23.738899 82.994667
v -1.123280 10.310665 69.848877
v -1.234339 -35.129585 114.668037
v 6.704307 -10.184231 86.092918
v -7.837480 -23.673492 83.670372
v 6.688185 -7.389851 87.647194
v -3.102768 -17.898832 1.330626
v 0.650170 7.786915 74.344238
v 3.062069 -19.351727 60.803379
v -7.199591 -21.200790 164.902740
v -3.467192 -44.981560 147.389709
v 6.844490 -42.361050 15.255854
v -6.866599 -20.803307 164.902710
v 4.360803 9.402866 70.596222
v -2.904367 -46.173424 148.577682
v 6.624193 -7.523170 87.788574
v 4.218902 9.594082 70.503723
v 8.365120 -23.975344 34.234459
v 9.398743 -4.193665 46.194115
v 1.071238 -0.752293 70.172676
v -3.780406 -14.012131 139.485687
v -6.240883 17.820705 5.204223
v -4.580751 -48.730766 139.551849
v -5.554316 -9.241104 164.224243
v -0.329041 11.060055 70.523506
v 0.682730 -36.172077 17.865501
v 8.920208 -12.466362 152.772217
v -0.857926 -17.866728 0.710549
v -8.592115 -8.560363 0.000231
v -6.994258 -23.545322 72.607788
v -1.556019 -15.967209 133.990005
v 8.843774 -12.858704 152.937134
v -0.831371 -10.832150 51.559044
v 2.168184 -15.564631 31.357389
v -0.432747 -21.045374 44.778324
v 5.742598 -14.832558 141.552658
v -1.492192 -3.261585 55.605453
v -0.587658 -47.442909 146.498505
v -0.800322 -10.707695 52.738895
v -4.714249 -56.562019 149.462524
v -7.462252 -46.129921 116.428101
v 3.527921 -22.137146 88.201454
v -6.727527 -15.275055 132.331955
v -5.579790 -15.984825 144.186234
v -3.411526 -20.364685 163.888000
v 1.082912 -0.738831 131.493408
v -7.937559 -10.053406 112.164680
v -5.746879 -16.414948 145.023483
v -4.478797 -20.081001 166.215164
v 4.568233 17.733150 64.564758
v 1.539548 -1.119530 154.668915
v 4.519331 -34.925060 17.862041
v -9.811241 -16.315348 1.765424
v -8.042351 0.669350 88.345009
v 8.233272 -11.715263 154.007904
v -5.857198 -19.853081 167.685760
v -5.719503 -4.012840 154.624191
v -7.264125 -20.946793 164.091324
v -0.527967 -24.920841 89.366409
f 4879 7063 6155
f 5664 5158 8165
f 7066 3204 8651
f 2833 4699 2787
f 2627 2605 5452
f 7071 2442 1565
f 4761 2614 2749
f 2242 4312 2037
f 1842 2496 6422
f 6570 1728 6297
f 1728 4 6297
f 7066 7365 3204
f 7634 6 1343
f 7362 6 5
f 6 1186 5
f 424 5555 2330
f 5 2928 7
f 7 6 5
f 6 7 8
f 8 7362 5
f 8 5 6
f 1755 4833 4435
f 9 8727 7
f 729 2826 4636
f 549 3241 3122
f 7437 1387 5793
f 7437 3928 1387
f 2289 4165 494
f 4449 4454 2198
f 2907 13 4449
f 13 2907 14
f 13 14 1788
f 13 1788 1022
f 13 1022 14
f 10 1788 14
f 1022 10 14
f 2758 3243 5504
f 7735 2758 5504
f 8240 8042 2212
f 5304 2212 5317
f 5304 8240 2212
f 1805 2357 3255
f 752 6335 3241
f 7687 3261 6295
f 4449 13 32
f 13 14 32
f 2907 32 14
f 4823 4373 21
f 19 18 21
f 21 4373 15
f 21 15 26
f 15 24 26
f 15 16 24
f 16 15 22
f 39 22 15
f 30 39 15
f 30 15 4359
f 27 26 24
f 16 22 30
f 2730 4265 6125
f 2198 7786 4465
f 5573 5948 747
f 8259 7786 69
f 3852 5012 3748
f 3987 6149 7537
f 33 34 7537
f 33 7537 18
f 35 33 18
f 35 36 38
f 4823 38 37
f 3987 7537 29
f 7537 20 29
f 20 7537 34
f 34 35 18
f 34 18 20
f 36 35 55
f 36 55 18
f 18 19 36
f 56 36 19
f 38 36 56
f 4373 6505 39
f 6117 39 40
f 20 18 55
f 55 56 19
f 55 19 20
f 39 4340 41
f 39 41 22
f 21 26 19
f 4340 6478 24
f 24 16 41
f 24 41 4340
f 30 22 41
f 41 57 30
f 39 30 57
f 20 19 29
f 27 24 6478
f 6478 7697 27
f 6478 41 7697
f 25 28 42
f 25 29 28
f 29 19 7197
f 19 8342 31
f 46 8333 26
f 46 26 27
f 46 27 7697
f 28 44 42
f 43 28 29
f 3496 31 8342
f 30 50 8690
f 30 3835 50
f 30 4359 3835
f 45 43 29
f 49 45 29
f 29 7197 49
f 7197 3970 49
f 46 7697 5753
f 50 3835 51
f 8753 51 3835
f 6585 3970 7538
f 6585 48 3970
f 48 49 3970
f 5753 8690 52
f 8690 50 52
f 5753 52 53
f 1663 2163 810
f 5914 4372 69
f 5854 5882 5906
f 35 34 55
f 40 39 57
f 6550 3987 4401
f 34 2645 60
f 55 34 60
f 55 60 56
f 38 56 60
f 38 5819 5651
f 60 2645 59
f 41 64 57
f 40 57 66
f 2645 2506 58
f 2645 58 42
f 58 25 42
f 59 2645 42
f 38 60 5819
f 8333 46 5651
f 5622 66 8776
f 5622 8766 8740
f 8740 61 5622
f 44 25 58
f 58 59 42
f 58 42 44
f 60 59 62
f 60 62 43
f 62 28 43
f 63 60 43
f 57 64 7282
f 7445 4728 47
f 7445 47 61
f 45 44 28
f 45 28 62
f 62 63 43
f 62 43 45
f 60 63 45
f 45 49 60
f 4167 60 49
f 44 45 48
f 48 45 63
f 63 49 48
f 63 4167 49
f 51 8753 66
f 8753 67 3775
f 47 965 8766
f 46 8758 64
f 7282 64 70
f 7282 70 52
f 52 50 66
f 50 71 66
f 66 965 51
f 66 67 965
f 65 965 67
f 70 71 53
f 70 53 52
f 50 53 71
f 50 51 53
f 51 4728 53
f 5597 8735 1577
f 8249 4496 519
f 5591 4017 7565
f 4758 8744 2668
f 2506 59 58
f 86 1274 7538
f 59 2506 63
f 59 63 62
f 66 71 3775
f 67 66 3775
f 8758 7143 64
f 913 68 1708
f 4764 4055 2608
f 2163 8588 810
f 2015 3953 8415
f 2551 5906 3360
f 4017 5591 4758
f 72 7137 7143
f 68 8635 1708
f 1513 3613 2377
f 2668 8744 4474
f 63 5244 3435
f 8630 63 3435
f 2412 7143 7112
f 8635 76 4940
f 3066 5760 77
f 6407 3066 7024
f 3189 2412 7112
f 4173 3574 8390
f 3499 2965 8045
f 1111 5027 1952
f 1653 3086 4378
f 96 101 2474
f 2704 77 5760
f 7769 7140 7780
f 7090 7769 8264
f 7235 4587 81
f 1143 4711 1444
f 2560 3942 1305
f 79 2050 2331
f 81 4587 82
f 83 2050 79
f 80 7643 83
f 79 80 7628
f 2600 105 8002
f 85 7090 92
f 92 87 81
f 88 92 81
f 88 81 82
f 87 88 81
f 88 7235 81
f 82 7235 88
f 2601 82 5521
f 95 2231 4711
f 1618 8402 3942
f 7643 7628 83
f 2050 83 90
f 8309 2377 1212
f 2894 4052 4255
f 6650 85 92
f 92 88 94
f 87 5528 94
f 87 94 88
f 93 1054 5193
f 4528 3821 3815
f 1256 6525 1003
f 7780 94 5528
f 6051 4890 7574
f 5382 96 2118
f 1165 2173 2118
f 3265 6053 3132
f 1858 2231 95
f 1618 4023 8402
f 5478 3184 1957
f 1120 7032 7170
f 1872 2124 3318
f 7370 5797 1131
f 3605 1813 1856
f 2495 677 2583
f 6352 1513 2377
f 101 96 5382
f 1093 5300 1818
f 7792 2173 1165
f 7085 1541 2012
f 4101 1789 4713
f 2583 4351 7089
f 2600 6475 105
f 3951 676 3672
f 3165 3132 784
f 4969 691 5757
f 6811 6384 7209
f 100 102 4432
f 100 103 102
f 100 7209 103
f 973 787 986
f 977 4150 2218
f 6365 7709 5069
f 4050 2019 2629
f 106 108 102
f 7849 104 103
f 4432 107 108
f 108 107 102
f 106 102 107
f 5453 2507 3325
f 5382 2118 5299
f 3381 2572 1759
f 4172 3063 4546
f 3606 105 5724
f 835 4583 5939
f 8746 1271 2012
f 936 5308 480
f 8610 986 3726
f 986 787 5912
f 7609 109 110
f 7609 110 111
f 111 116 109
f 7603 7609 111
f 7603 111 110
f 116 110 109
f 7603 110 116
f 8679 3383 884
f 6840 6600 6998
f 4515 5475 113
f 113 112 4515
f 959 1986 8564
f 8811 120 123
f 112 113 5475
f 117 122 114
f 122 6503 114
f 119 123 118
f 119 118 120
f 6063 6079 722
f 122 2197 6503
f 123 122 117
f 123 117 118
f 117 125 118
f 119 125 117
f 125 120 118
f 131 6879 8660
f 7265 5905 124
f 5911 6528 6927
f 4431 5247 1134
f 1659 6879 140
f 1659 140 126
f 5490 128 126
f 1659 126 128
f 1659 128 127
f 8433 4983 2715
f 5917 119 129
f 129 119 130
f 5123 7219 4517
f 5077 137 6916
f 131 126 140
f 126 134 133
f 128 134 127
f 8567 8556 127
f 129 135 136
f 129 136 5917
f 129 130 136
f 129 136 135
f 5917 136 130
f 6986 5917 130
f 5077 144 137
f 144 5077 147
f 147 131 138
f 6916 6592 138
f 131 140 138
f 138 140 139
f 138 139 132
f 132 139 5198
f 132 5198 8567
f 140 132 133
f 134 5933 140
f 134 140 133
f 147 138 6592
f 138 143 142
f 139 142 5198
f 140 5933 143
f 140 143 139
f 4222 6659 8556
f 3898 1679 5835
f 145 148 150
f 145 150 146
f 6622 6592 142
f 142 6592 5198
f 143 5933 6622
f 143 6622 142
f 8186 7669 4222
f 1977 1351 7051
f 7616 146 153
f 144 151 6592
f 153 146 150
f 3900 3890 145
f 145 3890 150
f 145 150 148
f 8567 151 5933
f 902 4573 1832
f 151 144 6622
f 153 150 3890
f 6622 5933 151
f 6564 7442 6947
f 4493 3560 1194
f 8163 4008 8560
f 7614 2400 3692
f 3890 154 153
f 154 155 157
f 154 157 153
f 2045 5845 6602
f 4493 1194 3804
f 158 153 157
f 154 3890 157
f 154 157 155
f 2657 850 8097
f 3890 2016 3048
f 1561 3214 152
f 7664 8498 2006
f 3890 158 157
f 5766 4006 3458
f 3472 2338 1751
f 8432 3413 7791
f 5869 5021 170
f 1007 3301 4817
f 3514 1751 2338
f 7189 2130 175
f 8527 5663 5062
f 653 1815 912
f 163 6077 983
f 8034 2430 161
f 8034 161 167
f 1273 2172 8413
f 2172 165 161
f 161 2430 166
f 161 166 2172
f 161 165 2167
f 161 2167 166
f 161 166 167
f 167 166 2430
f 3283 5001 1425
f 168 162 172
f 4193 1414 8101
f 3005 1058 2374
f 2713 2594 6229
f 2167 2172 166
f 167 2430 173
f 2594 1425 5001
f 171 801 7193
f 6943 4464 169
f 4690 5201 170
f 3809 6429 2574
f 1702 8265 5636
f 6269 7179 3427
f 168 172 174
f 168 174 171
f 801 171 174
f 4054 6759 172
f 700 4572 3229
f 1376 4520 2293
f 6429 4288 2574
f 1702 4013 1505
f 8705 6474 4978
f 6759 2681 172
f 172 2681 1683
f 172 1683 174
f 6535 4623 4629
f 7164 4280 6417
f 5239 7899 4013
f 7764 2689 2681
f 8285 6434 4280
f 178 7181 2013
f 178 2013 1994
f 7395 7764 2681
f 2896 7696 2681
f 4899 4054 6086
f 7229 3454 3763
f 2264 6799 188
f 184 7875 8351
f 6086 7875 184
f 1127 6790 1384
f 477 2959 3138
f 3863 5732 3497
f 5712 817 1601
f 1236 7291 219
f 1477 697 1257
f 8495 8500 3460
f 8495 3460 7976
f 191 4303 4068
f 6199 3863 3497
f 5013 5547 8500
f 222 1301 186
f 183 7783 8331
f 183 8331 4068
f 5823 5421 4672
f 7993 3473 5605
f 187 5030 5044
f 186 191 189
f 1109 845 189
f 1109 189 190
f 1109 190 1216
f 191 190 189
f 191 197 195
f 5421 196 4672
f 5992 443 1543
f 4153 4141 2071
f 8781 6254 4950
f 195 186 189
f 845 1216 190
f 845 190 189
f 190 195 189
f 191 195 190
f 7720 196 5421
f 8397 5823 192
f 4984 199 193
f 8223 200 212
f 4980 5426 6456
f 4330 4021 5318
f 2906 5937 1157
f 4141 202 203
f 4141 5576 202
f 204 194 203
f 204 203 202
f 204 202 203
f 194 4914 203
f 1291 196 7720
f 206 198 1216
f 205 195 197
f 205 197 207
f 206 208 207
f 206 207 208
f 198 206 208
f 197 209 208
f 197 208 207
f 210 5421 199
f 7341 199 211
f 199 200 211
f 7341 211 217
f 4984 7341 217
f 199 4984 8633
f 199 8633 200
f 200 8633 212
f 217 7155 212
f 214 4980 6456
f 1913 5683 4835
f 218 203 202
f 204 203 6367
f 6367 194 204
f 195 222 186
f 1216 220 206
f 206 220 208
f 208 205 207
f 209 205 208
f 220 198 208
f 3481 1298 7720
f 8331 198 220
f 8268 7751 210
f 8258 200 8397
f 217 211 216
f 7341 7155 216
f 217 216 7155
f 7341 201 7155
f 194 8681 6643
f 3808 5016 8512
f 8258 215 8268
f 1248 3127 5105
f 7741 7412 219
f 195 205 237
f 6582 5547 5780
f 5567 220 1216
f 6533 585 1551
f 2359 7600 2416
f 222 195 237
f 5405 2098 3643
f 224 1027 3450
f 5002 223 4641
f 222 237 226
f 228 225 226
f 227 228 226
f 227 226 237
f 4406 2751 8576
f 1027 224 2297
f 3808 2297 224
f 229 236 225
f 230 222 226
f 225 236 227
f 225 227 226
f 227 230 226
f 227 236 229
f 237 230 227
f 229 228 227
f 6096 8363 5330
f 3055 3735 2424
f 4269 809 5929
f 8102 3700 231
f 8102 231 232
f 231 233 232
f 2813 232 233
f 8277 4256 239
f 222 230 235
f 230 237 236
f 4839 2913 5473
f 232 231 3700
f 232 3700 249
f 6737 233 231
f 6737 231 232
f 5002 6760 1792
f 7715 236 237
f 7715 237 3196
f 5567 6691 3043
f 7285 4189 1587
f 1551 7010 6533
f 6684 247 7371
f 7216 247 6684
f 7200 8153 5821
f 254 243 8565
f 8565 243 3290
f 8565 3290 234
f 234 3290 245
f 243 254 250
f 243 250 244
f 243 244 234
f 244 2420 2044
f 234 245 243
f 3196 6164 7715
f 2947 4887 4463
f 2747 7371 247
f 241 246 2747
f 479 247 241
f 7988 250 254
f 243 250 3290
f 245 2420 244
f 245 244 243
f 244 250 243
f 3800 4294 7715
f 6164 3800 7715
f 4079 6459 1734
f 246 7371 2747
f 247 479 6995
f 5729 248 6027
f 8674 3105 253
f 8674 253 254
f 6118 253 2314
f 8804 8808 7917
f 1178 252 6780
f 5729 6027 7860
f 3105 255 253
f 253 255 2314
f 255 254 253
f 255 253 6118
f 255 6118 254
f 1395 5257 5737
f 255 3105 7125
f 258 6995 2726
f 257 2548 4526
f 256 6875 4436
f 6613 8489 7851
f 8770 4440 260
f 5410 4427 6875
f 6939 6720 1168
f 260 262 263
f 260 263 8770
f 263 262 260
f 263 260 4440
f 7267 263 4440
f 4427 5694 1846
f 7424 2548 7416
f 263 7267 2386
f 2887 2386 7267
f 744 470 5101
f 4938 4297 7215
f 5479 8030 1031
f 5068 268 264
f 267 1846 266
f 6746 5650 1954
f 347 5329 3979
f 7421 265 276
f 4596 7109 8053
f 5469 5462 266
f 5462 8115 5068
f 5469 266 268
f 5469 268 267
f 268 5068 267
f 2206 7421 276
f 8300 273 7593
f 4445 437 6606
f 498 364 7389
f 7389 364 3131
f 4566 5910 1509
f 4813 278 280
f 280 278 279
f 4687 509 4692
f 4819 277 279
f 278 4813 7491
f 280 279 6326
f 4783 4331 507
f 7491 4819 281
f 4819 279 281
f 277 281 279
f 283 2801 5898
f 3040 4383 2225
f 7972 336 2960
f 3408 3327 8129
f 8357 7994 6671
f 7156 2734 6810
f 5192 8680 6007
f 6460 312 8406
f 5358 285 3681
f 2871 3837 543
f 1606 4651 3350
f 3398 2806 1427
f 5234 332 5926
f 2763 491 893
f 2112 2524 6755
f 3456 3173 2497
f 6670 1908 2897
f 2893 1556 2157
f 2577 2958 3479
f 5608 2147 3689
f 2939 1556 2893
f 4227 4497 2139
f 2985 1117 5055
f 3474 2113 7469
f 8537 1170 7557
f 1341 1273 4585
f 4592 2453 647
f 362 1562 2347
f 7101 2599 388
f 297 377 6472
f 7774 7762 8176
f 6216 1255 5116
f 4021 3855 5318
f 5473 2913 6912
f 952 7926 3046
f 7322 7316 300
f 7807 4592 5691
f 3350 4651 7599
f 1371 4201 4193
f 349 4078 3771
f 7560 3922 4146
f 4944 6599 6181
f 3792 7500 1420
f 4079 2554 6459
f 6121 1017 5322
f 7056 3493 454
f 6882 6553 6747
f 2263 708 3757
f 8179 7908 546
f 734 1975 1398
f 6850 5149 2694
f 308 873 3871
f 5971 4720 8536
f 6565 2946 3789
f 3419 7064 7829
f 4993 4568 484
f 7019 3788 5258
f 3910 290 8445
f 529 892 345
f 3167 2002 1820
f 5638 3014 612
f 332 2798 6359
f 2052 6333 3925
f 7009 8587 7062
f 6387 7844 3095
f 415 800 2628
f 1294 2416 1286
f 8419 1380 1765
f 1550 2958 2577
f 6636 7273 4294
f 1796 7278 5650
f 6972 8304 3160
f 5545 3010 4684
f 4646 8769 1244
f 513 4344 2979
f 7033 320 3068
f 1266 7123 766
f 921 2519 2414
f 3356 3975 342
f 1736 6554 6706
f 3293 3078 5998
f 5683 4639 1560
f 1091 7658 3073
f 3731 324 6914
f 7339 3414 827
f 6401 3635 2079
f 466 324 3731
f 405 3363 310
f 705 1320 1876
f 2728 1357 1959
f 328 8020 8488
f 8090 3646 2588
f 2710 2581 622
f 5639 8455 618
f 8016 1432 658
f 1284 4622 4456
f 5197 6062 4434
f 3833 6443 1667
f 1478 8457 707
f 841 2983 1895
f 3960 2265 806
f 509 4796 2199
f 4171 948 1945
f 334 716 3866
f 2846 2994 958
f 416 3103 366
f 8481 8486 5589
f 2257 3303 6439
f 2576 3051 7074
f 4215 1097 6614
f 8311 2127 8677
f 8790 1873 3145
f 1926 4383 3040
f 8078 959 4118
f 6239 1132 221
f 340 1920 3227
f 8662 1057 2133
f 6120 1115 2631
f 2864 4828 932
f 1969 3471 8055
f 4405 4597 331
f 6908 6238 5289
f 5774 5720 563
f 4696 1484 485
f 3076 1617 4701
f 2280 5428 8772
f 436 958 8048
f 2631 1115 1123
f 5144 401 646
f 8646 2471 3751
f 1824 343 6513
f 4523 5305 6870
f 4500 1821 3563
f 5205 1002 3292
f 1802 2778 5608
f 828 4884 2558
f 1126 7019 5258
f 4816 664 8047
f 4859 2158 7756
f 3888 4422 5491
f 3366 4700 515
f 4060 2923 1681
f 3853 2014 2055
f 5075 1121 354
f 2562 5539 757
f 4069 2466 417
f 7822 6464 5644
f 381 3323 4357
f 5669 5284 4580
f 8201 6763 820
f 8239 820 5075
f 630 4252 4882
f 3723 3322 2046
f 4949 4228 5736
f 1526 2849 734
f 1882 5956 4893
f 4738 599 781
f 2243 3960 806
f 2090 622 2581
f 4702 2287 4606
f 4627 4622 1284
f 2342 8003 5244
f 6394 4426 2700
f 3658 3901 3507
f 6437 1992 6555
f 3921 4886 4379
f 5346 3300 7202
f 440 7876 5288
f 457 4413 2160
f 1682 4163 3140
f 290 3698 8171
f 1697 305 1353
f 2484 3997 2278
f 5735 7620 4040
f 1109 2713 845
f 1911 3848 1023
f 5666 6574 3889
f 2177 7442 6564
f 7936 6110 6560
f 8254 7573 2213
f 942 6379 407
f 3963 2329 2754
f 6292 2335 6375
f 2721 1562 362
f 6068 6424 2249
f 7575 974 4231
f 4702 8563 1641
f 5977 5981 376
f 4034 1307 3736
f 6942 3025 6804
f 1293 3415 4527
f 2207 7271 2419
f 2999 541 635
f 2210 3147 6090
f 2801 1810 1290
f 2768 3110 8278
f 4378 1582 4937
f 2559 2872 1104
f 2763 3570 491
f 802 828 3945
f 1213 221 1132
f 7292 5600 7288
f 2966 2511 8480
f 871 8325 5824
f 1068 8039 2259
f 6055 5415 6050
f 7022 2476 5069
f 6681 1994 2013
f 6104 4881 188
f 6663 4585 5066
f 610 4415 852
f 322 4178 2667
f 8100 7494 7809
f 2325 5194 8795
f 1172 7087 6717
f 3195 1435 7034
f 2736 7149 4387
f 4390 5346 4744
f 4918 3641 7708
f 7487 8075 4934
f 4448 1329 6176
f 4374 393 3074
f 5652 5667 325
f 5050 3167 5046
f 3665 4442 6704
f 8006 4848 2774
f 2077 3547 5747
f 1427 2806 8205
f 2096 6491 1504
f 5440 1403 4124
f 2028 2856 6196
f 8664 1920 340
f 2133 1057 1462
f 4281 4106 1533
f 5613 6944 940
f 5350 570 4553
f 3210 6510 4199
f 6152 401 3930
f 959 8564 4118
f 3933 1085 402
f 2864 932 843
f 2947 4463 2808
f 2696 8260 5303
f 6820 1258 180
f 858 1087 3850
f 435 2319 4306
f 7874 4095 1314
f 6555 1992 6283
f 3405 3692 2400
f 3380 7987 1781
f 3768 1437 8491
f 6852 7045 4022
f 1998 8760 6969
f 2642 2369 819
f 8697 6423 4873
f 5813 410 239
f 6375 6543 5813
f 5621 4301 3417
f 3677 2124 1872
f 7388 4032 394
f 4814 652 3023
f 413 1626 8453
f 8551 890 7732
f 7521 2989 6593
f 6496 5295 4909
f 5302 6776 7518
f 608 5026 1753
f 2728 3566 1357
f 335 8481 5589
f 3938 3610 3486
f 5233 2079 355
f 8043 291 956
f 4742 7748 4419
f 2045 8798 4791
f 5707 2413 1837
f 2384 6369 3013
f 1640 339 6849
f 7149 980 294
f 4841 2294 5307
f 3286 1575 3905
f 2733 1678 2070
f 4355 5815 7176
f 6523 5328 2415
f 2078 5555 424
f 6507 6446 3335
f 7918 2811 4854
f 2976 2650 8552
f 1881 8433 2715
f 4215 6614 8416
f 2948 4349 5428
f 1848 5431 2969
f 615 8040 540
f 3874 679 4310
f 5919 8326 3360
f 7201 8330 5919
f 592 5484 5611
f 1009 6310 8482
f 5388 2364 2170
f 1263 2760 4339
f 432 3975 3356
f 580 2777 428
f 4206 7858 433
f 7510 399 779
f 2550 2994 7363
f 600 815 311
f 1226 8568 2152
f 1183 7731 6404
f 4741 4309 2162
f 450 8334 7310
f 8522 274 309
f 269 7867 7638
f 438 2777 580
f 366 3103 4305
f 6128 8206 1061
f 7962 7004 1904
f 4305 667 366
f 1357 667 565
f 3546 6591 4102
f 4180 2201 4967
f 7940 6676 8346
f 4424 5754 1974
f 3622 1840 3817
f 2343 6479 4179
f 2829 776 5325
f 510 4409 4913
f 6261 239 6275
f 5519 1348 2567
f 6073 4652 6495
f 1529 2699 4652
f 3111 6577 2938
f 1031 8030 8807
f 4191 1156 5231
f 396 631 3755
f 2644 1350 4279
f 6795 1082 4224
f 450 7310 626
f 2994 626 7363
f 474 5182 7695
f 8425 6441 1939
f 3385 5076 6409
f 1494 5329 347
f 2103 1260 4535
f 2251 6975 6745
f 1697 1886 305
f 8217 974 7575
f 6762 1485 6767
f 6762 6767 3936
f 2671 6264 6058
f 872 1321 3738
f 1959 1357 565
f 3240 342 565
f 69 4372 823
f 1203 1795 5024
f 8452 8459 363
f 8106 1970 5468
f 6122 460 2731
f 5825 5242 7499
f 519 4496 2362
f 8125 2311 2011
f 2584 3773 3512
f 707 8457 6485
f 1270 5175 8306
f 2042 8803 3647
f 6785 1744 420
f 5897 1599 2688
f 2992 3247 8422
f 4529 7992 6145
f 4617 827 3414
f 909 5465 5620
f 1983 2998 5362
f 4208 2469 2473
f 468 4844 4852
f 6063 880 6079
f 3313 3504 4403
f 1613 299 4354
f 1294 931 847
f 8385 4331 4783
f 1079 8061 4923
f 3850 1087 617
f 887 7007 1547
f 8058 1916 2634
f 1932 1813 473
f 1623 7108 480
f 7695 6670 474
f 6293 4394 7103
f 3277 475 3060
f 7096 5499 1422
f 1263 2752 2760
f 7645 1392 4098
f 477 6313 2959
f 6464 7131 5644
f 3558 2228 478
f 5569 7255 5267
f 270 5850 3263
f 2257 719 3303
f 1234 5615 1240
f 3574 1234 1240
f 8507 8598 4172
f 3988 1459 2296
f 1535 482 7552
f 653 5345 8695
f 7481 4416 7252
f 6947 6590 7175
f 748 4993 484
f 1397 1783 4041
f 6603 485 4205
f 4137 841 1895
f 3305 1402 6074
f 1234 7805 5615
f 5459 487 5467
f 816 4123 5223
f 842 2835 2800
f 6470 1441 1912
f 1218 2223 7175
f 6968 5550 3270
f 1516 490 949
f 4173 8390 1511
f 4453 1643 5866
f 6315 6600 6840
f 2511 495 7053
f 4947 7060 1619
f 3984 3263 5853
f 267 5068 4901
f 1455 7827 548
f 7055 6641 17
f 1107 2102 7549
f 7660 328 8488
f 496 1910 594
f 4814 3023 4221
f 497 6019 777
f 7311 2329 3963
f 8008 4075 5886
f 5282 422 901
f 5539 2562 5081
f 6080 2931 2470
f 2004 5853 3263
f 5929 4290 4269
f 5032 823 6193
f 1666 4477 1283
f 5038 2858 2408
f 6273 3016 6268
f 3604 5253 3468
f 6938 2263 1754
f 1905 1381 1803
f 6003 5703 4752
f 7027 2138 505
f 853 1752 7895
f 1380 3002 6768
f 2921 5303 8260
f 1018 742 5807
f 1445 1025 3396
f 508 7210 4364
f 6365 4212 7839
f 3111 289 6577
f 5924 4590 7399
f 7468 5056 2677
f 549 3122 6639
f 8701 7877 1309
f 1318 5357 1200
f 512 4594 4686
f 5322 3986 4650
f 3408 8626 542
f 1332 1325 2253
f 3019 4563 514
f 1980 4986 1646
f 1118 4723 5542
f 1268 4668 935
f 4979 2974 2618
f 5627 359 7622
f 4200 4958 8557
f 2817 5083 1493
f 3140 2587 1682
f 522 2082 3914
f 2678 1987 5341
f 3531 2011 8173
f 520 3052 1245
f 3218 2786 4291
f 2307 1496 5367
f 5332 4715 2349
f 5406 522 2587
f 1050 3258 2415
f 1909 2723 867
f 7345 5052 5088
f 452 6033 8130
f 2844 4257 2854
f 982 348 5946
f 348 982 503
f 1402 4270 526
f 1557 1202 526
f 527 3272 576
f 1625 2306 1902
f 1246 1099 6180
f 3328 7081 2261
f 6707 6983 641
f 2752 751 978
f 1604 5395 6615
f 5255 928 4143
f 2210 3153 3147
f 7929 1684 1671
f 7774 3299 7762
f 2134 8100 4939
f 7630 5342 1688
f 4156 1439 1142
f 3361 3143 7250
f 5180 1270 7120
f 8108 7169 1386
f 1542 6099 1439
f 8708 4302 8574
f 3113 2016 6892
f 1007 4817 2444
f 4424 7578 5754
f 5088 3152 7345
f 6562 1780 2630
f 4001 1746 5972
f 6941 437 2073
f 615 540 679
f 2814 1905 1803
f 2536 6461 427
f 1179 2143 4678
f 1332 2253 7482
f 2439 2597 2542
f 4534 3429 682
f 4230 4981 376
f 8457 1478 2588
f 3269 4521 8664
f 4773 6823 4778
f 8315 4241 1308
f 6399 3030 2022
f 6204 3025 7113
f 8645 442 8174
f 6276 5362 6674
f 548 7827 8815
f 5697 548 8815
f 2005 3953 1616
f 937 743 1630
f 784 2985 5055
f 2367 7167 8496
f 2963 8215 800
f 315 2095 4220
f 3197 2362 2366
f 2358 54 669
f 553 6208 2866
f 1102 3115 2520
f 4595 4466 6115
f 4197 8725 2418
f 4433 927 4806
f 1876 4433 2834
f 1962 7381 5916
f 681 1185 6477
f 394 557 1214
f 3014 3018 612
f 5837 1222 4249
f 3193 8229 1129
f 837 4626 1183
f 471 8178 7190
f 7984 8795 5888
f 5267 3792 1420
f 7474 1527 835
f 8122 1870 1928
f 5709 5953 4916
f 3594 1636 4239
f 8803 8666 3647
f 1382 6278 6741
f 564 892 1775
f 1982 1335 8670
f 8242 4413 457
f 2655 8788 2720
f 3728 1144 1588
f 1928 1588 8709
f 735 3579 400
f 3766 5940 6490
f 4261 1116 1068
f 2658 562 7303
f 1752 569 1720
f 3542 569 832
f 6490 6860 3505
f 6860 6424 6068
f 7038 1237 4219
f 700 6867 590
f 8042 572 2212
f 3112 7581 7577
f 4537 5912 787
f 2054 3186 4014
f 574 5390 313
f 1128 2431 574
f 469 6838 1148
f 3442 5973 338
f 1967 5335 3841
f 2305 7644 5335
f 3316 5504 673
f 2149 8350 3909
f 578 6909 5792
f 4095 1101 1314
f 1891 1100 4156
f 1866 5342 6099
f 2770 580 3240
f 4305 2770 667
f 2060 581 6735
f 5565 5553 5991
f 1688 5342 1069
f 687 4607 1413
f 5872 7083 7818
f 5131 1812 8072
f 346 584 350
f 5553 4919 5991
f 8421 1551 585
f 1441 3032 8521
f 4558 7574 1897
f 4558 1202 1557
f 4072 5146 5321
f 701 3980 5117
f 870 1739 7619
f 2772 1564 4779
f 1785 4059 7841
f 2753 1423 6209
f 4809 6633 2917
f 5273 3765 499
f 2258 4042 4543
f 3004 2227 1480
f 5956 6391 5611
f 2389 1348 5519
f 5080 2856 2028
f 7104 1170 8537
f 3668 1158 2449
f 5745 3354 4354
f 3430 595 1004
f 592 1009 5484
f 3563 1821 7974
f 2769 2653 2069
f 7354 3741 2956
f 4801 1454 3319
f 3359 598 5962
f 6907 3541 3285
f 8238 781 599
f 7705 6101 2306
f 600 2550 7363
f 4358 2109 1045
f 2443 1932 2304
f 486 1516 949
f 602 6444 1359
f 1359 6864 5449
f 3385 4579 5076
f 981 6939 2662
f 6984 2321 3513
f 2792 3730 2914
f 605 4880 1374
f 4696 8641 1484
f 3989 7169 1892
f 1366 6506 6832
f 390 3369 7672
f 4739 2607 7503
f 1315 3644 608
f 3270 697 6968
f 530 606 609
f 2402 6832 6898
f 4415 610 387
f 4438 7588 611
f 611 7588 3232
f 5707 620 1328
f 2111 2132 5046
f 3962 5041 811
f 7198 7332 5498
f 6322 1681 2923
f 2604 1708 1419
f 8039 89 2259
f 3240 3356 342
f 3240 580 428
f 4397 616 4391
f 944 2886 990
f 1551 8421 617
f 6177 5816 1955
f 2818 3164 7663
f 6806 3083 2165
f 619 2584 3512
f 2709 1562 704
f 1738 1328 4970
f 5949 2064 4397
f 621 7867 269
f 7869 5095 4103
f 1462 1057 8516
f 2090 1462 8509
f 3541 532 623
f 3308 623 532
f 2300 8035 5523
f 4399 6656 8791
f 625 4264 1707
f 6177 5442 7163
f 3866 716 2065
f 8736 290 434
f 2898 627 3455
f 3452 6444 602
f 3065 628 530
f 885 5996 1902
f 3449 7940 8346
f 2473 7572 4208
f 3092 7423 1363
f 3453 8796 1466
f 7823 1808 6502
f 313 8322 3839
f 5114 7504 632
f 4362 3237 5235
f 1474 1471 633
f 7871 7760 778
f 7951 948 4171
f 3125 1716 5287
f 6140 4714 5374
f 7021 4565 637
f 4122 636 1721
f 2295 1843 4109
f 6172 1024 6048
f 378 1694 5719
f 4490 8554 2697
f 1888 4490 3534
f 3965 2972 2230
f 4484 3754 374
f 6873 5609 3155
f 6976 2129 456
f 1569 2316 6847
f 1736 476 6554
f 4605 607 7488
f 1012 6372 5440
f 2367 4206 7167
f 3049 1634 3223
f 640 7048 6792
f 7689 2839 8104
f 4599 3271 5165
f 1520 3093 8427
f 5792 6141 578
f 1070 1015 402
f 833 1851 1375
f 1231 6261 387
f 1145 7947 8598
f 7450 2679 3073
f 1270 8306 8654
f 4766 2165 1252
f 2240 149 8008
f 3685 690 4177
f 3127 1248 2493
f 5094 5992 1543
f 412 840 2273
f 4850 5125 1747
f 5119 7618 926
f 3674 3670 7536
f 7115 1266 8447
f 6806 2165 3392
f 303 655 5366
f 4768 4778 6823
f 2381 656 422
f 1889 2707 1151
f 3617 2372 2789
f 1794 1582 1649
f 3406 4619 1596
f 329 5543 6629
f 4100 659 7985
f 4245 897 6169
f 2449 1158 5626
f 6028 4810 2860
f 2457 5199 2972
f 4718 2000 3990
f 834 6076 5288
f 8662 7286 1057
f 7782 4504 663
f 4402 1988 2385
f 7298 4845 4039
f 2503 6827 351
f 3681 1627 7342
f 8292 2727 6424
f 2127 1372 8677
f 696 6591 2825
f 3469 1965 6333
f 2052 3469 6333
f 274 5828 2973
f 3090 6108 6841
f 2859 760 669
f 8249 1249 8438
f 4986 3019 514
f 4188 8263 3934
f 2819 1292 7726
f 3532 3377 6583
f 805 6785 4304
f 7535 1360 3416
f 577 673 501
f 2458 1805 8434
f 4390 7026 5340
f 3261 4044 6295
f 7459 2485 7724
f 5383 6415 1650
f 3004 5610 2227
f 4466 4595 4469
f 4351 2583 677
f 2606 747 5868
f 7761 2888 6138
f 2680 7856 3141
f 2986 1798 4310
f 2986 8550 7456
f 7654 5003 933
f 4909 5295 3126
f 8548 7298 556
f 5871 4833 1755
f 356 2108 3312
f 2817 4946 7151
f 5885 3190 1961
f 5584 2369 4549
f 5112 2175 319
f 5901 4410 5896
f 8282 3199 6979
f 5557 1763 3554
f 1046 2346 686
f 6693 7535 3416
f 4439 2222 3536
f 1866 6099 1542
f 2905 393 688
f 6874 981 1576
f 1139 5047 689
f 2233 2572 3381
f 3675 2782 1547
f 5337 6183 6645
f 84 7085 6733
f 5115 84 6733
f 5171 5167 2391
f 810 8588 2370
f 2795 693 544
f 3661 3652 2518
f 6008 8345 7049
f 8447 1266 6111
f 3030 3902 2022
f 7000 5356 2186
f 5502 5283 3438
f 5093 4122 1721
f 8784 4175 1610
f 5010 3623 5429
f 698 3144 4404
f 325 5667 1705
f 813 699 4075
f 3620 2049 7604
f 8093 471 4308
f 4964 571 7065
f 6119 6877 8100
f 6119 4247 6877
f 5872 7006 5241
f 6258 1578 1337
f 703 3568 3345
f 3645 442 8645
f 567 5612 2093
f 2093 400 3579
f 6748 481 7051
f 7657 2556 115
f 1505 4013 7899
f 4134 2818 3182
f 1978 707 6485
f 1969 5834 3471
f 708 4464 3757
f 7219 1195 4517
f 7688 2626 6644
f 4842 7039 3425
f 5619 3518 8244
f 8050 2626 4073
f 1431 4673 2508
f 6558 3898 2180
f 8137 1152 5412
f 1324 6829 7186
f 8276 2239 713
f 5292 7199 7939
f 884 8066 2750
f 754 4392 2041
f 3143 3361 7878
f 534 6960 3369
f 1602 3695 3493
f 4702 1785 2287
f 4719 2724 3593
f 3960 4560 2265
f 3257 738 1232
f 4972 2879 6312
f 1875 8287 6386
f 1753 7855 1496
f 2356 2045 6602
f 833 4133 1851
f 6250 2703 732
f 7334 1685 8590
f 2213 7344 5018
f 7868 3806 2216
f 723 3516 726
f 7770 2229 7233
f 3403 2397 1865
f 5278 1116 6869
f 3937 1965 3469
f 2694 5149 1965
f 723 726 6151
f 5249 7138 2239
f 7616 1450 146
f 5089 7256 7234
f 728 5943 455
f 2193 4437 1293
f 8689 729 4699
f 5868 2509 2606
f 3798 730 921
f 2974 4979 1233
f 731 3951 3672
f 358 731 3672
f 732 6167 1221
f 6626 1879 5474
f 2980 1855 5225
f 5678 1094 5122
f 1160 1010 1923
f 3881 7781 5696
f 3397 1064 3544
f 3586 8670 6934
f 5692 2617 7005
f 2229 8140 6089
f 5496 4033 1260
f 4033 5496 1946
f 738 367 1232
f 2924 2141 2221
f 1948 3996 739
f 4785 2043 156
f 5014 7483 7937
f 5154 1597 6291
f 2782 3675 1916
f 4055 4764 3180
f 1428 1383 3905
f 470 6366 1428
f 1630 743 7910
f 549 752 3241
f 8734 1428 6366
f 3396 1173 888
f 7181 178 5900
f 4392 2971 8180
f 2047 8105 7303
f 6918 6897 453
f 691 4969 1150
f 7349 4416 1638
f 1640 5291 339
f 4324 581 339
f 7172 5428 2280
f 2632 2415 5328
f 2194 1211 8389
f 5236 5814 7457
f 6988 2316 1569
f 3116 7645 4051
f 6991 5129 5121
f 1666 1283 1507
f 2217 753 1072
f 3428 777 7955
f 714 5603 4196
f 3916 4770 3244
f 8701 1309 3971
f 3971 1309 6540
f 7448 2003 4137
f 8490 5212 1769
f 757 3550 2562
f 2362 2891 552
f 4734 1608 990
f 4391 616 3232
f 3583 6739 6634
f 3441 1269 6634
f 760 1243 5877
f 2891 8125 552
f 7640 1637 643
f 2191 2367 1326
f 483 3301 8194
f 4865 7178 3042
f 763 6310 1622
f 5688 6552 855
f 3689 2096 7952
f 2497 4090 3456
f 5246 2421 5143
f 587 8748 1853
f 1826 8261 694
f 6979 3199 3443
f 4784 8787 2040
f 3034 8148 4688
f 3690 2283 768
f 5997 2191 1326
f 2428 6825 4501
f 1276 2987 762
f 7052 4861 4991
f 272 5427 6985
f 353 6572 771
f 7963 2337 1573
f 3852 3748 929
f 6446 6507 1658
f 778 7760 5515
f 566 4076 5515
f 6316 5064 3552
f 2056 1764 2138
f 5666 3889 4139
f 2666 3674 7536
f 5596 444 1296
f 7377 2949 6548
f 2646 1100 1891
f 5064 4018 3552
f 4735 1490 934
f 1870 8122 7978
f 2693 1759 4747
f 8692 5190 8303
f 2481 2162 1817
f 8005 1710 2846
f 1028 6415 1365
f 5698 1761 2061
f 4487 4293 2646
f 533 3012 1448
f 783 8559 3238
f 7043 3231 1941
f 5218 5803 785
f 1990 5218 785
f 8496 2286 7796
f 7796 2286 4145
f 7589 786 1095
f 8108 1892 7169
f 5011 1530 6628
f 7261 7117 5237
f 1281 788 814
f 2603 1572 4771
f 1696 6378 2489
f 3734 6060 6150
f 4486 790 4926
f 3104 6861 4866
f 1137 4143 1386
f 1430 4037 8121
f 1774 6861 3104
f 7414 1634 3049
f 1175 793 3200
f 1910 1393 5841
f 6406 794 6542
f 1125 8779 1914
f 7068 1523 6249
f 849 1676 1523
f 3949 6232 6413
f 6232 1330 2154
f 1162 3971 6540
f 98 7722 1256
f 2518 3652 798
f 717 1933 3960
f 799 7489 6233
f 6371 6364 2267
f 2385 1110 4402
f 4820 8274 489
f 8231 162 6057
f 801 6086 6014
f 2346 341 686
f 1070 341 2346
f 1406 3511 7141
f 1010 1526 1923
f 804 1606 3350
f 5536 960 2549
f 805 1744 6785
f 2319 4822 4306
f 2555 1400 1814
f 6225 1814 1304
f 720 8159 1273
f 2360 2713 2184
f 2134 4939 5902
f 330 854 6424
f 7502 799 8696
f 5332 7136 8142
f 7674 2281 6769
f 2281 4168 2289
f 3962 811 1687
f 1687 3949 6413
f 7510 779 4145
f 8692 5078 5186
f 2680 2049 3620
f 7856 2680 3000
f 814 1703 8252
f 1700 3782 537
f 5063 2553 6383
f 635 5051 3952
f 816 1953 4123
f 2770 8789 667
f 5245 3964 1519
f 2349 3370 6072
f 593 5864 2522
f 6597 8193 2033
f 1533 2373 8534
f 1021 5775 1906
f 2324 8383 8201
f 5204 6932 6922
f 821 4832 5320
f 6246 3002 6241
f 4543 7150 4253
f 5621 2526 4301
f 6217 1677 7460
f 4961 6462 7904
f 1014 3625 6440
f 4267 3625 1014
f 3190 1718 825
f 1718 7280 825
f 826 6483 4161
f 3570 4446 1901
f 6428 1301 7268
f 7057 4661 7268
f 2486 382 967
f 686 382 1046
f 8167 8515 8735
f 5597 8167 8735
f 2526 5621 6468
f 7193 1985 5621
f 7476 3458 831
f 1368 7268 4008
f 1138 2982 1405
f 4368 1470 373
f 295 4133 833
f 295 5714 5723
f 440 3162 7876
f 3297 994 4012
f 3298 2504 1534
f 2541 3268 2062
f 4682 836 6208
f 1390 7530 8274
f 7731 7308 6404
f 8456 3982 3820
f 6427 6439 446
f 6157 1190 3096
f 1008 5184 839
f 5814 5236 333
f 3023 652 1747
f 4909 680 6972
f 2555 1814 6225
f 5926 6187 7110
f 8587 4387 7062
f 8617 4377 3107
f 1065 402 1498
f 346 1065 584
f 8665 6949 8676
f 6329 6337 2776
f 845 7909 228
f 2485 2274 1475
f 846 7093 807
f 2996 1130 7373
f 2223 1218 847
f 6323 2223 847
f 848 5879 3831
f 6344 4178 2224
f 3243 3407 1
f 4240 3590 1842
f 6659 5835 4518
f 4725 5835 6659
f 4697 851 2368
f 8004 1290 5660
f 852 4369 8775
f 6955 419 5727
f 6316 3552 853
f 3824 1083 953
f 8812 330 808
f 4448 5334 1329
f 5169 5176 6866
f 3841 6866 1967
f 3420 1500 4314
f 4314 1500 2739
f 4591 3210 4199
f 3965 2230 8656
f 3027 5344 7078
f 2657 5579 850
f 2428 3911 6825
f 2416 1809 2359
f 8061 4570 4923
f 555 5700 5903
f 4164 306 945
f 8814 7877 7217
f 3583 759 6739
f 5491 4769 3888
f 5038 5941 5951
f 5941 1825 8243
f 8116 6423 3477
f 3792 6599 7500
f 1415 3211 6341
f 4945 4372 5024
f 6020 2409 2068
f 8009 408 8012
f 867 3403 1865
f 1869 1780 6562
f 868 7031 1416
f 4420 1347 1509
f 5060 4396 6432
f 5969 4471 7418
f 2179 5074 588
f 7953 5017 7742
f 1917 4408 2649
f 476 5347 6854
f 6058 3567 5892
f 1992 3659 6283
f 3871 4282 319
f 1244 2439 2542
f 5191 5203 3080
f 8540 878 3540
f 6490 875 6860
f 3802 296 704
f 7983 7126 7199
f 6511 5253 1159
f 8635 4940 1708
f 5706 2251 2259
f 3540 8401 6188
f 5862 8395 6524
f 879 5166 5434
f 4467 4205 5212
f 3868 8079 3320
f 4722 4470 2532
f 4052 6116 8593
f 5907 2226 709
f 3301 882 8194
f 1445 6661 2459
f 317 6636 8743
f 8743 2855 4103
f 5172 3858 2092
f 1415 7542 3219
f 8702 2086 1797
f 2081 1396 2492
f 5936 886 6237
f 1701 3533 876
f 2976 3377 6835
f 6155 7063 5935
f 744 6722 8734
f 8181 1621 1445
f 3940 86 7996
f 7996 86 7538
f 2534 5679 3184
f 3490 7850 5141
f 876 3533 3259
f 6153 4080 4658
f 6923 7590 6119
f 6923 6490 5940
f 5607 4300 6705
f 2069 2653 3038
f 3902 352 2022
f 4588 6204 7113
f 3099 4813 6331
f 6789 7044 6888
f 4637 4847 5670
f 8589 6894 6532
f 6514 4100 4781
f 5266 6808 4781
f 898 7261 5237
f 4647 8531 657
f 5364 3556 899
f 3761 4082 2290
f 7575 4163 900
f 305 900 6601
f 1999 251 2510
f 4557 6136 8719
f 8527 1863 5663
f 3626 4179 2300
f 6249 6234 5932
f 1743 7969 1523
f 1495 2619 502
f 605 3729 4880
f 905 1290 8004
f 5745 4414 3354
f 4191 5231 396
f 1080 6850 3094
f 2410 907 4000
f 5689 5399 5394
f 3877 908 2072
f 7091 3498 2714
f 3185 7585 6015
f 2387 1350 2644
f 910 1332 1871
f 1946 5513 2670
f 277 1964 5684
f 8340 3281 643
f 5102 1289 3006
f 1555 3934 3432
f 7137 72 913
f 68 913 4011
f 2125 5379 1129
f 7246 5776 8038
f 2350 1990 1993
f 889 7072 922
f 274 2973 916
f 6040 2072 2946
f 911 917 4393
f 643 1637 8340
f 568 6085 3446
f 2251 6745 6596
f 4787 569 3542
f 3621 4268 4963
f 376 1371 920
f 920 4631 376
f 2406 6460 8406
f 5833 632 6801
f 7796 3940 922
f 922 3940 7996
f 5290 339 5291
f 1931 1397 4041
f 8149 4593 7269
f 6337 2390 2776
f 1774 7610 925
f 2477 3374 2195
f 659 3384 7985
f 2068 2409 5339
f 555 5903 4441
f 5574 6021 3027
f 1625 928 2306
f 2306 928 5255
f 772 2673 5380
f 74 4653 1980
f 930 6698 4287
f 2674 4524 547
f 3540 4797 8540
f 2848 2074 4977
f 1217 1070 402
f 402 1065 1217
f 1495 6273 2619
f 680 4909 3126
f 1490 8714 1995
f 8714 7497 4805
f 4727 6253 4272
f 4737 1757 7523
f 936 561 5308
f 3268 1044 1706
f 4777 3112 7902
f 2149 8371 8350
f 633 1471 6036
f 2110 3765 5273
f 939 1007 2444
f 5596 1296 5325
f 2651 429 3958
f 1449 3249 3343
f 5832 7468 2677
f 2015 8415 8118
f 1486 6830 702
f 7817 4003 7702
f 3029 5849 3337
f 5539 5071 4730
f 944 3716 2053
f 1804 5707 1837
f 6082 3284 6938
f 7570 3289 6290
f 3746 6922 946
f 5539 5081 5071
f 947 1118 5542
f 3870 728 455
f 1501 818 2028
f 4300 634 6705
f 949 1238 486
f 2285 949 8810
f 6436 2910 4266
f 8296 3939 2527
f 3148 6761 7498
f 7770 6338 5685
f 952 3046 516
f 3052 8271 3649
f 3351 8686 8000
f 1862 6357 8686
f 2829 3599 776
f 1572 3253 3362
f 6692 6545 4228
f 1733 338 7213
f 2540 4158 5396
f 2117 7337 4154
f 599 8611 8238
f 7727 5169 445
f 958 2994 2550
f 958 2550 8048
f 4432 3298 1534
f 6900 4432 108
f 960 5536 6095
f 2532 4470 4084
f 5203 1277 3080
f 251 1999 1277
f 962 8464 4010
f 8151 890 3894
f 575 963 5950
f 4471 575 7418
f 5836 8360 2363
f 8143 3034 4784
f 5604 7445 7744
f 5857 1819 4474
f 5092 6936 8446
f 3799 6024 1307
f 967 346 350
f 2486 967 350
f 316 4490 7130
f 4832 5779 2997
f 5199 969 2244
f 3258 1050 2652
f 970 1327 7608
f 3803 4846 3409
f 2393 971 2624
f 2040 2245 5887
f 1510 1973 972
f 4647 6162 8531
f 5011 8520 1530
f 3222 3180 6132
f 4987 4702 3704
f 3252 302 1553
f 1958 439 6278
f 5373 343 1824
f 3634 337 976
f 1372 3154 2900
f 4716 4150 7008
f 2100 3638 8013
f 1239 1880 8443
f 8778 6803 6757
f 693 2795 5658
f 5372 3188 1092
f 7843 421 3860
f 4703 7212 2874
f 4917 603 4112
f 2922 4510 2171
f 6593 525 3009
f 4024 2980 1457
f 6077 357 983
f 6730 2832 1989
f 1673 2734 7156
f 5656 426 6476
f 6154 2157 8480
f 4947 284 7060
f 2302 8610 3106
f 8013 3638 5668
f 1472 3185 866
f 7585 3185 3959
f 1850 660 1656
f 5660 3676 2937
f 1773 989 2830
f 2567 2830 989
f 1608 1385 2788
f 4811 2857 2027
f 1445 7892 6661
f 8477 2313 882
f 331 4597 2655
f 2292 1978 1699
f 7516 861 5195
f 3295 5454 861
f 4620 994 3297
f 3969 1304 2711
f 5505 5513 1946
f 4323 2897 8769
f 2576 7074 8071
f 4220 551 315
f 437 997 8221
f 997 4679 3972
f 1773 1742 989
f 592 2516 1009
f 5783 8683 2596
f 4428 7081 3328
f 993 7813 3289
f 6754 1189 1927
f 5252 4618 1001
f 3842 5252 1001
f 4078 349 3844
f 2175 1379 319
f 97 4238 613
f 1934 1185 4407
f 998 360 1004
f 998 3722 1729
f 8359 6172 6048
f 6923 8353 7590
f 950 6436 8067
f 6795 5226 4350
f 4997 7998 5673
f 6251 8685 5673
f 6781 2131 5184
f 5479 2531 4209
f 595 1887 1299
f 3324 2389 7401
f 4131 6294 3135
f 6294 4131 389
f 526 1563 1557
f 499 2612 2957
f 5870 4605 7488
f 1654 7064 6243
f 7044 6789 3686
f 1139 3245 7404
f 824 4273 7320
f 4267 8622 8644
f 1070 2346 1015
f 3933 802 3945
f 1951 8804 2613
f 4577 706 742
f 5944 2569 304
f 3090 6841 4930
f 1016 706 2823
f 181 1016 2823
f 524 1019 1438
f 2822 3385 6409
f 2798 3378 3388
f 6246 6768 3002
f 1021 6512 5848
f 5842 152 6158
f 9 6284 1356
f 4465 7786 7661
f 2139 4497 6809
f 3968 1289 1998
f 6954 8748 587
f 765 6872 5117
f 196 3389 5004
f 2918 5004 4997
f 7088 1026 5264
f 3372 3249 1449
f 8310 1222 239
f 239 2440 5170
f 4268 5776 4963
f 4018 4710 3552
f 4701 6304 3076
f 894 3076 6399
f 1030 7887 4826
f 3245 2432 2438
f 1031 8807 6649
f 3156 4486 4926
f 695 2625 2820
f 695 2820 7422
f 2636 1670 1033
f 1035 7191 1033
f 1034 5517 3001
f 3926 6950 458
f 3764 7188 1035
f 8730 1336 1770
f 3926 3150 1410
f 7775 3560 6340
f 4556 6495 4652
f 5106 6421 4283
f 4451 1041 3215
f 4041 6751 1931
f 8175 4705 6950
f 1677 5653 7460
f 7316 1368 8432
f 7057 7268 1368
f 1041 4451 7927
f 1038 1060 2317
f 1042 5928 1506
f 5492 3645 3577
f 5024 1767 1203
f 1758 3522 3226
f 1044 2499 1527
f 2504 2719 2488
f 3910 368 6067
f 5930 3465 3904
f 1046 382 2486
f 7431 828 802
f 7451 5689 5394
f 3006 5233 5102
f 6521 2120 5740
f 7793 2122 7157
f 5907 3425 7810
f 3921 4379 365
f 2652 1050 4462
f 2221 2141 2573
f 8478 8785 7927
f 3215 1041 1052
f 4337 3462 2515
f 1053 6743 4085
f 6575 2766 1539
f 1038 1053 1060
f 4711 1143 6527
f 6527 1143 6899
f 7950 4879 1055
f 6155 1055 4879
f 1215 8297 4336
f 2433 1911 1023
f 7314 1698 3678
f 3612 3494 7314
f 2041 2729 754
f 2374 2729 745
f 3018 2132 2111
f 394 4032 6725
f 1051 6786 1358
f 4807 1674 1539
f 4686 4594 7632
f 8237 5750 6911
f 4877 1062 4756
f 359 504 7622
f 272 539 5427
f 1399 309 1253
f 1662 4720 5971
f 7367 6561 3752
f 1065 346 4919
f 1065 843 932
f 3822 1280 1066
f 5178 7105 3825
f 6675 5559 637
f 2207 2419 1364
f 5438 1603 3347
f 1180 5278 3133
f 2684 1695 1223
f 7955 777 6019
f 341 1070 646
f 1217 646 1070
f 441 3922 7560
f 3995 1843 4250
f 582 6207 2955
f 582 1223 5138
f 1073 5603 5724
f 105 1073 5724
f 1636 2757 4239
f 7894 5499 7096
f 1075 7604 4632
f 4091 2514 2706
f 4806 927 2657
f 4276 1686 7065
f 4048 5418 591
f 930 3321 6698
f 6792 1078 4933
f 4715 3887 5139
f 7803 860 3993
f 5805 1551 5108
f 2126 3874 565
f 8040 3874 2126
f 6125 1689 7568
f 2358 3525 54
f 6795 4350 1082
f 4985 1796 3602
f 1600 1083 373
f 7027 1660 2138
f 4631 5977 376
f 3993 5805 5108
f 2558 4884 584
f 1065 1498 584
f 1929 7790 1086
f 5042 3423 6542
f 5700 5959 5096
f 5700 555 5959
f 7683 7679 4442
f 6725 7683 4442
f 6631 4081 1089
f 8730 1770 2062
f 7778 271 2539
f 5469 7118 8566
f 4182 7658 1091
f 4616 2480 5634
f 1092 3188 4569
f 4569 5955 4380
f 1689 6256 7568
f 3767 8379 2831
f 5122 1094 733
f 2617 5692 3128
f 2669 609 606
f 2402 1366 6832
f 645 7462 3816
f 873 308 7462
f 6616 1819 6605
f 1305 3942 3431
f 1098 2243 8090
f 5457 544 5020
f 1246 4136 1099
f 2261 3279 3328
f 7587 2222 8609
f 7587 2695 579
f 1956 4095 4694
f 4694 2060 1956
f 1102 6952 553
f 4319 3540 6188
f 1103 7574 2925
f 1897 7574 1103
f 4060 8399 2371
f 826 4161 2821
f 3829 5616 4685
f 2271 6613 259
f 6960 534 6374
f 4739 5313 2607
f 4012 6793 3297
f 4362 2547 3237
f 6201 4959 3482
f 5045 6515 3866
f 1216 3139 2594
f 2594 3139 1425
f 1510 2716 1973
f 2472 1811 3519
f 1111 5224 8114
f 8319 1935 8147
f 624 1112 5189
f 2025 5601 6198
f 1113 773 8712
f 2352 773 5224
f 726 414 1114
f 8370 6637 3618
f 4919 346 1115
f 346 1123 1115
f 4261 4891 3375
f 746 6156 4169
f 5644 2429 7822
f 3545 477 2954
f 515 8044 3366
f 4505 5093 8384
f 1309 1119 6540
f 797 2192 1003
f 1120 7170 4795
f 5160 1819 1120
f 5490 5480 6618
f 5490 2712 128
f 1122 3194 6808
f 1832 4573 1391
f 5258 967 382
f 967 5258 346
f 3287 6170 6266
f 8800 3287 1715
f 5799 4009 7393
f 3438 5283 1860
f 5258 382 8582
f 382 8782 8582
f 533 1448 4921
f 807 7842 4114
f 313 1128 574
f 3646 8457 2588
f 4994 7909 4928
f 1899 4994 4928
f 1724 3272 527
f 1464 6035 6325
f 4057 6829 2663
f 1986 3206 2152
f 341 8782 686
f 382 686 8782
f 3098 5217 8756
f 3363 1467 310
f 4786 8507 4172
f 4786 1307 376
f 8165 2447 6174
f 2040 767 2245
f 1136 643 3281
f 7215 6883 4938
f 8121 5048 6699
f 2781 3272 7283
f 8283 1138 1405
f 3059 1138 6357
f 6257 6996 3381
f 7858 7352 4628
f 1140 739 3996
f 7135 5908 1564
f 8463 8446 2136
f 1099 1585 159
f 5130 4738 781
f 1761 5698 2941
f 2589 8640 6088
f 7218 7493 3712
f 6631 1089 2460
f 6829 4057 7517
f 2556 6929 6632
f 5722 481 6748
f 2756 2240 1146
f 8200 3858 6501
f 891 1147 4658
f 8328 4808 3207
f 3313 4732 4721
f 4347 3668 5387
f 1441 3915 1149
f 1583 3915 180
f 677 7354 4351
f 5059 5672 7354
f 2707 656 1151
f 8724 498 2282
f 1152 8137 6858
f 1952 1942 6102
f 5484 1009 8482
f 1724 527 7582
f 6381 425 1154
f 6234 1749 6381
f 6296 5997 1326
f 477 3138 2954
f 5156 2845 5861
f 2288 5703 4877
f 2171 2920 3751
f 3938 8504 5215
f 2075 905 5843
f 496 2075 660
f 861 5454 8647
f 1147 4808 8328
f 7781 3881 3142
f 6491 6502 1504
f 7101 388 1161
f 6697 6344 2134
f 2030 7722 98
f 4050 4023 2019
f 101 1163 7153
f 4969 6039 1150
f 7058 1670 5400
f 1670 7058 3527
f 91 7792 1165
f 3243 5500 5504
f 1166 1133 7042
f 7047 2345 2639
f 1167 7355 2720
f 2720 1317 8678
f 6720 5381 1168
f 3956 603 4917
f 3812 842 2800
f 1707 1487 4649
f 7541 4077 7380
f 6597 2033 4644
f 1171 153 158
f 7351 1171 158
f 2325 5514 3466
f 2537 5514 7961
f 742 1173 240
f 1173 8734 6722
f 4113 1174 7905
f 5403 882 2313
f 4396 5060 7794
f 338 5973 7213
f 5684 2882 4125
f 1964 2882 5684
f 2384 1647 6369
f 7171 5217 3098
f 4574 1554 1178
f 3196 4574 6164
f 2553 5063 3394
f 3632 5391 2143
f 1603 1180 3347
f 2723 3403 867
f 1181 1173 4857
f 8734 1383 1428
f 4216 2091 1182
f 4507 2924 2221
f 1131 1093 1818
f 2663 4002 3206
f 1184 6437 3682
f 4611 7614 2992
f 1185 4238 5763
f 7963 3853 2337
f 5 1186 2928
f 7827 5913 1841
f 839 1187 2533
f 7248 1442 3684
f 787 2908 4537
f 1571 2768 8278
f 4680 2933 2194
f 3565 8750 6338
f 1190 3667 3096
f 7593 7686 5164
f 7000 2186 5133
f 7000 5133 2036
f 3657 3285 1192
f 4939 330 5902
f 4695 1193 609
f 3065 530 609
f 3926 4316 3150
f 4418 6756 4746
f 7616 6016 727
f 7351 6016 1171
f 600 7363 1196
f 2536 600 2105
f 5849 1197 3337
f 7253 943 5036
f 922 7072 915
f 3265 3852 6053
f 2382 4047 6235
f 5097 4838 6831
f 3585 5368 511
f 2001 2395 7861
f 2902 1201 4581
f 5098 1736 3770
f 4558 1897 1202
f 3605 1856 4173
f 588 7161 2745
f 5858 6398 1034
f 7627 2404 7621
f 3623 4643 5429
f 4997 7623 7998
f 3301 2459 6661
f 6943 3890 1206
f 238 8655 3275
f 1176 1207 5640
f 911 4393 2882
f 4157 7960 1208
f 7960 3145 1208
f 7483 1209 740
f 4968 1612 3302
f 8563 4627 1284
f 8656 2230 2609
f 8389 1211 7017
f 1211 306 4164
f 1212 2377 3613
f 1558 6306 12
f 341 646 1213
f 8782 341 1213
f 7800 8499 2270
f 7601 4850 5645
f 5804 3518 1215
f 7202 3300 670
f 228 5567 1216
f 845 228 1216
f 1217 5144 646
f 1217 1065 932
f 6039 5382 1469
f 1452 4754 5019
f 1219 5563 5860
f 5860 2845 1219
f 1676 849 7957
f 5053 1676 1313
f 8117 721 7330
f 6618 1879 6626
f 6691 229 2297
f 7909 2297 229
f 3230 1072 753
f 582 4225 3230
f 1474 633 7766
f 5615 7805 5625
f 1225 2810 5680
f 4671 6827 2503
f 1941 1226 2152
f 1956 1101 4095
f 2727 2732 1807
f 362 5358 2732
f 4551 6518 1228
f 424 2330 2993
f 7297 1229 1859
f 3614 624 5189
f 7664 2006 4423
f 4423 4316 7664
f 1231 1375 1851
f 2453 6267 647
f 6312 718 1232
f 7575 4231 4163
f 5008 1772 3679
f 4274 2582 6350
f 2935 1234 2925
f 7192 2925 1234
f 2899 969 2394
f 7094 2421 5246
f 3338 5044 4181
f 6371 2267 7407
f 559 8456 3820
f 1977 1936 4733
f 1238 949 2285
f 2443 2304 5615
f 3513 3995 4250
f 935 4668 4829
f 1907 3574 1240
f 490 8810 949
f 1241 2046 3322
f 7716 2418 4604
f 6182 6524 1242
f 6990 6714 1242
f 1243 3197 2366
f 8438 1249 1944
f 3277 3060 6480
f 3060 5100 2537
f 4236 5448 8723
f 8728 1772 5008
f 4152 1246 6180
f 8598 4518 4533
f 7252 6947 1247
f 6184 6986 130
f 5691 3400 300
f 8202 6535 4348
f 1249 3197 1944
f 1249 8249 519
f 4236 8723 5582
f 1421 6042 1972
f 415 1251 5550
f 6551 3169 1315
f 3083 6806 618
f 554 4740 6115
f 3064 4540 1063
f 1063 3022 3732
f 733 1094 1254
f 4476 5195 861
f 372 7915 1255
f 1261 3380 5588
f 8735 8515 1256
f 7756 2158 8606
f 7924 4016 4461
f 3186 3981 4014
f 1258 6862 180
f 896 3735 1545
f 6496 5301 5295
f 7233 2229 5301
f 2103 2658 6764
f 6596 6745 6085
f 4920 3724 5557
f 4794 8806 4775
f 5240 2348 5545
f 2933 3349 2194
f 1263 4339 7753
f 8357 7989 7994
f 7745 2939 2893
f 4935 5833 2939
f 4959 5765 3482
f 780 5772 3927
f 8345 1266 7049
f 7049 3660 6970
f 6237 2936 1267
f 2936 1191 2036
f 3875 431 6612
f 8357 6612 7989
f 1269 4251 6634
f 638 2916 2921
f 215 8258 1270
f 3786 6166 715
f 5757 8751 7930
f 2173 7930 2118
f 8442 1075 4632
f 3405 3000 2425
f 1273 2360 2184
f 1273 165 2172
f 6519 6585 7538
f 3987 6585 4401
f 764 1275 6497
f 2147 3683 3689
f 121 5299 2118
f 6961 121 6124
f 6990 8250 6714
f 188 4881 6348
f 4184 3116 4051
f 3078 4327 5998
f 684 8392 6971
f 5112 5896 6953
f 391 3457 6426
f 4292 1658 1584
f 1878 762 5909
f 2981 7624 762
f 215 1270 1282
f 8781 4950 3481
f 2797 8259 5032
f 8062 4655 5032
f 4444 738 3257
f 1553 302 1641
f 5216 685 5648
f 2774 4848 3827
f 2416 7600 1286
f 744 5101 1621
f 4271 1287 7075
f 7883 7585 4755
f 1288 337 3634
f 5825 7499 8542
f 2717 3464 1289
f 710 4559 3934
f 5067 5570 3503
f 5067 5898 2801
f 1298 1291 7720
f 1298 1173 8523
f 1653 4378 2901
f 7117 6628 7427
f 5042 4243 3423
f 3021 4232 4871
f 1294 1286 470
f 3248 1294 7635
f 1002 3467 3292
f 296 2709 704
f 6568 5437 4906
f 6844 8435 4913
f 7234 99 4468
f 5511 4468 99
f 4950 1298 3481
f 1173 7098 240
f 595 1299 1004
f 998 1004 1299
f 5569 7514 1300
f 5194 5888 8795
f 1301 6906 6902
f 4271 7075 7975
f 7437 5793 1302
f 2993 3288 5751
f 2482 690 3685
f 6589 1547 2782
f 2711 1304 4447
f 4560 7660 2265
f 3431 6605 1305
f 7520 7934 1297
f 4177 2756 3685
f 6547 6896 2552
f 4786 4172 1307
f 4162 5256 1307
f 7154 2208 869
f 2396 4873 3832
f 755 2189 1309
f 2395 1309 7870
f 8765 1310 4267
f 2228 6431 478
f 7453 3250 1311
f 8743 4103 7710
f 7974 5357 3563
f 2069 5924 7399
f 5306 677 2495
f 5868 7950 2509
f 5314 2688 1599
f 7225 471 5632
f 4874 2427 1251
f 8784 5488 4175
f 5011 4502 7718
f 2746 5011 7718
f 5298 3494 1317
f 3151 1317 2720
f 1318 3563 5357
f 306 8814 945
f 5570 4414 3503
f 3772 3190 825
f 1876 1320 4433
f 5959 555 4570
f 3658 1321 3901
f 6738 3108 3521
f 1322 5552 3304
f 2067 5276 5261
f 1323 5420 3908
f 4511 1692 4507
f 5159 1324 7186
f 3502 2570 2403
f 7846 1709 2491
f 2589 7080 6822
f 6296 1326 3100
f 1326 2367 8496
f 5072 8738 1327
f 3312 682 3429
f 5707 1328 2413
f 3578 5723 4369
f 2899 3872 392
f 2340 5326 3878
f 7288 7296 7292
f 1895 2983 6667
f 7052 4991 2593
f 2436 4838 5097
f 542 8626 1332
f 3081 542 1332
f 4791 5845 2045
f 2305 4802 4564
f 1334 7072 889
f 7347 2219 2521
f 892 6923 6119
f 6934 892 564
f 6715 1035 1336
f 1928 8709 8122
f 1337 5363 6258
f 2213 7573 6486
f 6677 7782 3274
f 4561 371 2716
f 1654 6288 7064
f 3195 6127 1435
f 3768 8491 1340
f 175 2130 5109
f 4160 1273 1341
f 4155 2790 4133
f 2931 6080 1342
f 633 1342 7766
f 5058 7634 1343
f 1 4192 2166
f 728 4896 5943
f 3657 598 1996
f 6378 1345 7336
f 4613 3176 2809
f 8471 3483 6617
f 6791 2718 4111
f 8279 7031 868
f 4417 3694 5136
f 595 3430 1348
f 1348 2830 2567
f 1349 7743 6336
f 1054 8129 1349
f 2387 7471 1350
f 1082 8801 449
f 4226 2762 3330
f 3834 3944 3045
f 1636 5182 2757
f 2658 2103 562
f 305 6601 1353
f 8410 2587 522
f 3963 1725 7311
f 1899 4928 369
f 1336 6083 6715
f 1706 6709 3268
f 9 1356 4698
f 5836 2620 964
f 1357 366 667
f 1357 416 366
f 1358 7757 2456
f 5786 8532 2456
f 4763 4562 3904
f 7242 7882 4045
f 6092 6214 6218
f 1314 4299 6218
f 8358 859 8166
f 8358 2344 8355
f 73 1362 3616
f 472 5127 4550
f 6566 1363 7423
f 1461 4911 6683
f 5559 8688 5188
f 6905 6265 4127
f 5383 558 914
f 5379 2125 3845
f 1193 4695 1366
f 1366 1095 6506
f 639 4974 2862
f 2207 1364 857
f 1368 1040 8432
f 7707 1040 8631
f 4294 222 235
f 6906 1301 222
f 667 8789 1370
f 565 667 1370
f 8099 3069 4539
f 970 7608 3480
f 2900 2170 2827
f 4180 4967 3875
f 4989 8637 8163
f 4096 1040 1368
f 4887 2947 2912
f 6012 5303 2921
f 1231 7633 1375
f 4391 3232 7588
f 5248 8797 4701
f 6469 6870 5305
f 3486 1377 2142
f 3019 6353 4563
f 2631 1123 3788
f 6846 5370 5794
f 349 2698 2708
f 8192 349 2708
f 1380 8419 2498
f 7641 879 5434
f 1381 4621 1803
f 5235 3897 4362
f 563 5009 3470
f 5964 1835 6451
f 7106 1383 1181
f 8804 7917 7106
f 7230 6967 3024
f 2360 5558 8299
f 2027 1385 4811
f 620 4970 1328
f 791 6699 535
f 5342 5556 6099
f 3928 1577 1387
f 3555 5054 4833
f 3313 1388 4732
f 1148 1613 4341
f 776 3599 4478
f 4478 4929 5985
f 4682 1390 836
f 7484 2074 2848
f 7391 2128 1391
f 6023 4004 3033
f 1392 1844 322
f 1880 6757 8443
f 496 8737 1910
f 1850 496 660
f 5658 2795 1394
f 4724 3404 4545
f 1395 8699 5265
f 8743 6636 2855
f 7784 2086 8702
f 1604 3989 5395
f 484 1397 1931
f 484 4568 1623
f 1398 3071 5696
f 734 1398 5696
f 2973 5828 1963
f 539 3064 3399
f 5455 2431 1400
f 3378 3512 3388
f 6469 4520 1376
f 6870 6469 1376
f 2443 1402 1932
f 1932 7935 1813
f 642 6372 1012
f 3856 4745 3860
f 1404 1861 7766
f 3509 7766 1342
f 1660 7027 1405
f 3542 3621 4787
f 1406 655 303
f 6823 4773 6686
f 1915 8222 5376
f 4584 5967 8199
f 6587 6552 5688
f 5519 7401 2389
f 1409 2857 4811
f 1409 3716 2857
f 1410 6950 3926
f 8700 3723 2469
f 6052 2234 4289
f 5375 5311 8131
f 594 1910 1412
f 469 3504 5060
f 1413 4607 1072
f 3230 4225 1072
f 1414 3072 1084
f 301 4726 4311
f 1415 1303 7542
f 1570 1303 1415
f 2368 851 6821
f 6802 1176 5640
f 7650 8539 3402
f 7337 2117 1059
f 4311 1418 2880
f 1418 5364 2880
f 5232 2604 1419
f 8039 8607 4976
f 5674 1836 6753
f 2502 6843 4090
f 1421 3840 4512
f 6081 5627 2967
f 1422 3271 4599
f 2897 4323 6670
f 4927 3129 7275
f 4295 4927 7275
f 524 1424 1019
f 4709 2203 2190
f 7302 6163 3742
f 6163 3514 2338
f 3624 5820 6700
f 7390 6684 7371
f 4090 3398 1427
f 7857 6491 2096
f 7642 7635 1428
f 1428 7328 507
f 5301 1259 1429
f 2860 4810 4814
f 791 1430 3434
f 8121 3434 1430
f 4835 583 7903
f 5386 8072 1812
f 8237 6911 2765
f 5294 649 463
f 1433 4752 448
f 3758 6502 4203
f 2657 927 5579
f 7231 4441 5351
f 6127 314 1435
f 447 5329 5963
f 8817 2029 1436
f 8682 2932 7175
f 6144 5140 1781
f 3899 7835 3346
f 417 2466 792
f 2195 3374 5586
f 2615 791 535
f 6777 4931 4738
f 6704 1440 4234
f 7128 863 3523
f 8421 585 1441
f 3329 1912 1441
f 3684 1442 4509
f 3208 6662 596
f 5734 2077 1443
f 5679 2534 4667
f 1444 4711 6260
f 7768 288 5271
f 888 4538 1445
f 1445 3396 888
f 736 7001 8140
f 7005 2617 5137
f 1447 7677 351
f 8468 1443 2383
f 5817 3012 2169
f 5735 5817 3035
f 7846 2491 1691
f 1691 1465 6749
f 1450 7616 727
f 4922 7234 2629
f 4644 4681 6621
f 4837 6653 1661
f 1809 1452 5019
f 8138 1469 5382
f 5432 1981 414
f 8144 1446 5137
f 4801 6817 6346
f 4630 4038 8469
f 887 5938 2970
f 4235 3377 2976
f 5713 5509 1456
f 1709 4757 2253
f 6308 4024 1457
f 5535 6511 1159
f 6727 597 6346
f 3741 5115 6733
f 4799 4923 705
f 705 4923 4570
f 1460 2373 4151
f 6749 1465 3276
f 1461 6683 1748
f 4900 703 3345
f 1462 3269 8664
f 3943 1462 398
f 1463 3653 2182
f 1463 2182 1811
f 1130 2781 7779
f 7373 1130 4802
f 8732 1465 5271
f 1465 6987 4151
f 5891 7572 2473
f 7251 7893 6889
f 1467 5217 310
f 3234 2351 1133
f 1468 4132 3849
f 4885 3449 3453
f 4708 5349 8146
f 8146 1218 7175
f 1470 1600 373
f 1862 8686 3351
f 357 2837 983
f 7497 7492 4805
f 8054 6453 987
f 987 3028 4617
f 800 415 5550
f 5568 2472 4248
f 8073 1471 1474
f 1474 7766 5085
f 2196 7426 3957
f 3957 7426 1899
f 8170 4998 2026
f 5003 7458 933
f 1973 8594 972
f 8594 4461 4016
f 4545 361 5031
f 4545 1394 361
f 2796 2166 2462
f 5179 3236 4761
f 4048 6334 5418
f 3353 4301 8596
f 1481 364 498
f 3738 1321 3658
f 304 2569 1482
f 4093 4079 1734
f 1483 6664 8763
f 3041 6023 3033
f 6012 2921 5575
f 2904 879 5923
f 6878 2929 4892
f 4892 1344 6878
f 6387 7429 2057
f 6277 7436 1800
f 4649 1487 1169
f 7380 7003 7541
f 8079 1488 3320
f 4870 3918 1488
f 1971 8505 1489
f 7391 8529 2128
f 7978 8714 1490
f 1870 7978 1490
f 1042 1491 5928
f 4046 1468 1491
f 1492 4000 907
f 2527 3939 2975
f 4946 2817 1493
f 2895 771 7948
f 3846 1494 4915
f 343 1904 5315
f 5951 2858 5038
f 6113 1719 3559
f 7855 3654 1496
f 5419 4313 1997
f 1497 5000 5323
f 4678 2143 5441
f 1085 3941 402
f 2558 584 3941
f 5436 4626 5773
f 1131 1818 7147
f 1500 2735 2739
f 6476 3062 4506
f 1501 3183 818
f 5607 6839 4300
f 1813 3605 473
f 1516 486 2545
f 5782 541 2999
f 5772 5777 3927
f 7547 1802 5608
f 5390 8322 313
f 8265 4825 181
f 4197 8718 8725
f 5211 5852 3508
f 7682 7277 6549
f 8473 1283 3733
f 7400 5129 6991
f 3728 5590 1144
f 7186 5587 712
f 8444 1347 6654
f 8624 6038 3061
f 4992 6129 1338
f 4561 1338 3149
f 1511 490 4365
f 3605 4173 1511
f 5129 7400 5641
f 752 7028 6335
f 5304 10 8240
f 7066 2248 7365
f 760 5877 1514
f 3531 8173 8602
f 2214 3834 3045
f 2214 5497 1818
f 8627 1502 7040
f 1511 4365 1502
f 2701 3833 8362
f 7823 4868 1808
f 1518 294 980
f 6066 7385 294
f 3964 4094 1519
f 6342 1593 3726
f 7991 7367 3752
f 1201 2247 5132
f 2616 6256 1521
f 1093 1131 5797
f 6579 5280 5795
f 7168 7138 5249
f 1676 6228 1523
f 1523 6215 1743
f 3669 7007 887
f 3955 741 4260
f 420 1525 464
f 6369 6846 5794
f 2621 1421 3159
f 4142 2621 3159
f 1044 1527 1706
f 1783 5308 561
f 8227 1528 8165
f 1022 1788 5664
f 1529 4652 6073
f 336 1678 2733
f 671 4194 4190
f 8552 2650 4186
f 8227 5742 1528
f 1022 8227 10
f 336 7972 1678
f 386 2852 3390
f 940 4281 3249
f 3372 3958 3249
f 100 4432 1534
f 6494 3759 2541
f 185 7144 8329
f 6814 6514 4781
f 1536 5701 5227
f 2903 3713 2378
f 4498 2561 7613
f 3250 7453 7867
f 5124 3718 8498
f 3097 2374 745
f 1539 3202 4807
f 2515 3462 6500
f 5979 3463 1540
f 8047 1919 4816
f 84 1541 7085
f 4801 84 1458
f 4156 1542 1439
f 2222 4439 8609
f 2740 5094 5425
f 2150 6128 3884
f 7447 1541 84
f 3174 3953 7863
f 5389 1612 4968
f 3032 3055 404
f 8493 8483 7142
f 3895 3774 3555
f 472 6729 2187
f 472 7529 2804
f 1548 2996 7373
f 5956 5611 4893
f 1549 1744 805
f 2688 5314 4306
f 1550 8280 2958
f 1820 6529 6064
f 5805 5811 1551
f 7010 1551 5816
f 770 6852 6863
f 5155 5485 6274
f 3655 4067 3257
f 718 6312 2879
f 1178 1554 252
f 2297 3808 6691
f 7146 2142 1377
f 5619 2465 7127
f 8406 312 1556
f 6350 2582 4214
f 4575 1568 6192
f 3807 2562 4962
f 6047 11 1558
f 8651 6980 6047
f 8618 8611 599
f 3819 6587 957
f 528 4182 1560
f 7229 3279 3454
f 3214 1561 4344
f 409 2903 7255
f 2205 8599 4425
f 8599 2205 6241
f 526 4788 1563
f 2612 1011 2470
f 4116 1564 4888
f 7911 3445 5983
f 2794 6222 2242
f 2242 1976 4312
f 838 446 1566
f 446 6687 5771
f 5335 7644 3841
f 4369 8474 3578
f 5461 461 1557
f 1557 6186 5461
f 641 6988 1569
f 8427 4576 1520
f 1570 1415 6341
f 5526 4550 5127
f 7621 1571 7627
f 2054 4014 4482
f 6961 6666 5954
f 4707 7543 2829
f 5979 1540 1573
f 4115 7205 1104
f 8536 2698 3544
f 2375 1982 8670
f 961 3905 5838
f 2013 6348 5838
f 8323 6797 1576
f 3635 4780 4706
f 53 4728 1577
f 53 1577 3928
f 1337 1578 5710
f 1560 4639 3763
f 3678 2581 2710
f 717 1921 1933
f 1580 3420 4314
f 4211 8433 1881
f 2579 3976 8013
f 465 4689 3976
f 1653 6997 3086
f 3487 2281 7674
f 1149 3915 1583
f 1583 5922 7806
f 1849 4292 4296
f 8187 4551 1228
f 4233 8463 2136
f 468 4852 2877
f 1586 4528 3815
f 4747 3499 8045
f 1587 4189 2844
f 6861 8711 4866
f 4126 1588 1144
f 1770 2865 8063
f 6258 1589 1578
f 999 3648 6537
f 1590 5516 7932
f 1254 1094 6834
f 111 109 7651
f 6610 6769 810
f 1592 1917 2649
f 3109 7430 1776
f 1593 3155 5609
f 3106 8610 8418
f 2098 8547 3643
f 5721 2771 5752
f 3402 1595 7650
f 557 7650 1595
f 654 8447 2791
f 7022 5069 7709
f 1597 5229 5022
f 4649 1169 275
f 1598 3837 2871
f 1488 3843 4971
f 1314 7830 4299
f 1101 5562 3793
f 953 1083 1600
f 1600 1470 953
f 1204 7959 7177
f 6598 3422 4633
f 2879 4972 3252
f 3695 3220 2869
f 8039 1068 8601
f 1116 7306 1068
f 7169 3989 1604
f 6777 2615 535
f 5812 2441 2571
f 6447 6791 5890
f 6196 2856 4659
f 6189 3761 2290
f 1577 4728 5597
f 7445 5604 4728
f 1608 4734 3209
f 4397 2064 616
f 582 1609 6207
f 1609 582 5138
f 6619 5316 6194
f 4643 7434 5712
f 1611 7839 4212
f 5402 6685 2894
f 5389 5477 1612
f 8617 2113 3474
f 1148 6838 3727
f 1014 2705 575
f 7265 1614 5905
f 4818 5677 3991
f 3564 3897 5235
f 1953 4541 4123
f 2007 5121 4086
f 6339 549 6639
f 7949 638 2911
f 8260 8797 5248
f 2560 1766 99
f 99 7234 4922
f 1619 7060 495
f 495 6667 2983
f 8779 1125 7393
f 377 3983 6942
f 1445 1621 7892
f 1621 1286 4858
f 1009 1622 6310
f 2516 8720 1009
f 1397 484 1623
f 5308 1783 1397
f 1052 1624 3215
f 2515 6498 3699
f 5996 1625 1902
f 628 2402 6898
f 6572 353 6509
f 4115 5979 7205
f 1627 3681 285
f 6767 5320 3936
f 693 3661 4912
f 2090 3269 1462
f 1629 2642 819
f 3381 6996 2233
f 2144 937 1630
f 6766 8462 7728
f 6184 130 1631
f 8811 7249 130
f 1632 3152 3146
f 431 7981 7648
f 6196 1606 804
f 1626 7561 8453
f 3223 1634 265
f 1774 3104 7610
f 2611 2605 2627
f 5895 2627 971
f 4916 1636 5709
f 1636 4916 5182
f 1637 8087 8340
f 265 7421 3223
f 7481 3114 4416
f 8533 7244 7495
f 1639 2839 5110
f 2579 8013 5668
f 1378 6842 1640
f 8762 3098 8756
f 1641 8563 1284
f 4067 4444 3257
f 1703 6450 8252
f 1991 2981 4765
f 1643 4453 7396
f 2524 6483 6755
f 1644 423 2220
f 3439 6005 1179
f 7894 4056 5520
f 6706 5416 6293
f 1646 4986 514
f 3132 2985 784
f 6846 6369 1647
f 3098 4988 6842
f 2833 2787 8426
f 7122 8426 7594
f 6362 3950 2301
f 4504 4514 5222
f 1650 558 5383
f 4128 5813 5840
f 1651 5649 3906
f 8358 8355 5417
f 3548 1692 1652
f 2587 1655 5406
f 1653 2901 2819
f 6289 6997 1653
f 4480 5009 3557
f 563 3557 5009
f 3721 5470 6299
f 1652 5470 3548
f 4810 6028 988
f 5240 3565 2348
f 3331 6345 1657
f 1657 6345 2565
f 1658 6770 2209
f 772 3088 2673
f 1145 112 7947
f 3873 112 5475
f 1660 1405 2982
f 3709 373 1083
f 8210 4837 1661
f 4731 8214 4659
f 1662 5971 1064
f 3293 2260 6707
f 1663 795 7631
f 5873 8027 6078
f 5078 1664 812
f 7796 812 1664
f 4112 4510 1665
f 4117 5585 3992
f 743 4477 1666
f 2007 4026 5121
f 1667 6443 3056
f 1699 1978 3314
f 2822 1668 3385
f 603 7368 4112
f 3809 164 4035
f 1702 5636 7067
f 1670 3527 1164
f 1033 1670 1164
f 2535 7571 1671
f 3156 4926 3694
f 2616 2831 1672
f 3447 54 5341
f 3163 1673 7156
f 377 6942 6472
f 6575 1539 1674
f 5786 1060 1053
f 4853 1675 7919
f 3433 3820 6404
f 1676 1220 6228
f 1676 5053 1220
f 4945 5024 1795
f 2232 823 1795
f 7148 2580 8207
f 2847 2852 386
f 7947 4518 8598
f 8556 6659 4518
f 786 6506 1095
f 4143 4925 1386
f 97 613 8399
f 6600 5498 6998
f 6601 900 1682
f 1682 900 4163
f 2661 8397 192
f 2648 213 7203
f 1684 2535 1671
f 4915 1494 7360
f 1685 7334 721
f 2703 6250 1689
f 590 4385 1076
f 7183 1076 4385
f 4214 2582 4489
f 4214 4489 796
f 1069 497 1688
f 4293 4487 6723
f 2703 3029 1685
f 1685 3029 1806
f 846 4148 5353
f 2360 4148 5558
f 5271 1691 2491
f 5271 1465 1691
f 2091 1652 1692
f 2091 1692 1182
f 1693 7076 6669
f 5201 3907 7294
f 1694 570 5350
f 3766 6490 3505
f 1223 1695 5138
f 1069 6019 497
f 2489 788 1696
f 4771 1572 3362
f 8445 290 8171
f 2278 4434 2484
f 2724 1579 1698
f 5298 327 3494
f 3813 7355 3348
f 5834 1969 5463
f 3003 3782 6508
f 4865 3510 7178
f 4998 1701 2026
f 7939 7199 7584
f 2264 4280 7920
f 176 7259 7891
f 3123 6450 1703
f 769 3003 3510
f 1704 4217 632
f 3891 1704 2102
f 6948 6969 4404
f 6969 3968 1998
f 561 1706 1527
f 1706 561 6709
f 4530 5659 5154
f 3744 5816 6177
f 89 1708 3084
f 1419 1708 89
f 1325 1709 2253
f 2589 6822 8640
f 8334 450 1710
f 450 626 2994
f 8243 5396 5941
f 4419 7748 863
f 2557 1712 1921
f 1628 1712 2557
f 751 1713 6847
f 3488 5347 476
f 1714 4045 4562
f 4045 1714 749
f 8121 4037 1715
f 6723 4037 4293
f 6071 2773 3183
f 2522 5864 4130
f 5021 1717 1693
f 5209 4176 3907
f 1718 3190 5885
f 1718 8586 7280
f 1719 5274 3861
f 3559 1719 3861
f 7526 853 7895
f 8800 6723 782
f 1721 4119 3851
f 515 8384 8044
f 545 4778 4768
f 1873 4241 6032
f 2914 8176 2792
f 3851 4119 4723
f 7283 3272 1724
f 5255 4143 1137
f 4185 5404 369
f 2360 8299 2713
f 2748 4400 1726
f 3203 8096 5214
f 3948 1732 1727
f 2458 8632 5510
f 7381 7449 1546
f 3491 4120 2993
f 2516 592 1729
f 1729 1742 2807
f 6493 1700 5430
f 3818 1822 1296
f 6397 5764 3189
f 4321 4976 8607
f 5755 577 8625
f 1727 6419 8632
f 3530 1726 4400
f 955 4669 2106
f 5095 7869 1027
f 7439 5170 2440
f 2426 2749 3225
f 6419 1727 1732
f 6706 6293 3379
f 8629 1201 2902
f 4602 5376 1737
f 1407 4589 4584
f 1738 4970 4397
f 610 852 8775
f 3244 714 8583
f 1948 3750 3996
f 6872 8060 4072
f 4066 8100 8132
f 2824 1745 2156
f 8308 4410 5901
f 1729 592 1742
f 5611 6391 592
f 5873 6078 3526
f 5873 6381 1749
f 3020 4822 2384
f 4822 3020 4306
f 1745 2824 3830
f 4259 3985 2802
f 4609 1746 6411
f 6746 1954 6736
f 7679 840 412
f 4742 6972 3160
f 1748 7409 1461
f 7940 4956 6676
f 7969 6234 6249
f 7969 6249 1523
f 587 1853 1750
f 3439 4494 6005
f 6428 7268 4661
f 4978 6474 4664
f 1752 832 569
f 1138 8290 6357
f 4363 4278 817
f 7455 4278 521
f 7737 1206 4298
f 2168 7737 4298
f 8548 556 4840
f 4407 8612 7789
f 7331 5655 3344
f 916 2942 274
f 7523 1757 6956
f 2815 4262 3663
f 6501 4529 5715
f 5715 4529 1760
f 7173 3381 1759
f 4140 5078 812
f 1758 7361 5989
f 6418 5163 7473
f 1028 1761 2941
f 4268 4018 1028
f 1496 809 5367
f 2435 5348 7625
f 8286 3199 8282
f 3966 3724 2643
f 505 2138 1764
f 4268 4710 4018
f 8113 6768 2334
f 7129 6768 6246
f 1305 8074 1766
f 1305 1766 2560
f 1203 1767 5017
f 5989 7361 3315
f 6740 644 6884
f 8110 2575 8104
f 5279 8490 1769
f 2816 1765 3607
f 1588 1770 8709
f 1588 4126 1770
f 6197 182 3864
f 179 182 4582
f 5448 4147 8723
f 1245 3052 3649
f 2807 1742 1773
f 3553 360 998
f 7285 1587 3935
f 7131 7680 2445
f 892 529 1775
f 4327 4759 5998
f 7430 5824 1776
f 1776 6989 2252
f 3916 1777 4770
f 3606 5724 8309
f 3736 4230 2146
f 5072 1327 970
f 1583 1779 5922
f 5351 4441 5903
f 7433 4748 3651
f 8157 4275 6210
f 4775 372 4794
f 6311 5140 3768
f 1782 8127 4459
f 6121 4370 1017
f 1527 7474 1783
f 561 1527 1783
f 7403 3304 5552
f 3936 5320 4832
f 4059 1785 3484
f 1602 4343 4987
f 3864 7976 8500
f 8495 2167 1786
f 1108 1787 3739
f 3484 334 4059
f 6001 2 8368
f 2442 2794 2242
f 4713 1789 5858
f 4516 1795 1203
f 1790 4762 5995
f 6657 2682 5493
f 7714 1791 3481
f 3164 2818 3170
f 1792 223 5002
f 252 223 6780
f 6874 6939 981
f 3732 4138 4135
f 1794 1649 2372
f 2842 898 5237
f 4961 1795 2741
f 2232 1795 7444
f 1369 1796 4985
f 7273 4654 6906
f 2086 628 1797
f 5996 628 6898
f 7456 1798 2986
f 7461 321 1798
f 445 5169 6866
f 6261 4415 387
f 7436 3524 1800
f 1486 702 7811
f 8544 4578 1801
f 6781 6784 2131
f 1802 1295 2863
f 6392 6901 2584
f 2814 1803 5563
f 7456 7461 1798
f 1837 611 1804
f 3716 3778 2053
f 5504 1805 673
f 5530 1805 2458
f 1685 1806 8590
f 4736 3337 1197
f 3365 1807 1227
f 6424 665 330
f 1504 6502 1808
f 5390 7944 4213
f 847 6924 1809
f 6924 1452 1809
f 5684 4125 1810
f 8555 3676 5660
f 5568 1811 2472
f 489 8274 1110
f 1518 6853 1812
f 5826 7212 4703
f 526 4070 1402
f 1202 4070 526
f 806 4460 4457
f 4851 1128 2437
f 912 1815 2775
f 2382 6235 8695
f 910 3081 1332
f 8769 2439 1244
f 4714 2481 1817
f 3927 5777 2836
f 1818 5497 2884
f 2884 6567 1818
f 6616 5578 1819
f 2668 4474 1819
f 5046 3167 1820
f 1687 811 3949
f 509 1821 4500
f 3208 4509 6662
f 1822 3352 5430
f 5325 6060 3734
f 1211 1823 306
f 4692 509 4500
f 3776 7652 1168
f 975 7652 3776
f 1825 5941 5038
f 291 8043 2958
f 3660 4955 6970
f 508 4364 3749
f 1827 5294 463
f 5180 7120 8135
f 6317 5132 1828
f 3633 3448 3740
f 6464 417 792
f 3751 5215 8504
f 4395 6147 8573
f 7257 2888 7761
f 4138 7532 1831
f 4138 2410 688
f 1832 1391 293
f 5637 365 4379
f 7562 6775 3894
f 1657 2565 517
f 3476 7509 2519
f 7622 504 3071
f 1382 6741 1835
f 4508 7054 2883
f 2088 6753 1836
f 7500 6599 3017
f 4438 611 1837
f 8615 295 833
f 7338 8396 5456
f 8396 3999 5313
f 1077 4042 1839
f 8517 4042 2258
f 1840 7293 3817
f 1840 5507 5630
f 1841 2928 1186
f 5697 8815 1186
f 2787 4240 1842
f 2094 3948 5789
f 1843 3995 1071
f 3730 7247 6520
f 7645 1844 1392
f 848 2224 4178
f 1845 4224 4001
f 1845 3811 2379
f 6701 3440 4901
f 1875 2257 8287
f 6896 1306 5702
f 4760 6100 3865
f 1848 5051 3394
f 1179 5431 1848
f 1280 1849 4296
f 3822 4044 1280
f 8737 496 8747
f 2860 4814 4221
f 647 8029 3307
f 3307 2123 5066
f 1156 5156 1852
f 8040 2126 3094
f 637 5374 7021
f 635 3952 2969
f 3402 8539 7337
f 3665 6704 4234
f 6029 4476 6788
f 7836 4476 3235
f 1202 1856 4070
f 1897 1856 1202
f 4901 5880 1857
f 6107 6638 7933
f 7088 1858 1026
f 8802 3958 3372
f 1859 1229 385
f 7208 5415 6055
f 1860 4232 3021
f 2193 4450 4700
f 1404 773 1861
f 8319 8147 773
f 1862 953 1470
f 1862 3059 6357
f 3619 5196 6721
f 3622 5523 1840
f 2791 1864 5639
f 8455 5639 1864
f 460 6122 1865
f 4748 2586 3651
f 3536 6207 4439
f 3536 2955 6207
f 1867 513 2979
f 7180 3883 6702
f 3767 80 1868
f 8379 3767 1868
f 3152 5088 4408
f 7433 5142 4748
f 1928 1870 4149
f 4735 1870 1490
f 7482 152 3214
f 6702 3883 7432
f 3318 467 1872
f 7893 7251 2676
f 1873 1308 4241
f 5527 4903 3832
f 1874 7998 3309
f 5682 7578 8517
f 719 2257 1875
f 608 3644 5026
f 1940 4219 8449
f 7808 8449 559
f 2669 606 1877
f 7589 5725 786
f 6924 1878 1452
f 1878 5909 1452
f 2528 2961 3233
f 112 1145 4515
f 4342 1880 2140
f 978 5238 5538
f 5511 1297 5494
f 1297 4211 5494
f 6552 6557 3437
f 4893 3437 6557
f 8239 5075 354
f 1806 4736 8590
f 3998 2869 1884
f 1886 3246 305
f 7676 3216 1885
f 1885 5282 901
f 7763 3998 1884
f 290 454 3698
f 8729 3836 1622
f 1009 8720 1622
f 4490 1888 1269
f 7949 2911 1269
f 1889 1151 2309
f 4319 874 5191
f 614 5232 1419
f 5764 6397 7139
f 1891 4156 1142
f 5130 2941 5698
f 1396 5725 2492
f 5725 7589 2492
f 813 4075 1893
f 4544 8442 4632
f 1894 820 8239
f 2324 8201 820
f 7281 6919 3719
f 6673 7185 6678
f 1896 1096 645
f 3740 1896 5220
f 1856 1897 586
f 586 1897 7192
f 7900 3816 1898
f 6581 5220 3932
f 369 5404 1899
f 1899 5404 3957
f 3568 4883 7077
f 3339 2005 6339
f 3570 1901 491
f 2524 4161 6483
f 5395 1902 6615
f 6615 6101 8618
f 5844 8575 6881
f 6356 3810 6282
f 1904 4860 5315
f 4875 3195 7034
f 5114 4753 1834
f 4756 1062 6139
f 1906 3558 3706
f 6512 5701 1536
f 1907 8810 490
f 490 1511 8390
f 6202 8332 1908
f 1352 737 2675
f 459 2723 1909
f 5052 7345 5388
f 793 2151 7607
f 5060 3504 6782
f 1056 6559 6351
f 4073 6569 3228
f 1912 3329 7591
f 740 1209 5187
f 583 298 7903
f 3091 8623 8120
f 4608 1914 4598
f 7490 5073 3137
f 6995 479 2726
f 5821 4286 4834
f 4764 3955 8460
f 2218 465 7802
f 3152 4408 1917
f 7994 5347 6671
f 5670 4847 8589
f 896 2176 7319
f 1919 1540 3463
f 4200 4951 4958
f 8664 4521 1920
f 5372 5658 3515
f 1712 1579 4719
f 4719 1579 2724
f 391 7026 3457
f 5402 2894 3547
f 1526 734 1923
f 5696 7781 734
f 1924 951 5240
f 2761 5236 3349
f 4395 8573 1925
f 2490 1830 6848
f 7800 6143 5360
f 5973 4144 3688
f 7932 5516 1000
f 1211 4164 7017
f 1928 8086 1588
f 1928 4149 5518
f 862 7790 1929
f 3441 6634 6739
f 1867 1930 513
f 2597 5966 1930
f 748 484 3828
f 3026 6531 748
f 486 6957 1932
f 1932 473 486
f 1933 1921 5296
f 328 7660 4560
f 1185 1934 4238
f 4859 7756 1938
f 1935 566 5515
f 6102 1942 1935
f 1936 705 1876
f 481 705 7051
f 4275 5931 6210
f 8470 1939 363
f 7198 1938 7756
f 1938 7198 5498
f 5931 7579 3584
f 3576 3594 4691
f 4733 1876 2834
f 1936 1876 4733
f 1101 1941 5562
f 1101 1956 1941
f 1942 8095 1935
f 1588 8086 2204
f 7525 4874 1943
f 415 2628 3051
f 1944 3197 1243
f 760 1944 1243
f 4159 5466 7323
f 6920 2656 3038
f 3327 6206 451
f 6206 3327 3081
f 2590 3869 8168
f 8636 2523 4960
f 1739 8583 6393
f 1739 6393 4129
f 1949 2691 6223
f 2914 3730 6520
f 1493 3331 6890
f 413 8453 2585
f 6681 1951 1994
f 1575 8019 8808
f 1952 5034 1152
f 1952 1152 1942
f 1953 321 4541
f 4310 1953 8789
f 1954 6606 6736
f 317 7273 6636
f 5805 5977 4631
f 3072 5442 1084
f 1226 1941 1956
f 2060 8564 1956
f 8151 3894 6775
f 5557 3554 5549
f 6018 3498 6696
f 975 3262 7652
f 342 3975 1959
f 342 1959 565
f 1960 6981 1093
f 1960 1093 1521
f 1319 5745 1961
f 1613 5889 299
f 6963 3641 4918
f 4845 7528 4039
f 4609 5972 1746
f 7505 3064 539
f 1964 911 2882
f 8340 917 911
f 1080 565 6327
f 565 1370 6327
f 1966 5409 2626
f 5409 1966 1922
f 5176 1967 6866
f 6552 3437 855
f 1968 2842 573
f 3896 1968 573
f 3341 5463 1969
f 1920 4473 3227
f 2241 7655 6010
f 6161 2638 6131
f 8620 5082 1782
f 7552 482 7082
f 1421 1972 3840
f 3218 4291 5366
f 2472 8752 4248
f 8752 3067 4248
f 4913 4409 6844
f 4524 4287 547
f 2849 1975 734
f 4099 3085 6081
f 2794 8651 6222
f 8634 12 2605
f 3330 7808 559
f 7308 4226 7675
f 3314 7289 4750
f 7289 1517 4750
f 1782 5082 1979
f 3619 4942 5196
f 1980 8715 2272
f 5380 2673 7159
f 414 1981 1114
f 6593 3009 4491
f 6487 1982 735
f 1982 6490 6923
f 1506 2998 1983
f 7284 3508 5852
f 7279 5142 1984
f 1984 5142 7433
f 7193 8231 1985
f 1985 8231 6057
f 1986 2663 3206
f 108 1986 5476
f 5341 1987 3447
f 669 7606 2859
f 2776 2390 6382
f 7782 663 8745
f 6730 1989 6036
f 5273 499 2957
f 2350 915 1990
f 3132 3165 3265
f 1642 1991 4765
f 8391 5649 4019
f 5408 6848 6845
f 3991 5677 6845
f 1990 785 1993
f 768 7796 3690
f 1505 7899 4825
f 1016 7402 6584
f 934 1490 1995
f 1224 6962 5085
f 1344 6690 6878
f 1949 6223 3299
f 3654 5086 4313
f 7264 3671 4767
f 8760 1998 8763
f 6809 3464 2139
f 422 4603 901
f 2707 1889 5893
f 5397 4718 4334
f 4083 2943 5397
f 5368 2001 7861
f 2107 1643 7396
f 6034 3175 2002
f 2590 6529 3869
f 2003 841 4137
f 2555 6225 7110
f 5741 8726 4320
f 3671 7419 4767
f 4242 1900 4878
f 5708 2009 6303
f 2006 8498 3718
f 1669 4493 3804
f 743 6488 7910
f 1666 6488 743
f 5265 883 2008
f 4574 7798 2008
f 3703 2009 941
f 4878 1900 4883
f 2010 642 1012
f 7064 6288 3747
f 4429 3714 7035
f 1081 4429 7035
f 1541 6548 4662
f 5717 1389 3599
f 6348 2013 188
f 2013 7181 188
f 2014 3853 7963
f 1919 8047 1540
f 7863 1541 3174
f 3756 6548 1541
f 3900 145 146
f 7256 1881 2715
f 6689 7847 6773
f 5926 7110 7448
f 904 6857 2018
f 2024 1476 8403
f 99 4922 2560
f 1618 6526 4023
f 2020 3054 8169
f 8134 4252 630
f 1710 8005 8334
f 5765 5772 780
f 894 6399 2022
f 3583 8502 759
f 7281 3719 2023
f 2023 495 2511
f 2018 6857 6865
f 4523 2808 4463
f 5601 2025 4830
f 7881 1596 4619
f 2026 1701 876
f 2024 8403 5936
f 2788 1385 2027
f 4388 944 990
f 5251 2028 6196
f 634 1501 6159
f 844 2932 8682
f 6949 6560 8676
f 7729 7722 2030
f 5123 5506 7219
f 4842 2031 7039
f 1611 4212 881
f 1349 6336 2032
f 6178 2392 918
f 4644 2033 4681
f 397 8587 7009
f 2034 2784 3609
f 8350 2451 8336
f 7817 2035 4003
f 6819 8301 7987
f 2936 2036 1267
f 546 4520 8179
f 5800 2255 4065
f 767 3797 2245
f 5533 2712 5079
f 5533 5079 7669
f 4960 6646 2039
f 2505 6522 5593
f 2040 5887 8707
f 4777 2040 8707
f 2729 2041 6946
f 8180 3333 5900
f 390 5774 3369
f 3786 715 4183
f 2043 4418 156
f 3996 3750 5377
f 244 2044 234
f 2751 4406 4386
f 8798 2045 4155
f 4155 2045 2790
f 7716 4604 2046
f 2868 3951 3266
f 3446 6085 7184
f 6161 8608 2638
f 3887 2988 1236
f 2267 8642 7407
f 5451 6203 2049
f 2049 3597 5451
f 90 461 2050
f 461 6056 6703
f 2051 7297 1859
f 8429 2883 4601
f 5223 2052 3929
f 6793 4012 3162
f 3778 3213 2053
f 2886 4734 990
f 1316 2054 4502
f 6628 7117 1316
f 7266 2055 2014
f 4671 2503 2876
f 2056 8000 1764
f 8000 2056 3351
f 7835 6887 3346
f 4656 1106 5084
f 2058 8279 868
f 5995 4762 3153
f 1551 617 2059
f 617 2742 7812
f 4694 4828 2060
f 581 2060 4828
f 2061 4487 2646
f 5698 2061 2646
f 8088 100 6069
f 8063 2865 7425
f 4580 4084 2063
f 6651 5669 4580
f 1608 5157 4975
f 4975 1385 1608
f 8736 2065 290
f 290 7056 454
f 459 8341 3037
f 459 1909 8341
f 2067 5261 1322
f 4769 3415 3888
f 3912 3384 659
f 8163 8560 4989
f 596 5546 2112
f 596 6662 5546
f 5451 2279 7801
f 2279 2580 7148
f 2071 8017 6521
f 3326 2267 7236
f 2946 2072 3789
f 6018 6696 6013
f 2073 269 6941
f 269 4458 621
f 8049 4820 6576
f 836 4820 8049
f 2075 6571 905
f 3592 6571 2075
f 5134 2076 4088
f 5770 2246 4542
f 5716 7095 3978
f 2774 3827 5716
f 2078 3748 5555
f 6446 3088 772
f 355 2079 4375
f 4706 2906 1157
f 931 2080 847
f 8385 931 7597
f 2081 2086 7784
f 530 3254 606
f 4210 6855 3914
f 4210 368 6855
f 3656 979 2083
f 3656 2083 2783
f 2084 6087 893
f 2069 3038 5924
f 5856 1006 4266
f 3811 1006 2379
f 530 2086 2081
f 530 628 2086
f 2848 4977 3587
f 4863 6130 931
f 7141 3511 2088
f 2088 1836 3017
f 2869 3220 2089
f 974 2089 375
f 2783 1628 3656
f 1712 1628 2783
f 4532 522 5406
f 4532 2082 522
f 3226 5107 1758
f 8200 6501 5715
f 7513 2093 5612
f 400 2093 875
f 8426 2094 3
f 3 2094 5789
f 4220 2095 7972
f 1532 2852 2847
f 6497 4097 7854
f 4097 6497 1275
f 2221 2573 2097
f 738 4444 2889
f 3387 2098 8232
f 3710 3720 6588
f 141 2177 6564
f 6110 7936 4289
f 7224 973 3638
f 8520 3222 1530
f 4846 3803 6936
f 3837 4376 543
f 1704 3598 2102
f 4947 7745 284
f 4318 1352 8041
f 4318 737 1352
f 141 2104 2177
f 5551 4285 8092
f 1497 5323 2109
f 1196 3777 600
f 3014 5638 3046
f 1214 557 2225
f 5357 2107 1200
f 2107 7396 1200
f 2108 682 3312
f 5065 4084 4580
f 5331 6864 7882
f 7420 1196 5331
f 5273 2832 2110
f 4809 8076 5204
f 612 3018 2111
f 4979 5041 3962
f 8302 2112 1312
f 2112 6755 1312
f 7475 4841 7469
f 294 1518 6066
f 2114 2020 4246
f 2020 4485 3054
f 2115 7144 185
f 3413 7707 7791
f 7028 2116 3082
f 4485 2020 2114
f 5481 4158 2540
f 3167 6034 2002
f 96 1648 2118
f 2365 2118 1648
f 6383 2553 4908
f 541 5782 4908
f 3715 4088 2076
f 3357 1048 3710
f 3209 758 3213
f 3213 6212 2053
f 5740 3705 8558
f 8494 3357 3705
f 2123 6663 5066
f 2123 4160 6663
f 2135 5354 2124
f 1077 1839 3321
f 8229 2125 1129
f 3621 4963 4787
f 2126 565 1080
f 1080 3094 2126
f 2127 426 5656
f 3154 3179 2900
f 7121 3194 1122
f 4004 7618 5119
f 456 2129 7408
f 3887 4254 5139
f 7193 5621 2130
f 2130 830 8031
f 6784 1801 2131
f 7232 5466 4159
f 5050 5046 2132
f 7337 1059 3402
f 3943 340 3227
f 340 3943 398
f 2134 5902 7901
f 3308 5581 623
f 2135 2124 3677
f 2868 676 3951
f 4233 2136 4329
f 4546 3063 5537
f 8513 3070 3871
f 4382 2708 1379
f 6245 1083 3824
f 1660 1083 6245
f 2717 2139 3464
f 8742 2139 6190
f 2140 1880 1239
f 3582 3513 604
f 2573 2141 367
f 3548 5470 3721
f 355 4375 6271
f 6271 1555 3432
f 2143 5000 1497
f 2143 5391 5000
f 2144 6133 577
f 2144 577 1735
f 4682 2145 7527
f 6952 6208 553
f 2146 4230 376
f 1307 4034 376
f 3364 2147 1279
f 1802 2863 2778
f 1741 4425 7973
f 7258 7276 8308
f 5213 2149 2595
f 3236 2363 8366
f 7293 2150 7685
f 6660 1229 7297
f 1910 5841 2151
f 1412 1910 6778
f 2152 7043 1941
f 4853 7919 6354
f 3680 2743 2153
f 8502 7113 759
f 6413 6232 2154
f 2164 3627 5460
f 2495 2583 7335
f 5878 6503 2197
f 2156 6541 2148
f 7258 6966 2148
f 2157 2966 8480
f 3627 5654 5460
f 1755 8606 2158
f 8612 4407 4840
f 448 2159 1433
f 3142 1433 7711
f 662 3151 4413
f 5298 1317 3151
f 4688 8235 3044
f 6252 1531 2188
f 4325 780 1817
f 2753 4325 4309
f 2163 6473 8588
f 2163 7637 6473
f 1556 312 2164
f 2164 5460 1556
f 2165 4766 8306
f 8016 6230 6973
f 4192 2363 5179
f 5179 2363 3236
f 173 6752 3742
f 5503 5508 1786
f 6153 2168 4080
f 6082 6938 5454
f 5817 2169 3035
f 1124 4567 3193
f 666 2170 2364
f 2827 2170 666
f 1157 2922 5207
f 4375 5207 3938
f 8413 2172 179
f 2172 2167 179
f 2173 7792 5757
f 7930 2173 5757
f 7828 5830 2174
f 459 3037 3500
f 2183 3467 1002
f 349 8192 3844
f 1918 2176 896
f 4616 5634 4624
f 2177 2099 7442
f 8092 8694 5551
f 730 6460 921
f 3679 4274 5008
f 3920 2179 4166
f 3916 5983 3920
f 6558 2180 180
f 4725 180 5835
f 4699 2796 6373
f 1 2166 2796
f 315 2182 3653
f 8215 2963 315
f 2183 7916 2598
f 4382 1379 6642
f 1273 7595 165
f 165 5001 3283
f 2674 2185 4524
f 4957 6025 930
f 7908 4087 1032
f 984 2915 4092
f 2970 5938 6641
f 5938 3501 6958
f 8235 2161 7661
f 4074 7661 2161
f 2189 1119 1309
f 1119 2192 797
f 1019 1424 2190
f 2844 4189 4257
f 2191 7640 643
f 2959 7414 3049
f 2189 2192 1119
f 5498 7332 6998
f 2193 5276 4437
f 6358 947 3366
f 750 1211 2194
f 333 4796 5814
f 5586 925 2195
f 6313 7414 2959
f 2952 2196 5446
f 914 5379 3845
f 5878 5883 6324
f 5883 6467 8103
f 2198 6729 472
f 6109 6729 2198
f 333 2199 4796
f 2533 7248 3684
f 4836 396 1852
f 6443 2722 3056
f 2201 696 2825
f 4727 4737 6253
f 2202 7451 1047
f 6948 4404 1705
f 2203 452 2190
f 343 5315 6513
f 1942 5524 8095
f 5524 1942 1152
f 8204 2205 2148
f 8794 7133 6255
f 6090 2206 2210
f 4393 1207 1176
f 2207 857 5618
f 3754 1367 2609
f 963 575 4471
f 4873 5527 3832
f 3088 2209 7480
f 5346 7202 4744
f 276 2210 2206
f 1790 5995 5493
f 5953 3603 4479
f 3603 3615 4479
f 5317 2212 12
f 2605 12 5458
f 2213 6486 4381
f 1337 5710 6974
f 5300 2214 1818
f 6981 7866 2214
f 3539 2361 3221
f 6385 7442 3221
f 6287 2213 4381
f 2213 6287 7350
f 2217 579 753
f 579 2222 7587
f 2269 6100 5230
f 2479 2269 5230
f 1334 889 2219
f 3748 5012 5555
f 7094 5246 2220
f 2220 4494 1644
f 4462 5787 2221
f 4507 2221 5787
f 579 2217 2222
f 4607 687 2222
f 2223 8817 1436
f 2223 6323 5662
f 2224 6119 6344
f 345 3831 5879
f 4743 2838 2106
f 4669 4743 2106
f 365 5319 3921
f 4073 7107 6569
f 4469 411 2227
f 411 1266 8345
f 6431 2228 5444
f 5482 7274 4549
f 2229 7770 5685
f 736 8140 2229
f 6321 2230 1210
f 2230 661 1210
f 2231 1858 7088
f 7080 6260 7088
f 8150 6217 2116
f 8473 3733 3795
f 4281 940 6944
f 2642 1629 5355
f 7441 2234 6126
f 5171 1591 7626
f 8372 1788 6001
f 5664 1788 5158
f 3168 994 2236
f 7660 7656 2265
f 5905 7379 124
f 7379 1184 7824
f 3075 2238 8141
f 7859 5153 2238
f 713 7382 5292
f 7375 5946 348
f 650 6075 4712
f 3216 7676 3367
f 460 2241 6010
f 3133 2397 6420
f 1565 2442 2242
f 5800 2242 3124
f 5020 544 5007
f 5007 2518 798
f 2244 3990 4677
f 2972 661 2230
f 2245 2037 4312
f 2245 7071 2336
f 5770 6588 2246
f 7615 6588 6457
f 2247 1828 5132
f 1828 7111 3633
f 6001 10 5304
f 6001 1788 10
f 854 2249 6424
f 4199 6510 5111
f 7836 3235 2250
f 2250 861 8647
f 877 6868 3084
f 1708 4940 3084
f 4394 6726 7103
f 7894 4640 6173
f 152 7482 2253
f 2253 4757 5509
f 6291 1597 5022
f 5447 5187 3011
f 2336 1135 4663
f 6448 5800 3124
f 7615 3326 7228
f 5732 5113 6360
f 8300 1857 5880
f 8300 7593 1857
f 5673 2258 6251
f 7578 5682 1874
f 4261 1068 2259
f 2259 2251 7617
f 6983 6988 641
f 5998 4759 4184
f 1585 1099 4973
f 8262 1099 4136
f 2262 1548 3437
f 2996 1548 2262
f 3284 2263 6938
f 7958 7877 4483
f 176 2264 7920
f 5201 5209 3907
f 806 2265 4460
f 4460 2265 7656
f 8199 2266 4584
f 2726 4798 258
f 2267 3338 8638
f 2267 7309 3338
f 4190 4194 2268
f 3896 573 5433
f 2218 2269 465
f 3865 4635 8251
f 4383 1214 2225
f 7388 3264 8591
f 6627 2271 259
f 4526 4513 5999
f 2272 5380 7159
f 3852 929 6053
f 286 412 2273
f 6710 6704 7315
f 1475 2274 7909
f 7909 4249 2297
f 5771 2275 4556
f 7134 3725 6771
f 5006 5488 2276
f 1257 5006 3110
f 7145 2277 1500
f 3179 7828 2174
f 749 1714 5197
f 5328 6917 2632
f 2841 2580 2279
f 8056 7389 3131
f 2280 8772 749
f 6917 749 5197
f 2281 810 6769
f 810 2281 2289
f 3597 8724 2282
f 3597 2282 2841
f 2283 6296 3100
f 2954 5055 3545
f 7491 4813 6789
f 895 2284 4826
f 6957 2285 601
f 601 2285 2299
f 8496 7167 2286
f 7352 7510 4628
f 589 5118 4059
f 5118 4484 374
f 6135 1219 2845
f 4191 3224 1156
f 5976 3801 6078
f 1663 810 7237
f 5364 1418 2290
f 4651 6189 2290
f 2291 3294 2814
f 1219 6135 2291
f 707 1978 2292
f 4569 3188 4724
f 2293 4520 546
f 3076 6304 6399
f 2294 1431 2508
f 8327 8072 6006
f 5577 2295 4109
f 604 3513 4250
f 4786 376 5981
f 5981 7657 6640
f 8310 2297 7073
f 4249 7073 2297
f 2603 5954 1572
f 4218 3253 1572
f 1240 601 2299
f 1907 1240 8810
f 8035 2300 5507
f 3549 6479 1049
f 2301 1411 6362
f 6052 5037 2951
f 2302 986 8610
f 3638 973 986
f 829 1256 2303
f 1003 2303 1256
f 2304 6957 601
f 2304 1932 6957
f 1333 7644 2305
f 1333 2305 7327
f 7582 2306 1724
f 7705 2306 1153
f 1496 2307 5958
f 4363 5958 4278
f 4015 313 1517
f 4015 1128 313
f 1102 553 2309
f 1151 1102 2309
f 8400 2310 5098
f 2310 7312 5098
f 2311 3550 3714
f 4429 2311 3714
f 6194 2312 6619
f 6302 1753 8592
f 5952 8621 2313
f 7600 2359 2313
f 7596 8064 5801
f 7596 2539 271
f 6121 5655 7331
f 3986 3877 4650
f 2316 751 6847
f 4098 4051 7645
f 1931 6751 2317
f 748 3828 3026
f 6312 1232 6299
f 3721 6299 1232
f 4308 3363 405
f 1686 700 8320
f 3780 5961 1816
f 8332 1816 5961
f 2599 3673 2321
f 3995 441 1071
f 3053 4557 4690
f 2971 6668 4690
f 6786 7757 1358
f 7752 2515 1041
f 1894 6922 820
f 8643 6922 1894
f 319 2325 2647
f 7961 5514 2325
f 2326 2949 6445
f 444 5832 2677
f 2327 2912 344
f 5593 3310 2505
f 4565 1853 2328
f 1024 6200 3980
f 8229 3193 6266
f 6266 3193 3287
f 4600 7347 2521
f 5793 3288 1302
f 80 2331 6607
f 80 79 2331
f 1361 8621 5952
f 8155 8358 8166
f 3124 4666 6448
f 8212 2255 4666
f 7129 2334 6768
f 2798 332 5234
f 2335 4674 6375
f 6275 239 410
f 2245 6403 2037
f 2333 2037 6403
f 1573 2337 6322
f 5763 4238 97
f 6163 2338 3742
f 3472 6658 2338
f 2339 1174 4754
f 5649 1991 1642
f 2340 3878 5334
f 808 330 4939
f 1097 1297 2341
f 1120 4795 5152
f 2342 6868 8003
f 8233 1054 1349
f 1049 6479 2343
f 3921 7810 6219
f 2344 1361 3814
f 3805 1174 4113
f 6926 7195 6160
f 6930 1670 2636
f 2346 1046 802
f 2346 802 3933
f 362 2347 5358
f 6241 3002 821
f 3010 4676 7699
f 851 4697 3676
f 4254 5733 5139
f 5139 5733 3370
f 915 2350 922
f 7796 922 2350
f 7030 7025 7037
f 2345 7047 7050
f 1111 2352 5224
f 1111 1952 6102
f 5831 2353 1656
f 7699 4676 6028
f 3550 2311 2354
f 2050 2354 2331
f 4729 301 3069
f 7599 3323 3350
f 2356 4660 720
f 2790 4160 2123
f 1805 5504 2357
f 8033 7122 7594
f 760 2358 669
f 1514 8602 760
f 3814 1361 5952
f 5019 4754 1174
f 1690 2360 1273
f 4148 2360 1690
f 3539 116 5525
f 116 111 3325
f 2331 2354 2362
f 2311 2362 2354
f 2363 7362 5836
f 1343 6624 5058
f 5388 7345 2364
f 7648 1632 3146
f 1165 2118 2365
f 5504 7122 2357
f 5877 1243 2366
f 2362 552 2366
f 643 1136 2367
f 2191 643 2367
f 1416 531 2368
f 5910 5545 4684
f 2369 5482 4549
f 4839 5473 2369
f 5453 2370 2507
f 5453 7651 6610
f 826 4060 2371
f 6315 4453 5866
f 1794 6129 5988
f 4992 4647 6129
f 4106 2373 1533
f 819 2369 5584
f 3097 1538 2374
f 3005 2374 1538
f 735 1982 2375
f 3771 2698 349
f 2951 5037 2376
f 5171 7626 2234
f 2377 7742 1043
f 8316 3924 7749
f 3713 1536 2378
f 3792 5267 7255
f 2379 1006 5856
f 7270 4279 2085
f 6489 2380 1537
f 2380 6489 4195
f 2381 422 5282
f 3136 699 813
f 3384 2068 5339
f 926 5345 653
f 2383 3478 1447
f 7850 5679 5141
f 4822 4815 2384
f 1647 2384 4815
f 489 1110 2385
f 8049 6576 3543
f 6737 3105 8674
f 5729 4430 4856
f 466 2968 5643
f 5980 1287 4271
f 2388 607 8408
f 5084 4412 4656
f 2389 595 1348
f 1887 595 2389
f 2390 7357 6382
f 3543 6576 7357
f 5171 2391 1591
f 1591 2391 6610
f 2032 6336 2392
f 1260 2103 6764
f 8190 8062 1283
f 3609 8190 1283
f 3872 2394 2759
f 2899 2394 3872
f 2395 755 1309
f 6315 6840 4453
f 3760 5730 7612
f 864 1536 5227
f 1865 2397 460
f 3133 460 2397
f 2398 4530 7831
f 899 3556 2398
f 2651 2399 429
f 2233 5613 2572
f 406 3410 6611
f 1184 3682 7824
f 339 5561 2401
f 6849 339 2401
f 3065 2402 628
f 1193 1366 2402
f 7628 3502 2403
f 4558 7592 7574
f 2908 2404 4537
f 4633 1204 6598
f 556 2405 4840
f 8493 7142 5268
f 921 6460 2406
f 3476 5833 6801
f 5618 2407 2207
f 4295 7271 2207
f 2858 502 2408
f 2577 3479 3729
f 7554 4047 2382
f 1472 866 3600
f 6874 1576 6797
f 1831 6797 4138
f 8193 2411 2033
f 5456 1838 6951
f 2412 3775 71
f 71 70 2412
f 5723 419 295
f 419 5723 5727
f 2519 359 2414
f 4147 8728 8723
f 5420 1323 2415
f 2415 1323 1050
f 1294 847 2416
f 2416 847 1809
f 238 1206 2417
f 5356 7422 2186
f 7663 3164 5798
f 1252 2165 3083
f 8688 8216 5188
f 4741 2162 5177
f 1190 5164 7686
f 3567 6734 5892
f 8365 2421 3636
f 8075 4063 4934
f 2422 5839 5183
f 7586 1407 7046
f 3739 1787 2423
f 3129 6390 2423
f 8526 3055 2424
f 3915 6820 180
f 2425 1075 1272
f 1847 3692 4091
f 3225 3909 2426
f 6419 5755 8632
f 6551 5472 7525
f 6619 7725 5316
f 8188 2332 8658
f 6044 8339 1730
f 4563 7822 2429
f 1117 3545 5055
f 6197 4582 182
f 3400 7322 300
f 1400 2431 1814
f 4851 806 4457
f 2432 7884 1030
f 2284 895 6433
f 4559 710 2433
f 4336 5804 1215
f 2434 1242 6524
f 3905 961 1242
f 3483 3596 7465
f 7413 3483 3876
f 2436 1331 4838
f 6824 7166 6015
f 806 4851 2437
f 806 8090 2243
f 2438 2432 7754
f 4352 3099 6331
f 3780 7180 6702
f 6910 7180 3780
f 2440 239 4256
f 8029 5827 1851
f 2718 7413 4111
f 2771 5721 5254
f 5158 7066 2447
f 8165 5158 2447
f 1342 3305 6074
f 3509 1342 6074
f 6044 1730 4029
f 3352 1822 4029
f 2445 7680 3935
f 5586 1774 925
f 5808 4855 6648
f 8266 1594 4932
f 5445 3517 2447
f 6174 2447 3517
f 5261 5552 1322
f 6762 455 1485
f 594 3919 496
f 4347 5387 4732
f 2450 5263 5285
f 3863 6199 6620
f 8336 2451 2034
f 5213 8371 2149
f 4855 2452 6648
f 6630 2450 5285
f 5095 8084 7439
f 4093 1734 5105
f 7123 2454 766
f 2454 654 7022
f 7466 4208 7572
f 1468 4046 4132
f 2456 1060 5786
f 1060 8478 2317
f 2759 5199 2457
f 639 3965 4974
f 3 5789 2458
f 1727 8632 2458
f 1025 1445 2459
f 4997 5004 7623
f 2460 1089 1144
f 5590 2460 1144
f 515 4700 2461
f 5495 3762 4505
f 2483 4761 2749
f 2181 4761 6915
f 3202 1539 2463
f 1539 2766 6026
f 8134 630 2464
f 1466 8796 4208
f 2465 8263 7127
f 8263 2465 4336
f 4069 1438 2466
f 7680 7285 3935
f 2467 3762 5495
f 4555 6956 8578
f 1920 2468 4473
f 1920 3267 2468
f 4882 1036 1410
f 4252 1036 4882
f 6036 2470 2931
f 1989 2957 938
f 8646 2822 2471
f 524 1438 4069
f 2472 3519 7524
f 7524 8752 2472
f 3723 2473 2469
f 731 5891 2473
f 101 7153 2474
f 3243 4636 5500
f 2475 3650 4277
f 5374 4277 5657
f 2031 2476 6171
f 6171 7881 4830
f 2477 2195 477
f 6959 2477 477
f 2478 396 6712
f 631 396 2478
f 2479 465 2269
f 465 2479 4689
f 4492 2480 4616
f 711 1560 4182
f 5188 4741 5177
f 637 6140 5374
f 7997 5172 2092
f 6958 3501 5337
f 6573 2483 2749
f 4240 6915 3595
f 2563 4210 2484
f 4216 2082 4532
f 2952 5446 2485
f 5446 7724 2485
f 7431 2486 828
f 2486 4884 828
f 2487 1289 5102
f 2717 1289 2487
f 1534 2504 2488
f 6069 3759 8070
f 2489 4443 788
f 6150 537 7329
f 6845 5677 5408
f 456 2671 6205
f 7080 7768 6822
f 7768 7080 288
f 606 3254 2492
f 2492 1877 606
f 2493 2885 7734
f 4348 6535 4629
f 1869 2494 1780
f 1984 2494 1869
f 1220 5053 4421
f 2155 5878 6324
f 2512 2483 6573
f 3590 2496 1842
f 5674 6753 5327
f 5674 5327 5888
f 2498 5206 506
f 879 7641 5923
f 835 1527 2499
f 5822 2719 2504
f 2513 3595 6876
f 5025 2496 3590
f 6897 7303 453
f 6441 5953 5338
f 2497 2502 4090
f 5888 5327 7984
f 2876 5178 1225
f 5178 4845 1225
f 4548 2504 6900
f 2504 4548 2499
f 2505 2039 6522
f 7288 5600 4696
f 2342 5244 93
f 8375 6899 7024
f 7717 3325 2507
f 8588 1220 4421
f 2294 2508 5307
f 4847 6894 8589
f 2509 7950 1055
f 5548 4192 1
f 8476 1999 2510
f 1885 901 7670
f 7281 2023 3588
f 2154 5791 3588
f 2500 2512 6578
f 2513 2500 1479
f 2513 6921 2512
f 2513 2512 2500
f 6547 1893 149
f 1893 8069 813
f 1052 1041 2515
f 2515 5986 1052
f 1299 1887 2516
f 1729 3722 2516
f 2517 482 1535
f 4531 3842 2115
f 5007 544 4912
f 4912 544 693
f 504 2519 5208
f 2519 504 359
f 7527 2145 2520
f 8207 2847 386
f 2219 889 2521
f 2521 7996 7538
f 1451 2522 4130
f 6653 4837 7730
f 2590 8168 8461
f 6232 4499 1330
f 3973 8541 2524
f 8541 4161 2524
f 2525 6654 1347
f 8279 2058 2525
f 2526 6465 4258
f 5748 3353 5297
f 2527 2975 6211
f 6274 1552 770
f 2528 481 2961
f 7657 4799 2556
f 1627 285 2529
f 2929 2529 1485
f 7150 2530 4253
f 5748 5297 5413
f 2531 3753 4209
f 5329 447 3979
f 5407 2532 4084
f 6556 3837 7913
f 6038 7804 333
f 333 3061 6038
f 1285 395 2534
f 1763 5648 3554
f 1684 6798 2535
f 347 3979 6045
f 815 600 2536
f 5391 3632 5063
f 6480 3060 2537
f 873 4282 3871
f 4253 2530 7673
f 4258 6465 5250
f 7125 2314 255
f 256 4360 6875
f 2540 5396 8243
f 2117 2540 8226
f 1044 3268 2541
f 3759 2719 5385
f 2542 2597 1172
f 5100 5514 2537
f 311 815 2543
f 311 2550 600
f 6713 2544 3624
f 2771 8014 5752
f 473 1502 8627
f 486 473 8627
f 4317 1789 4101
f 8175 7204 4705
f 6793 4898 6800
f 1107 3891 2102
f 7406 7416 2548
f 6713 6708 7376
f 2549 804 5536
f 2559 804 8580
f 2550 2543 8048
f 2543 2550 311
f 5244 2551 93
f 2645 2551 5244
f 1847 4091 2706
f 3865 8251 4760
f 541 5051 635
f 4908 5051 541
f 5810 2554 8739
f 2380 3382 5810
f 5926 332 6187
f 7852 332 6359
f 4799 6442 2556
f 2556 6442 6935
f 1921 717 2557
f 3652 717 798
f 3945 828 2558
f 3945 2558 3941
f 1633 3570 2763
f 1633 804 3570
f 2560 4922 1618
f 1618 3942 2560
f 2561 668 1537
f 6841 5806 4930
f 5081 2562 4575
f 3807 4575 2562
f 2563 368 4210
f 6067 368 2563
f 4658 3259 891
f 6237 886 2936
f 3894 7018 7562
f 2812 880 6063
f 2566 1364 8216
f 5719 1694 5350
f 8273 1882 2945
f 8273 5956 1882
f 1985 6057 2568
f 8716 822 6465
f 2569 4924 1482
f 4930 5806 651
f 712 5159 7186
f 5412 1152 5034
f 3790 2548 257
f 4526 5999 5978
f 2399 2572 429
f 3499 4747 4528
f 738 5450 367
f 2097 5450 738
f 3809 2574 164
f 6669 5021 1693
f 4361 2575 644
f 6792 4933 6011
f 1037 2576 8071
f 2275 7134 8458
f 2577 3729 605
f 6646 6522 2039
f 2578 5756 5978
f 8266 4932 7649
f 7840 1639 5110
f 2237 7840 124
f 2847 7967 7977
f 7977 1532 2847
f 5128 2581 1579
f 5128 2090 2581
f 3679 2582 4274
f 1233 4979 3962
f 7249 7335 2583
f 2583 7089 7244
f 2584 1802 3773
f 2584 1295 1802
f 4948 413 2585
f 1950 5669 6651
f 2586 8452 3651
f 2731 523 6122
f 518 1682 2587
f 2587 8410 518
f 2588 1098 8090
f 5457 5020 5031
f 2589 1143 1444
f 1143 7493 7218
f 6992 6064 1947
f 8461 8454 8450
f 670 4027 2591
f 4986 1980 4653
f 2592 3243 2758
f 6727 5948 597
f 4838 1331 6859
f 408 4022 8012
f 1216 2594 1109
f 1109 2594 2713
f 2149 8366 2595
f 2620 2602 964
f 2596 8683 999
f 722 6079 6258
f 1867 2597 1930
f 2597 7087 1172
f 2183 2598 3467
f 4425 1741 3580
f 2599 322 388
f 1239 8443 6984
f 6475 2600 5005
f 6352 2377 1043
f 7235 82 2601
f 3942 4943 78
f 8366 8376 2595
f 4784 2040 4777
f 8024 2603 4771
f 5293 121 6961
f 8672 913 1708
f 6309 913 8672
f 6222 8651 2605
f 6226 2605 2611
f 2509 6851 2606
f 2592 5573 3243
f 2057 7429 8420
f 4693 5084 1106
f 8013 2608 2100
f 3976 4689 1581
f 374 3754 2609
f 2609 2230 6321
f 5623 2610 1489
f 8530 5062 7358
f 2611 4312 6226
f 2245 1635 2919
f 1557 1563 6186
f 4788 6186 1563
f 1951 5269 1994
f 5269 1016 1994
f 3236 2149 3909
f 3236 8366 2149
f 1439 7719 5130
f 791 7719 1439
f 2616 1672 6718
f 7568 6718 1081
f 2617 1094 5678
f 3128 1094 2617
f 8271 2618 2974
f 3046 5638 516
f 6273 6268 2619
f 4880 4887 2912
f 2620 5711 2602
f 4698 1356 8393
f 303 1972 6042
f 6294 3511 3135
f 6113 6195 2622
f 2622 3903 6113
f 1615 2623 2654
f 1615 5228 2623
f 2624 572 2393
f 2212 4800 2627
f 6097 984 4092
f 4506 3062 984
f 709 2226 4345
f 7107 5319 6569
f 4800 2624 2627
f 971 2627 2624
f 2628 7074 3051
f 551 8215 315
f 7636 2629 7234
f 5506 2629 7219
f 871 2630 3576
f 6210 5931 3584
f 6846 6849 5370
f 6849 2401 5370
f 6917 5197 2632
f 5420 2278 3908
f 2731 2633 523
f 6131 6897 6913
f 8058 2634 1306
f 1306 6100 5702
f 982 2635 503
f 2980 4024 3009
f 7195 480 6160
f 480 7182 936
f 5437 2637 4906
f 5056 2637 2677
f 3446 7184 2638
f 6897 2047 7303
f 1166 7042 2639
f 7108 6160 480
f 6356 2640 3787
f 7109 4596 3784
f 363 8459 8470
f 384 7079 5483
f 5355 7002 2642
f 4839 2909 5595
f 3724 4920 2643
f 1261 5588 8806
f 4755 2644 7883
f 909 7270 5465
f 5854 5906 33
f 34 33 2645
f 777 1100 2646
f 2646 497 777
f 8795 2647 2325
f 5112 684 6971
f 6301 213 2648
f 5768 4021 6374
f 2649 7430 3109
f 2630 871 6562
f 2650 671 4190
f 3532 6835 3377
f 3821 4528 8802
f 1858 8802 1026
f 4622 2652 4462
f 4677 661 2972
f 289 2653 6577
f 5466 6920 7323
f 4625 1615 2654
f 5467 4625 2654
f 3348 7355 992
f 1167 992 7355
f 5466 2656 6920
f 1945 6839 5607
f 7183 5104 1076
f 5104 2038 1076
f 6764 8105 918
f 8105 2047 918
f 4353 2659 5418
f 5748 5413 5418
f 679 540 8550
f 2845 5860 5861
f 2661 192 7875
f 2661 1683 171
f 1168 2662 6939
f 7872 4917 1168
f 2663 1986 108
f 2663 108 106
f 6395 293 2664
f 6004 3674 775
f 968 5414 2665
f 7403 2665 5414
f 3674 2666 775
f 8742 4227 2139
f 322 2667 388
f 388 2667 6697
f 7662 4020 4758
f 7565 7544 6647
f 2669 7589 1095
f 4695 1095 1366
f 1260 2670 4535
f 6202 1908 737
f 219 7412 2671
f 7408 2129 5617
f 656 2672 1151
f 1151 3115 1102
f 7480 74 1980
f 2209 74 7480
f 2185 2674 8411
f 8405 7284 5852
f 737 1908 2675
f 7695 1908 6670
f 467 2676 4648
f 676 4648 3672
f 2677 2637 5437
f 444 2677 1296
f 2678 6607 4496
f 2678 5341 5352
f 7450 7556 2679
f 4533 7556 648
f 3141 498 2680
f 2680 498 8724
f 2681 168 171
f 1683 2681 171
f 5493 2682 1790
f 4866 790 4486
f 3847 2683 7416
f 7435 2683 3847
f 2695 1695 2684
f 3230 753 3642
f 4224 3373 2685
f 1746 2685 6411
f 8045 2965 2686
f 2686 7531 5202
f 6138 872 3738
f 3141 1481 498
f 4670 805 672
f 4670 1549 805
f 2689 6251 6057
f 2681 2689 168
f 5578 5604 2690
f 7548 7507 6647
f 6520 2691 1949
f 532 3541 6907
f 2692 678 2687
f 6611 3410 3405
f 5190 2686 5202
f 8303 5190 77
f 8767 2694 1965
f 4597 8767 2655
f 753 579 3342
f 753 3342 3642
f 344 6484 2696
f 3256 403 1376
f 2697 862 1929
f 4422 7130 5491
f 3783 2698 3771
f 3783 1574 2698
f 2699 838 1566
f 3901 6604 5925
f 7170 7032 2700
f 4976 4321 5769
f 1517 2701 4750
f 5624 1517 313
f 7512 4007 5348
f 5348 2435 5393
f 2703 1685 6167
f 2703 6167 732
f 8303 77 2704
f 6527 86 7325
f 2705 3727 6838
f 4031 1613 6440
f 2514 2552 2706
f 4760 5702 6100
f 422 2707 4603
f 656 2707 422
f 2708 2698 8536
f 7694 2137 7690
f 2148 4425 3580
f 4425 2148 2205
f 3678 2710 7314
f 1057 2710 8516
f 7549 4620 7287
f 4620 6580 4614
f 4322 8117 7330
f 5075 4322 7330
f 2713 369 4928
f 4198 369 2713
f 7091 2714 439
f 6741 7054 4508
f 2715 4983 2016
f 146 7758 3900
f 4326 2716 371
f 4326 1811 5568
f 2717 6190 2139
f 2433 1023 4559
f 7384 8487 2435
f 2435 8487 5392
f 1044 2719 5822
f 5385 2719 1044
f 8788 5881 2720
f 5881 2160 2720
f 2721 704 1562
f 704 6860 3802
f 6712 396 4836
f 2200 6856 7470
f 5242 2723 7499
f 6394 2700 7348
f 3593 2724 4036
f 327 2724 1698
f 2725 2744 2336
f 2725 1565 7069
f 5419 4793 4290
f 5419 4290 5929
f 2721 362 4028
f 4028 362 2732
f 3975 2728 1959
f 335 3079 2728
f 3750 2729 5377
f 2729 2374 1058
f 2730 943 4265
f 943 7035 5036
f 5483 3631 384
f 4398 6247 6242
f 1807 2732 1227
f 3681 2732 5358
f 1529 3572 5200
f 5594 3507 5310
f 2734 352 3902
f 6204 6804 3025
f 2739 2735 2625
f 6097 4506 984
f 2411 2736 2033
f 6043 7821 2033
f 2371 8399 2737
f 8399 613 2737
f 8780 1500 2738
f 1500 2277 2738
f 2739 2625 695
f 2016 4983 6892
f 8466 2740 5425
f 3986 5322 8466
f 4317 6462 1789
f 4516 5858 1789
f 6711 1087 858
f 617 1087 8387
f 2153 2743 4005
f 7790 6542 1086
f 2744 1135 2336
f 4065 7069 1565
f 7721 7953 588
f 1203 7721 4516
f 4634 2746 7718
f 2746 4634 3222
f 5821 8153 5486
f 7477 3876 3483
f 5746 338 1733
f 3442 338 3278
f 6573 2749 6422
f 8059 2749 6419
f 6094 2750 6142
f 6475 5005 3311
f 5576 218 202
f 8681 194 6367
f 2752 1713 751
f 6671 5347 3488
f 2753 780 4325
f 780 3482 5765
f 5379 2754 6307
f 2754 2329 6307
f 2500 2755 2496
f 2496 2755 6422
f 2240 2756 149
f 4177 3701 2756
f 5182 474 2757
f 5499 7894 5520
f 7313 2592 2758
f 4038 2758 7735
f 639 2759 3965
f 4199 5111 6176
f 2752 978 2760
f 978 5538 4342
f 8710 951 1924
f 5910 8710 5545
f 2762 6893 1977
f 5168 6748 5474
f 893 6087 2763
f 634 6159 5251
f 4 2764 6297
f 5751 3288 5793
f 2765 6908 5289
f 6230 5294 6973
f 3745 4085 8467
f 3699 5986 2515
f 2767 8128 7238
f 3338 187 5044
f 2768 1257 3110
f 7924 4461 3981
f 2653 2769 6577
f 4509 1442 6662
f 4310 321 1953
f 1798 321 4310
f 1605 2771 5254
f 8014 2771 1605
f 156 6000 4785
f 3001 4746 3418
f 818 3183 2773
f 5080 5864 593
f 3978 7815 5716
f 2077 5734 7815
f 1199 2775 1815
f 8009 4610 408
f 8665 5222 6949
f 8745 663 5564
f 8492 3791 2777
f 432 428 5884
f 2147 5608 2778
f 2147 2778 1279
f 1287 5980 2779
f 3959 3414 7585
f 7962 1904 343
f 5373 5614 343
f 2781 6035 7779
f 6041 3012 533
f 2782 1916 8058
f 6589 2782 690
f 6009 2090 5128
f 6009 6022 2090
f 4990 7454 7581
f 8240 8270 8042
f 6649 4204 2785
f 839 2533 3573
f 2786 3052 520
f 4228 4751 5736
f 2094 2787 1842
f 2787 2094 8426
f 990 1608 2788
f 990 2788 4388
f 2789 2372 1649
f 6362 1411 4504
f 2356 4160 2790
f 2790 2045 2356
f 5847 2791 5639
f 7881 5424 1596
f 4119 7703 1723
f 5577 7011 636
f 2793 1574 3783
f 1574 2793 8124
f 2794 7066 8651
f 2447 7066 5445
f 1394 2795 361
f 5457 2795 544
f 2796 2181 6373
f 2796 2462 2181
f 7581 7454 8190
f 7581 8190 3609
f 3611 7133 4259
f 4259 7133 3985
f 2799 5549 6775
f 2803 4920 5557
f 3812 2800 8407
f 5229 5014 5022
f 2801 5684 1810
f 283 5684 2801
f 4259 2802 3378
f 619 6392 2584
f 5960 962 4010
f 5960 2799 962
f 1303 1570 2804
f 5127 472 2804
f 2805 5936 6237
f 2024 5936 2805
f 8205 2806 8209
f 4131 6191 4142
f 998 1729 2807
f 3553 998 2807
f 2808 4523 6870
f 403 3256 6484
f 4613 2809 1345
f 3734 6150 7890
f 5680 2810 681
f 8548 4840 4407
f 3489 2811 7918
f 6997 8659 3086
f 2812 6063 5336
f 6345 8417 2565
f 2813 8576 2751
f 218 5576 5957
f 1219 2814 5563
f 2291 2814 1219
f 2815 3663 1757
f 3875 6612 4180
f 6689 6773 8419
f 5206 2498 8419
f 4722 3843 1488
f 4722 1488 3918
f 2818 4134 8781
f 2818 1791 3424
f 6289 3532 6583
f 6289 4854 6997
f 7422 2820 2186
f 4087 4092 2915
f 2821 4060 826
f 4446 2559 1104
f 5219 2822 1424
f 5219 2471 2822
f 2823 706 4577
f 4134 6254 8781
f 5901 2824 2156
f 2584 6901 1295
f 2825 4967 2201
f 3057 6586 5073
f 2833 4636 8687
f 8689 4699 2833
f 1372 2900 2827
f 5073 6586 4967
f 2892 105 2828
f 2828 105 3606
f 3176 5762 2809
f 2809 3734 7890
f 360 3553 2830
f 3430 2830 1348
f 2831 5797 8605
f 2616 1521 2831
f 5210 2832 4824
f 2832 5731 2110
f 96 2474 2833
f 96 2833 2962
f 7183 4806 5104
f 7187 4223 1940
f 5014 2835 488
f 5477 4645 3474
f 1817 2836 1503
f 2475 4714 3650
f 4824 1471 8073
f 2832 1471 4824
f 4743 557 2838
f 557 1595 2838
f 8418 2839 1639
f 8110 640 2575
f 6757 1880 8778
f 4342 5538 1880
f 2580 2841 7967
f 8056 3131 2070
f 2842 1794 5988
f 4937 1582 1794
f 7928 7076 1693
f 7922 176 7920
f 2844 2854 7929
f 4866 8711 790
f 1156 6135 2845
f 5156 1156 2845
f 958 436 2846
f 5777 5782 2836
f 2580 2847 8207
f 2580 7967 2847
f 2087 7484 2848
f 5181 4863 931
f 6594 4099 7865
f 4099 6081 7865
f 2850 4280 7164
f 7076 2843 2850
f 1403 2851 4124
f 8439 4130 5864
f 2095 2852 1532
f 315 3653 2095
f 2853 5238 7713
f 2853 5538 5238
f 2854 1684 7929
f 6033 452 4915
f 6636 1395 2855
f 1395 5737 5333
f 5080 593 2856
f 4731 8210 8214
f 2857 944 4388
f 3716 944 2857
f 2858 1495 502
f 3861 6361 3559
f 2859 7606 1944
f 760 2859 1944
f 1850 2860 5566
f 1850 1656 2860
f 2861 7739 3335
f 2861 7214 7739
f 7411 2862 4974
f 4591 7029 6084
f 2863 1279 2778
f 6971 5896 5112
f 581 4828 5561
f 581 5561 339
f 7425 2865 1089
f 2865 1144 1089
f 2866 6208 836
f 4797 7484 2087
f 3953 2867 1616
f 7910 6488 7906
f 2135 5695 7307
f 5610 4469 2227
f 2869 2089 974
f 2869 974 8217
f 7602 3810 6356
f 8052 4452 7778
f 5092 2871 3317
f 2877 4852 1141
f 1626 2872 7561
f 353 6093 6509
f 1491 1042 2873
f 3577 4956 7940
f 5872 5241 7083
f 8072 5386 6006
f 4951 2875 353
f 353 2875 6093
f 2055 4671 2876
f 6477 5680 681
f 8414 2877 1141
f 3854 1585 2261
f 4601 6175 2878
f 6655 6660 7297
f 3252 1553 2879
f 2879 3655 718
f 2880 5364 899
f 3072 7163 5442
f 2636 2881 6930
f 7191 2636 1033
f 2882 4393 1176
f 1176 6802 2882
f 2883 7054 4594
f 6175 4594 2878
f 3495 2884 5436
f 2884 6263 8768
f 2885 5942 3157
f 5259 185 8329
f 6212 2886 2053
f 2886 944 2053
f 2887 4452 8052
f 2539 7596 5801
f 872 6138 2888
f 6147 872 8573
f 2097 738 2889
f 4622 4462 4456
f 7948 771 6572
f 3331 6123 6890
f 2311 2891 2362
f 8125 2891 2311
f 8002 105 2892
f 2248 5304 7365
f 2893 2157 6154
f 7745 2893 284
f 2894 4255 1922
f 391 5675 7026
f 1657 2895 7943
f 517 5778 1657
f 184 7691 2896
f 6086 184 4899
f 2897 8332 5961
f 1908 8332 2897
f 7310 2898 3455
f 1108 3739 7464
f 1235 969 2899
f 4355 7094 5815
f 3179 6609 2900
f 2900 6007 8680
f 2819 2901 1292
f 4194 3896 5433
f 3770 1736 2902
f 4576 8427 1569
f 1561 2903 4344
f 5842 1021 5848
f 7833 3239 6430
f 485 7838 4205
f 5485 8296 2527
f 6985 5427 8281
f 2906 3992 5937
f 8323 1576 4780
f 32 2907 7086
f 4550 5526 73
f 2908 7621 2404
f 4502 2054 4482
f 689 5595 2909
f 6996 7002 5355
f 950 2910 6436
f 6985 8281 5485
f 2911 4251 1269
f 5248 4701 1617
f 4880 2912 1374
f 5593 2912 2327
f 7417 5384 3102
f 689 5047 5595
f 6520 1949 2914
f 8176 2914 7774
f 4087 2915 1032
f 2734 3902 6810
f 638 7949 2916
f 1888 3534 5166
f 8076 6932 5204
f 700 590 4572
f 2918 196 5004
f 196 7764 4672
f 5895 2611 2627
f 2611 5895 1635
f 1668 2822 2920
f 4112 7368 4510
f 2921 2916 3885
f 2921 3885 3239
f 1665 4510 2922
f 3992 5585 5937
f 1573 6322 2923
f 7205 5979 1573
f 4507 1692 2924
f 1692 3548 2924
f 2925 7574 4890
f 3368 1113 8712
f 590 2926 4572
f 2926 8383 2324
f 471 3591 5099
f 6410 471 7190
f 2928 9 7
f 7245 5913 7827
f 2929 1627 2529
f 6747 1627 6882
f 2026 6807 2930
f 6807 6794 2930
f 1342 633 2931
f 2931 633 6036
f 7442 6385 6947
f 6947 3007 1247
f 1262 2933 6338
f 951 2933 1262
f 1803 5459 5563
f 5459 1803 4621
f 2935 6318 1404
f 2935 3509 5625
f 2936 2564 1191
f 2936 8703 2564
f 5843 905 2937
f 5831 2937 3676
f 5184 3111 2938
f 2533 1187 7248
f 1264 2939 5833
f 2939 1264 1556
f 1666 1507 7405
f 6488 1666 7405
f 6292 4128 5135
f 5130 781 5135
f 916 2315 2942
f 6040 3877 2072
f 4083 2280 2943
f 2943 2280 749
f 2980 2944 1855
f 6593 2989 525
f 3836 2945 1408
f 1408 2945 1882
f 2942 2946 274
f 309 274 2946
f 2912 2947 344
f 2947 6484 344
f 1644 2948 423
f 7172 2280 4083
f 4929 444 5596
f 4929 7343 444
f 2950 8501 5803
f 5218 2950 5803
f 6052 2951 2234
f 2951 8139 2234
f 2485 1475 2952
f 1899 7426 4994
f 2953 4366 4371
f 7354 2956 5059
f 5803 8501 1155
f 8501 550 1155
f 687 1413 2955
f 4225 582 2955
f 6733 6716 2956
f 6733 2956 3741
f 2957 2612 2470
f 938 2957 2470
f 2958 8043 418
f 2958 418 3479
f 2959 3049 5990
f 550 2959 5990
f 2960 4220 7972
f 6495 1037 8071
f 1879 5168 5474
f 6618 5480 1879
f 2365 1648 2962
f 96 2962 1648
f 2963 2182 315
f 2963 7524 3519
f 1747 652 2964
f 1747 2964 840
f 5882 5854 3987
f 6550 5882 3987
f 2154 3588 5654
f 796 2154 5654
f 1975 2967 1398
f 1398 7622 3071
f 7471 449 8801
f 1369 4985 3731
f 1853 5435 1750
f 5657 4277 5435
f 2970 6641 7055
f 6234 7795 5932
f 2971 4690 170
f 2574 4288 170
f 5199 2244 2972
f 2972 2244 4677
f 2973 1963 4679
f 668 2561 4498
f 3649 8271 2974
f 7825 2974 7816
f 3939 1492 2975
f 5667 5689 1705
f 3669 887 2976
f 887 6891 2976
f 2977 5279 8051
f 4467 6603 4205
f 325 2978 5652
f 3144 5489 4404
f 2979 5569 1300
f 3466 7519 2325
f 3009 525 2980
f 525 2944 2980
f 2987 2981 762
f 1281 5531 6931
f 3709 2982 373
f 2982 4368 373
f 2983 4614 1619
f 2983 1619 495
f 7522 7502 8696
f 2988 5120 4174
f 6783 2985 8715
f 6783 1117 2985
f 2986 4310 679
f 8550 2986 679
f 7534 7324 6931
f 5531 7534 6931
f 2988 5145 5126
f 5145 4715 5332
f 525 2989 2944
f 6029 5122 733
f 6905 4127 2990
f 1694 378 5940
f 2991 7791 6535
f 300 7316 8432
f 4611 2992 5173
f 2237 4150 4716
f 3491 2993 8437
f 5761 2993 5751
f 1710 2994 2846
f 1710 450 2994
f 7102 1824 2995
f 3956 4579 603
f 2996 2262 7684
f 576 3272 2996
f 8158 2997 5779
f 968 2665 7746
f 1506 5928 2998
f 1468 3849 6889
f 1503 2836 2999
f 2836 5782 2999
f 3000 2680 3620
f 2425 3000 1075
f 6000 4746 3001
f 5517 2772 3001
f 5464 3534 968
f 5464 968 7746
f 769 1703 3003
f 1703 814 3003
f 1480 4048 3004
f 6025 5354 6031
f 3005 1538 1230
f 4316 3418 7664
f 2202 1047 3006
f 3968 3006 1289
f 5917 6986 5974
f 6376 5911 3134
f 3008 6614 1097
f 5825 337 1288
f 982 4491 3009
f 982 3009 4024
f 3010 5545 2348
f 4676 3010 2348
f 2254 5447 3011
f 3892 287 2254
f 1715 3287 3012
f 3012 6041 1715
f 3020 2384 3013
f 1744 3013 420
f 3014 4953 6402
f 4953 3014 3046
f 6750 2448 3015
f 3561 3015 2448
f 3016 1476 6268
f 4998 8170 4862
f 3017 7141 2088
f 4944 6181 4768
f 3014 6402 3018
f 3018 6402 2132
f 6054 1377 3486
f 4027 6054 2591
f 1549 3020 1744
f 1744 3020 3013
f 5799 3021 4871
f 7162 4102 3438
f 3022 1063 4540
f 5381 6720 1253
f 4221 5125 379
f 5125 4850 7601
f 6967 8001 3024
f 5558 5554 8299
f 6942 3983 3025
f 7393 4009 6406
f 2317 8478 3026
f 3026 3828 2317
f 850 5579 3027
f 6659 4222 7669
f 4617 3028 827
f 3785 827 7268
f 3029 4265 5849
f 3029 2703 1689
f 536 7908 8179
f 536 4087 7908
f 1903 7118 271
f 3077 6356 5544
f 3032 3562 3055
f 5187 1209 4121
f 1483 3033 6664
f 5119 926 653
f 3034 8787 4784
f 3034 3039 8787
f 1124 3035 2169
f 7620 7311 1725
f 286 2273 3036
f 4419 863 7128
f 2174 3500 3037
f 6609 6007 2900
f 3038 2656 2084
f 3038 2084 893
f 3039 3797 8792
f 6174 3517 7071
f 1926 3040 1733
f 4400 4669 955
f 3041 3033 1483
f 2666 7536 4497
f 3042 2428 4865
f 5028 2428 8658
f 5567 3043 220
f 220 5330 8363
f 3034 4688 3044
f 8165 6174 3034
f 2884 5497 6263
f 5497 2762 4226
f 2106 4953 3046
f 7926 2106 3046
f 6451 1835 3047
f 2883 8429 4508
f 3890 3048 1206
f 1206 3048 2417
f 3049 761 5990
f 3049 5260 761
f 1979 8603 3050
f 1971 1489 6059
f 6771 3051 7134
f 6771 4874 3051
f 952 4751 4228
f 952 516 4751
f 6136 6145 7992
f 4392 4196 5603
f 5653 7204 7460
f 7204 2546 4705
f 3562 4968 3055
f 3055 1545 3735
f 3056 4405 331
f 3348 3314 3813
f 7490 1914 4608
f 8311 8677 297
f 2678 3058 1987
f 1987 7606 3447
f 3059 1862 1470
f 1138 3059 1470
f 4646 1244 5243
f 5243 1244 5100
f 5185 8624 3061
f 5236 2761 7921
f 426 3062 6476
f 297 6472 8311
f 4152 5537 3063
f 648 8598 4533
f 5828 4540 3064
f 1963 5828 3064
f 1193 2402 6236
f 1193 6236 609
f 4401 6527 6899
f 4401 6585 6519
f 1973 3067 8594
f 6968 697 1477
f 8031 830 3068
f 1340 7925 372
f 1371 3069 4201
f 2880 1414 4311
f 3070 308 3871
f 8025 1898 3816
f 504 5208 3071
f 1834 4756 6139
f 2880 7163 3072
f 1414 2880 3072
f 2679 4518 3073
f 3073 1679 8465
f 5485 3074 8296
f 393 2905 3074
f 7785 3950 6362
f 4378 3086 1582
f 1029 1617 3076
f 1029 3076 7299
f 2870 3077 4440
f 2870 5628 7914
f 3078 8119 1775
f 3397 1574 8124
f 3079 3566 2728
f 3079 3103 416
f 3080 1277 1999
f 2707 5893 4603
f 6910 5505 7180
f 5513 5505 6910
f 4485 2114 3082
f 6335 8293 5846
f 4740 554 5798
f 4740 5798 3164
f 5706 3084 5759
f 3084 6975 5759
f 3085 5627 6081
f 4236 5582 4512
f 3086 3946 7785
f 3086 692 3946
f 4905 3118 3087
f 8448 5846 8293
f 3088 1658 2209
f 1658 3088 6446
f 3089 6148 8647
f 5443 2168 6153
f 5944 3090 4930
f 4370 1782 4459
f 298 3091 8120
f 3806 7868 7006
f 8448 8293 3092
f 2114 4246 5867
f 6561 3093 1520
f 1064 6707 1662
f 1852 5156 7982
f 2200 1852 7982
f 6379 3095 407
f 7987 6144 1781
f 3096 3667 3108
f 872 6147 1321
f 3097 4244 178
f 5124 5239 3718
f 5818 7171 3098
f 3098 6842 5818
f 3102 5384 3099
f 7754 4813 3099
f 8819 2283 3100
f 8496 7796 768
f 1909 3101 2066
f 3101 1909 7942
f 3102 3099 4352
f 4839 4346 2913
f 3103 438 580
f 3079 438 3103
f 3104 2682 6657
f 7610 3104 6657
f 6438 4430 7566
f 2386 2887 8818
f 3106 8418 1639
f 6828 3569 1639
f 3107 4107 7475
f 2113 8617 3107
f 6147 6604 1321
f 1321 6604 3901
f 1592 2649 3109
f 6854 6554 476
f 5010 5006 2276
f 5010 8784 3623
f 2131 3111 5184
f 1801 4159 2131
f 4990 7581 8707
f 5887 971 8707
f 3048 3113 8655
f 2016 3113 3048
f 1638 4416 3114
f 7486 7244 7089
f 2672 3115 1151
f 7801 2279 7148
f 4759 3116 4184
f 529 345 5879
f 3396 1025 3117
f 1025 2459 3117
f 4905 5512 3118
f 4900 8369 3118
f 6758 3119 1918
f 3119 4492 4616
f 3120 2520 3115
f 3120 7527 2520
f 2136 966 3121
f 3799 5665 6024
f 3118 8369 3122
f 3122 3241 3118
f 3123 1703 769
f 4865 2428 4501
f 3124 2242 2037
f 4666 3124 2037
f 7207 4124 3125
f 5963 4578 8544
f 4315 3126 6579
f 8312 4315 8304
f 3127 2493 7734
f 1482 4924 5728
f 1094 3128 6834
f 1590 6754 1927
f 2423 1787 3129
f 6209 6201 3482
f 4187 3907 3130
f 3130 5968 4187
f 3131 2733 2070
f 1529 5200 5310
f 8715 1646 6783
f 8715 1980 1646
f 460 3133 2241
f 1116 5468 6869
f 6986 6993 5974
f 5974 6993 6528
f 3135 303 6042
f 6191 2621 4142
f 699 3136 6203
f 7604 2049 6203
f 7490 3137 1914
f 6591 3546 1914
f 3138 2959 550
f 8501 3138 550
f 198 3139 1216
f 183 6269 7783
f 1655 3140 4163
f 3140 1655 2587
f 3141 2687 5599
f 2692 2687 3141
f 3977 7781 3142
f 3977 7706 7857
f 8258 211 200
f 8258 216 211
f 2775 1199 3144
f 698 2775 3144
f 1873 6032 3145
f 6181 545 4768
f 7648 3146 431
f 431 7989 6612
f 3147 868 1416
f 6821 851 5640
f 3148 5993 6761
f 2933 6298 3148
f 371 4561 3149
f 4402 6677 1988
f 4423 3150 4316
f 5915 7775 6340
f 4413 3151 2160
f 2160 3151 2720
f 538 3152 1917
f 3152 538 3146
f 868 3153 2058
f 3147 3153 868
f 2127 3154 1372
f 2127 5656 3154
f 6342 3155 1593
f 6873 6885 3370
f 3156 3694 4417
f 4762 2058 3153
f 3157 1482 3529
f 3157 1001 4618
f 8138 3158 1469
f 6947 7252 6590
f 8424 6594 7865
f 8209 6594 8424
f 1711 7748 8584
f 7748 1711 7463
f 1995 8714 4805
f 5221 1474 5085
f 440 4586 8091
f 492 8091 4586
f 3062 3163 7156
f 8311 3163 3062
f 1252 4740 4776
f 6285 1252 4776
f 1990 5874 5218
f 6244 5874 1990
f 6105 4776 3170
f 1252 4475 4766
f 5050 4772 3167
f 4772 4472 3167
f 3168 8020 834
f 3162 4012 7876
f 6776 4283 7518
f 3644 6665 5026
f 3170 6928 7879
f 215 1282 7714
f 5899 291 3171
f 3167 4472 3171
f 2233 3172 5613
f 6996 5355 2233
f 3456 684 3173
f 684 2647 3173
f 1544 3174 1541
f 4801 3319 3174
f 3175 8288 8280
f 8280 1550 3869
f 3176 4707 5762
f 4218 1572 2298
f 314 3177 8497
f 6127 3177 314
f 3178 3167 3171
f 3171 291 7692
f 2277 7828 3179
f 3154 5656 3179
f 1524 4186 8451
f 741 3669 4260
f 7704 787 3181
f 973 3181 787
f 6772 2823 3182
f 8725 7663 2418
f 3125 5287 948
f 6839 7226 1501
f 1957 3184 7227
f 7850 3490 4816
f 7166 6824 2436
f 2436 866 7166
f 7924 3981 3186
f 657 7261 898
f 3187 4696 485
f 3719 6919 5788
f 3515 3188 5372
f 1394 4545 3404
f 5857 3189 1731
f 4474 3189 5857
f 1319 3190 3503
f 3190 1319 1961
f 7336 7890 3191
f 7329 7336 3191
f 948 5287 3192
f 948 3192 1945
f 3193 1129 2329
f 1124 3193 2329
f 3194 482 2517
f 8529 2610 5623
f 7829 1339 3195
f 1339 6127 3195
f 237 205 6096
f 6096 205 209
f 3197 1249 519
f 3197 519 2362
f 3462 2323 5580
f 4812 7398 8081
f 8286 3966 3199
f 3443 3199 1255
f 3200 793 7607
f 7601 5645 8499
f 2199 8314 509
f 1821 509 8314
f 3202 2463 4519
f 4812 3198 5580
f 1726 3203 2748
f 6692 4773 6545
f 6980 2828 3606
f 2892 2828 6980
f 4324 339 5290
f 1783 7848 4041
f 3206 1499 5758
f 4002 7147 3206
f 3207 7983 7199
f 503 2635 3291
f 1821 5829 3444
f 8314 5829 1821
f 5157 1608 3209
f 5157 3209 2121
f 8479 3210 4591
f 1694 7931 570
f 1415 3219 3211
f 1767 3306 5784
f 6617 2718 6608
f 1346 3217 5359
f 3213 2121 3209
f 3778 2121 3213
f 3214 4344 7432
f 3883 3214 7432
f 1624 6743 3215
f 3205 7262 1038
f 3216 650 4712
f 2240 8008 5886
f 6608 6563 6617
f 7945 6233 3212
f 655 3218 5366
f 6686 4773 6692
f 6466 865 5687
f 8549 4638 7564
f 1602 3220 3695
f 4972 4982 3252
f 8112 3221 2361
f 6528 5911 8112
f 7224 3222 4634
f 7224 2608 4055
f 1637 5260 8087
f 5260 1637 7640
f 3224 6135 1156
f 5703 2288 4752
f 3225 2749 2614
f 2614 4761 3236
f 3226 7553 5107
f 6466 8373 4638
f 3227 1969 8055
f 4473 1969 3227
f 1056 3228 6559
f 1911 6574 3848
f 700 3229 1467
f 8352 357 6077
f 582 3230 1223
f 1223 3230 2684
f 5562 7826 3793
f 7225 5632 5572
f 611 3232 2121
f 616 2121 3232
f 8507 1145 8598
f 1145 8507 5168
f 1467 3234 1133
f 1467 3229 7030
f 2250 3235 861
f 4476 861 3235
f 3236 3225 2614
f 3225 3236 3909
f 2547 5312 3237
f 5228 492 4586
f 3231 7043 3238
f 7225 5572 5562
f 7838 3239 7833
f 8641 5575 1484
f 3874 8040 615
f 615 679 3874
f 3241 3087 3118
f 3241 6335 5846
f 3242 6546 8234
f 6546 3242 4097
f 4699 729 3243
f 3243 729 4636
f 8583 1739 3244
f 1739 870 3244
f 1013 2432 3245
f 7044 4938 6888
f 1886 1884 3246
f 1884 2869 8217
f 7614 3247 2992
f 8251 1847 2706
f 1294 3248 507
f 507 7642 1428
f 3249 1533 3343
f 3249 4281 1533
f 621 3250 7867
f 6833 3250 7710
f 2335 8611 3251
f 3251 4674 2335
f 3252 4982 1602
f 3252 3704 302
f 789 3253 4218
f 5522 3253 789
f 3254 530 2081
f 3254 2081 2492
f 8441 2357 3
f 3 2458 8441
f 2696 6484 3256
f 8260 2696 8797
f 718 3655 3257
f 1232 718 3257
f 6517 4677 3990
f 2000 6523 3990
f 8703 2930 6794
f 6794 8708 8703
f 1718 5885 3260
f 4267 683 3625
f 3261 6538 4044
f 6538 3547 5675
f 6696 3262 6013
f 5373 1958 5614
f 3263 5850 7586
f 3263 7586 7046
f 4383 3264 1214
f 8499 5645 2270
f 1198 3265 6244
f 6244 3265 5874
f 4604 3266 2046
f 554 6115 4466
f 3267 979 5372
f 2083 979 3267
f 2062 3268 8774
f 6709 1355 3268
f 6022 4521 3269
f 2090 6022 3269
f 5550 1251 3270
f 5488 1251 2427
f 3271 475 5165
f 4323 8769 4646
f 2996 3272 1130
f 3272 2781 1130
f 1800 3524 3273
f 7212 7797 2874
f 6677 3274 1988
f 5564 6382 8745
f 4302 3275 8574
f 1191 7000 2036
f 5713 6749 3276
f 3276 1465 4151
f 5165 475 3277
f 1096 7462 645
f 3278 338 5746
f 2748 3203 5214
f 3279 528 3454
f 7450 3073 7658
f 8245 6371 3280
f 5369 6377 7522
f 1964 277 3281
f 4938 6883 6888
f 6158 1021 5842
f 3276 4151 5713
f 165 3283 2167
f 2167 5503 1786
f 4483 3284 7958
f 3289 945 6290
f 1996 3285 3657
f 3299 6223 6690
f 1383 3286 3905
f 1383 7106 7917
f 4567 3287 3193
f 3012 3287 4567
f 3288 2993 2330
f 1302 3288 7347
f 7813 8398 3289
f 8398 945 3289
f 250 7988 3290
f 5642 256 4436
f 7199 3291 3207
f 5535 1159 3207
f 3467 7973 3292
f 3802 5612 296
f 1064 3078 3293
f 1064 3293 6707
f 3294 1905 2814
f 1834 4753 4756
f 861 7516 3295
f 3289 7570 993
f 2568 3296 1985
f 4543 6251 2258
f 6800 4898 1107
f 7287 4620 6800
f 4583 959 5939
f 6900 108 5476
f 3299 6690 1344
f 7762 3299 4896
f 6644 8050 3518
f 6644 2626 8050
f 3301 1007 7966
f 1205 2459 3301
f 6758 1918 896
f 6758 896 1545
f 6439 3303 446
f 446 3303 6687
f 3304 7403 5414
f 4422 316 7130
f 3305 1342 6080
f 4270 4788 526
f 5687 3211 3219
f 3211 3616 6341
f 3307 8029 1851
f 1851 4133 3307
f 7560 4146 3308
f 1843 1071 7247
f 3309 7966 1007
f 7578 1007 5754
f 2327 3310 5593
f 3310 6012 5575
f 6094 3311 2750
f 2750 8679 884
f 2101 3312 7333
f 543 4376 6925
f 4341 3313 1148
f 4403 1148 3313
f 4750 8348 3314
f 3314 8348 331
f 5989 6414 5984
f 3383 8679 5984
f 3316 673 577
f 6133 3316 577
f 3317 543 6925
f 2871 543 3317
f 467 3318 6674
f 4524 2185 4957
f 1630 2867 3319
f 3316 6133 4792
f 3320 4844 3868
f 4971 6556 7913
f 6025 2124 5354
f 2124 6025 3318
f 5049 5915 6332
f 2469 5049 6332
f 3323 301 4729
f 4534 2355 7333
f 2389 3324 1887
f 1887 3324 2516
f 5525 116 3325
f 3325 7717 6324
f 7317 8128 2767
f 5134 6457 2076
f 542 3327 3408
f 3081 3327 542
f 3328 3279 7229
f 999 6537 1589
f 7591 3329 585
f 585 3329 1441
f 2762 1977 3330
f 1977 7808 3330
f 3331 2890 6123
f 2895 7948 7943
f 8233 1349 5487
f 8305 1349 2032
f 3333 8180 2971
f 4288 2971 170
f 3334 1577 8735
f 1755 4435 8606
f 3335 7739 7923
f 2993 4120 7923
f 3336 375 4972
f 375 3336 2318
f 4736 1806 3337
f 1806 3029 3337
f 3338 8805 187
f 3338 7317 2767
f 3339 1900 4242
f 3122 8369 6639
f 829 3340 3334
f 3340 829 2303
f 4473 3341 1969
f 1092 4569 4380
f 579 2695 3342
f 2695 2684 3342
f 5271 3343 8534
f 8534 3343 1533
f 2315 916 7326
f 916 4498 7613
f 4900 3345 5781
f 1900 7077 4883
f 3899 3346 5140
f 5318 7428 1437
f 3347 6420 4952
f 6394 3347 4952
f 3348 1699 3314
f 5955 5463 3341
f 3349 951 2761
f 2933 951 3349
f 381 3350 3323
f 804 3350 8653
f 3351 2056 953
f 1862 3351 953
f 1730 3352 4029
f 7178 3510 6493
f 3353 6008 7049
f 4353 3353 2659
f 1158 3354 5570
f 3354 4414 5570
f 5791 3355 3588
f 3355 7296 7288
f 432 3356 428
f 428 3356 3240
f 3387 3357 2098
f 6347 3391 3705
f 3358 4907 5099
f 2927 3358 5099
f 4202 3359 5962
f 665 1807 3365
f 3360 8326 3815
f 7024 3360 6407
f 3361 534 3369
f 4021 5768 6301
f 5522 789 1696
f 788 5522 1696
f 700 1467 3363
f 8320 700 4907
f 684 3456 8392
f 3683 1275 764
f 3365 3359 4202
f 7342 1627 6747
f 3366 2193 4700
f 947 2193 3366
f 650 3216 3367
f 8719 6136 7992
f 2925 6318 2935
f 2925 6017 6318
f 3369 4965 3361
f 3369 5774 715
f 3370 6885 7240
f 3370 521 6072
f 3371 4896 728
f 728 947 5542
f 1026 3372 1449
f 1026 8802 3372
f 4224 1082 3373
f 3602 1796 5650
f 7131 2445 3374
f 7131 3374 5644
f 3375 1116 4261
f 1116 8106 5468
f 1954 3376 317
f 5650 7278 1954
f 3377 7795 1154
f 1154 6583 3377
f 619 3378 2802
f 3378 619 3512
f 1736 6706 3379
f 2902 1736 8629
f 3380 5018 7344
f 3380 6819 7987
f 779 399 3381
f 4536 6257 3381
f 5810 3382 2554
f 7453 1311 2554
f 6418 7473 3383
f 6414 3383 5984
f 6169 3384 5339
f 897 3384 6169
f 603 3385 7368
f 3385 603 4579
f 8353 8359 7590
f 6905 2990 5940
f 5616 7157 8572
f 8558 2122 7793
f 3512 6359 3388
f 2798 3388 6359
f 3389 3396 3117
f 5606 3389 196
f 1463 3390 3653
f 4682 7530 1390
f 6347 3387 3391
f 8553 8572 8577
f 3392 8016 658
f 329 5918 5543
f 7824 406 6611
f 7614 4611 2400
f 3632 1179 1848
f 2143 1179 3632
f 3395 3984 8569
f 4229 270 5068
f 3396 3389 5606
f 8523 1173 3396
f 1064 3397 3078
f 3397 8119 3078
f 6843 5327 389
f 389 4131 6843
f 1063 8524 3064
f 4135 393 4374
f 1771 3400 5691
f 4585 1273 6796
f 575 2705 3401
f 3401 7418 575
f 5743 5050 2132
f 6402 5743 2132
f 3403 6420 2397
f 4952 6420 3403
f 3188 3404 4724
f 3515 3404 3188
f 3405 3410 2692
f 3405 7856 3000
f 4399 8791 6050
f 5918 658 5543
f 2509 3407 6851
f 2509 1055 5560
f 8129 1054 3408
f 1054 93 3712
f 3803 3409 1778
f 6030 5072 970
f 3410 678 2692
f 6283 7257 7761
f 6368 6380 6386
f 6701 8569 3440
f 3412 7897 8087
f 5260 3412 8087
f 3413 8432 1040
f 7707 3413 1040
f 2779 3414 1287
f 7339 1287 3414
f 1293 4437 3415
f 2067 3888 3415
f 6214 4304 464
f 1525 6214 464
f 3417 320 7033
f 8261 8257 4301
f 3418 3005 1230
f 6756 1058 3005
f 6240 7004 2780
f 3470 5009 6243
f 1580 976 3420
f 2277 7145 5090
f 8569 3984 5853
f 4717 5529 3411
f 3422 5429 4633
f 1571 8278 7627
f 1086 6542 3423
f 4527 3415 4769
f 3170 2818 3424
f 6928 3170 3424
f 3425 2025 6198
f 3921 6219 1049
f 3470 3426 563
f 563 3426 5774
f 1425 6269 3427
f 6163 7302 1425
f 3428 1100 777
f 3428 4156 1100
f 8738 7333 1327
f 2355 1327 7333
f 3430 1004 360
f 3430 360 2830
f 1607 3431 3942
f 1607 5578 6616
f 3432 355 6271
f 5102 5233 355
f 3820 3433 559
f 7308 7675 559
f 535 6699 1386
f 1137 1386 6699
f 8630 3435 7678
f 877 8003 6868
f 3436 5904 8257
f 1826 7990 8261
f 3437 1548 1967
f 855 3437 1967
f 3438 1860 3021
f 3021 7162 3438
f 3439 1644 4494
f 4349 4678 5441
f 8287 2257 5880
f 3411 5880 4717
f 8554 3441 2697
f 3441 862 2697
f 1308 3442 8315
f 2208 7154 4903
f 6216 3068 320
f 5904 3436 6216
f 3444 5829 8302
f 3444 8302 1312
f 3445 4888 4895
f 2772 5517 4895
f 8608 3446 2638
f 4169 4891 746
f 669 54 3447
f 669 3447 7606
f 3448 1896 3740
f 1422 4599 7096
f 2873 3449 1491
f 3449 4885 1491
f 5002 3450 6760
f 2855 7869 4103
f 3451 8763 1998
f 3451 1483 8763
f 3455 627 7369
f 626 7369 7363
f 8346 3453 3449
f 4911 6566 6683
f 1560 3454 528
f 3763 3454 1560
f 7369 626 3455
f 7310 3455 626
f 3456 292 3917
f 3456 3917 8392
f 6426 3457 8519
f 4390 4744 674
f 3028 987 3458
f 6453 6020 987
f 7369 627 3459
f 627 2065 8736
f 5975 224 3450
f 3808 224 5975
f 836 3461 2866
f 8049 3461 836
f 3462 5580 3198
f 4749 8284 4519
f 2875 4951 3463
f 1919 3463 4951
f 3464 1998 1289
f 3464 6809 1998
f 6463 6444 6454
f 5681 3459 627
f 6717 2979 8077
f 2979 6717 7087
f 7973 3467 1741
f 3467 3580 1741
f 5225 3604 3468
f 5535 1457 6511
f 4615 3469 2052
f 4413 725 3469
f 5964 6243 6240
f 1382 1835 5964
f 5834 1167 3471
f 8662 8678 7286
f 3472 8034 6658
f 7316 7057 1368
f 7993 7203 3473
f 2661 171 7193
f 5477 3474 1612
f 1612 4637 3302
f 394 3475 557
f 394 1417 3475
f 3476 921 2406
f 921 3476 2519
f 8697 3477 6423
f 864 5227 5730
f 1443 3478 2383
f 3261 7687 5747
f 4843 3479 418
f 4843 3729 3479
f 7608 4539 3480
f 4981 1371 376
f 7714 7751 215
f 8268 215 7751
f 2753 3482 780
f 3482 2753 6209
f 2718 6617 3483
f 2718 3483 7413
f 334 3484 716
f 3493 4343 1602
f 8527 5062 8530
f 4179 4886 2343
f 3486 3610 370
f 6353 7822 4563
f 8652 2811 3489
f 3492 8485 5153
f 7312 7880 5098
f 7312 3838 7880
f 4168 2281 3487
f 8485 3492 3487
f 664 4816 3490
f 2055 7266 4671
f 1228 4120 3491
f 1962 7995 7381
f 3487 3492 4168
f 8652 3489 6070
f 8585 8597 3493
f 8585 3493 7056
f 1698 3494 327
f 3494 1698 7314
f 5436 1499 3495
f 1499 3206 3495
f 3496 4167 3961
f 60 4167 5819
f 3217 6233 7489
f 3212 6233 6563
f 6018 908 3498
f 4686 8343 512
f 1586 3499 4528
f 3499 7196 2965
f 5830 3500 2174
f 5825 8542 5830
f 3501 5172 5337
f 6589 690 2482
f 5592 5159 3767
f 2831 8605 3767
f 3503 3190 3772
f 6331 283 5898
f 3504 1412 5057
f 3504 3313 4721
f 3210 8479 6068
f 3210 6068 2249
f 724 3506 3008
f 3506 6614 3008
f 3507 3901 1529
f 5310 3507 1529
f 7277 7682 3508
f 3645 5492 442
f 7766 3509 1404
f 1404 3509 2935
f 3510 3003 6508
f 3510 6508 6493
f 303 3511 1406
f 3135 3511 303
f 5455 3512 5390
f 5455 6359 3512
f 6984 3513 1239
f 3582 1239 3513
f 6163 7179 3514
f 4978 183 8705
f 3515 1394 3404
f 5658 1394 3515
f 3516 5439 726
f 8144 1453 5439
f 7071 3517 2442
f 2442 3517 5445
f 7647 3518 4027
f 7647 3300 3518
f 2963 3519 2182
f 1811 2182 3519
f 5896 3520 6953
f 2598 7916 3520
f 3667 3521 3108
f 273 8300 6439
f 3522 8549 7564
f 5017 1767 4263
f 7671 3523 6710
f 4154 4234 1440
f 8036 1486 3273
f 6387 3095 6379
f 4429 1081 3525
f 3525 1081 6718
f 6078 3801 3526
f 425 6381 7912
f 983 3527 7058
f 3527 983 2837
f 3528 6710 3523
f 3523 5396 4158
f 3127 7734 3529
f 4093 5105 3127
f 4400 955 3530
f 952 4228 7926
f 552 4821 1514
f 4821 8602 1514
f 3532 2819 7726
f 3532 7726 6835
f 3533 7126 7983
f 3533 891 3259
f 3534 5434 5166
f 3534 5464 5434
f 1459 3535 2296
f 3535 4923 4799
f 687 3536 2222
f 3536 687 2955
f 562 3537 2501
f 453 2501 3537
f 1396 3538 885
f 885 3538 5996
f 7442 5571 2215
f 116 7442 7569
f 553 2866 3540
f 553 3540 8032
f 3541 1192 3285
f 7901 5902 3541
f 675 3542 1405
f 3542 832 1405
f 3543 7357 2390
f 2390 4593 8149
f 3544 2698 1574
f 3544 1574 3397
f 6959 477 3545
f 8182 6959 3545
f 3546 1125 1914
f 7162 3021 5799
f 3261 5747 3547
f 6538 3261 3547
f 3548 2141 2924
f 2141 3548 3721
f 3549 5507 6479
f 7100 5601 1112
f 2562 3550 4962
f 2050 3550 2354
f 7440 2271 6627
f 5401 3643 8816
f 1764 774 3552
f 3552 774 4936
f 3553 1773 2830
f 1773 3553 2807
f 5549 3554 5478
f 3554 1285 5478
f 5871 3555 4833
f 2405 8493 5268
f 2398 3556 4530
f 625 1707 7629
f 563 5720 3557
f 8408 607 4605
f 1906 5775 3558
f 819 5584 2373
f 6195 1495 2858
f 2858 5951 6195
f 3560 1241 3322
f 4197 2418 5865
f 455 3015 3561
f 3870 455 3561
f 1209 3562 4121
f 7483 5389 1209
f 1823 3563 306
f 306 3563 1318
f 4621 1381 3564
f 5467 487 4625
f 3565 6338 7770
f 988 6028 4676
f 3566 3079 416
f 1357 3566 416
f 3567 5164 6734
f 2671 7412 6264
f 7485 510 3568
f 2637 5056 510
f 3106 1639 3569
f 2302 3106 3569
f 3570 2559 4446
f 2559 3570 804
f 5131 3571 2294
f 3571 8327 2294
f 336 3572 2960
f 5200 3572 336
f 4204 3573 2785
f 2785 8624 5185
f 7192 1103 2925
f 1897 1103 7192
f 3575 2393 572
f 2393 7454 4990
f 3576 2630 1937
f 3576 1937 2211
f 3577 2873 1042
f 5492 3577 5211
f 3578 8474 1567
f 1333 5727 1567
f 3579 567 2093
f 4078 1002 5205
f 3467 2598 3580
f 2598 7272 7254
f 8487 3581 3596
f 7387 2702 7397
f 3582 2140 1239
f 1268 4339 4668
f 1029 7299 3583
f 3583 7299 8502
f 7583 4479 3615
f 2630 7583 1937
f 1318 5368 3585
f 3585 306 1318
f 564 3586 6934
f 3397 8124 8119
f 7269 5662 6323
f 931 6130 2080
f 5654 3588 6964
f 3588 2023 6964
f 2452 3589 6648
f 2452 7649 3589
f 5025 3590 1479
f 2513 1479 3595
f 2927 5099 3591
f 8456 7038 3982
f 3592 2075 496
f 496 3919 5626
f 328 3593 4036
f 1933 5296 328
f 3594 3576 2211
f 2211 1937 3603
f 3595 1479 3590
f 4240 3595 3590
f 4269 3596 809
f 3596 3581 7392
f 5451 3597 2279
f 3597 2841 2279
f 1704 632 3598
f 5833 4935 632
f 954 5717 7543
f 6666 7543 4707
f 7554 3600 4047
f 2409 6020 6453
f 5361 3581 3601
f 7384 2435 7625
f 3373 1082 3602
f 449 3602 1082
f 5709 2211 3603
f 5709 3603 5953
f 5225 1855 3604
f 6788 4476 7836
f 1502 473 3605
f 3605 1511 1502
f 1212 11 3606
f 3606 8309 1212
f 383 5802 3611
f 383 5921 6689
f 3608 1229 6660
f 385 1229 3614
f 743 937 4477
f 8336 2034 4477
f 1829 5215 417
f 5215 1829 370
f 2334 1020 3611
f 2334 3611 5802
f 1317 3494 3612
f 8678 1317 7286
f 1212 3613 11
f 8185 5317 12
f 3608 3614 1229
f 7293 1840 5630
f 3603 1937 3615
f 1937 7583 3615
f 3616 3211 3306
f 4372 3616 5024
f 3149 1338 3617
f 3617 1338 2372
f 1114 3618 6637
f 5946 4491 982
f 6728 3050 3619
f 5094 5343 5992
f 3620 7604 1075
f 3000 3620 1075
f 675 3621 3542
f 675 4268 3621
f 5602 7576 443
f 6721 6732 7478
f 8784 1610 3623
f 7434 6619 2312
f 7386 3796 3624
f 3624 258 5820
f 4031 5889 1613
f 4031 683 5889
f 4179 3626 7372
f 6721 5196 6732
f 796 5654 3627
f 4214 796 3627
f 2247 3628 1828
f 8195 7103 2247
f 3629 6199 3497
f 3497 5732 3629
f 5749 3947 3630
f 6713 3624 6700
f 6010 3631 5483
f 7655 6242 6010
f 3632 1848 3394
f 3632 3394 5063
f 3633 1645 3448
f 4394 1645 6726
f 3634 976 1580
f 8416 4211 4215
f 3635 8323 4780
f 1492 907 5399
f 3636 2899 392
f 4355 8604 7094
f 3662 3637 1947
f 4499 8799 1330
f 3638 986 8412
f 8412 3569 3638
f 7070 3170 7879
f 4475 1252 6285
f 5410 3640 5801
f 3702 6880 4360
f 1066 1280 3641
f 1280 4296 8187
f 3642 3342 2684
f 2684 3230 3642
f 8816 3643 7649
f 3643 3589 7649
f 7518 4283 7515
f 3169 7515 1315
f 3577 3645 4956
f 703 7485 3568
f 2437 1128 3646
f 1128 2308 3646
f 5750 8237 3647
f 8135 1827 463
f 5783 3868 8683
f 4428 468 2877
f 1245 3649 8267
f 3649 2974 7825
f 1503 2999 3650
f 3650 2999 635
f 2494 8157 1780
f 1780 8157 6210
f 1628 2557 3652
f 2557 717 3652
f 2852 3653 3390
f 2095 3653 2852
f 6061 3654 7855
f 3666 6065 6061
f 2879 1553 3655
f 3655 1553 4067
f 693 5658 3656
f 3661 693 3656
f 3657 5962 598
f 5902 330 3657
f 3658 3507 5594
f 5594 5599 3658
f 3659 7257 6283
f 1830 1925 6848
f 3660 8388 766
f 8388 3660 7049
f 1628 3652 3661
f 1628 3661 3656
f 3662 2523 7359
f 3662 4960 2523
f 1757 3663 6956
f 1268 7753 4339
f 4321 8607 1603
f 7306 1116 5278
f 3665 1854 1417
f 394 6725 1417
f 6286 6065 3666
f 3671 6836 7419
f 3667 273 3521
f 1190 7686 3667
f 3668 3354 1158
f 4354 3354 3668
f 8552 3669 2976
f 3669 1524 4260
f 3674 1391 3670
f 1391 2128 6023
f 3671 6286 6836
f 3671 7264 5091
f 3672 6416 358
f 2676 3672 4648
f 3673 441 3995
f 7101 1161 441
f 293 1391 3674
f 2664 293 3674
f 3675 741 1916
f 3669 741 7007
f 5831 3676 2353
f 2353 3676 4697
f 3677 5695 2135
f 5695 3677 4648
f 2581 3678 1579
f 1579 3678 1698
f 7816 1233 3962
f 1233 7816 2974
f 2153 3025 3680
f 3983 3680 3025
f 2732 3681 1227
f 3681 7342 1227
f 6437 6555 3682
f 3682 406 7824
f 1275 3683 3364
f 2147 3364 3683
f 6038 3684 7804
f 3684 3201 7804
f 3685 2756 1146
f 6501 3858 6075
f 6433 2432 1013
f 2432 6433 7884
f 2759 7301 3687
f 6516 2759 3687
f 3688 4144 7220
f 7213 1926 1733
f 3689 764 2096
f 3689 3683 764
f 1993 785 3690
f 785 2283 3690
f 5305 1401 3691
f 3691 1401 6224
f 3692 3405 2425
f 3692 2425 1272
f 427 3693 2536
f 2536 3693 7116
f 1031 5136 3694
f 5479 1031 7571
f 3493 3695 454
f 7763 454 3998
f 3013 3696 420
f 3696 5378 420
f 8053 7109 7406
f 5749 3630 6700
f 7763 3698 454
f 3698 1886 8171
f 3699 8472 5986
f 3699 6026 5718
f 5729 3700 248
f 5740 8558 248
f 3701 149 2756
f 6896 6547 149
f 5801 6880 5796
f 5796 8818 2887
f 8118 5708 6303
f 2326 6106 2949
f 3252 1602 3704
f 1602 4987 3704
f 2120 3705 5740
f 5134 4088 8017
f 3706 8116 3477
f 478 3706 3558
f 3699 5718 3707
f 3745 3707 2766
f 3708 7858 4206
f 4297 3245 1139
f 3709 1660 2982
f 3709 1083 1660
f 3710 2098 3357
f 3710 6588 5770
f 1621 7941 3711
f 5790 991 2313
f 1054 3712 3408
f 7501 2589 6088
f 1906 5701 6512
f 1021 1906 6512
f 3714 5036 7035
f 757 3714 3550
f 3715 8494 3705
f 3715 2076 8809
f 3716 1804 3778
f 3716 1409 1804
f 3717 3708 1139
f 3717 6257 4536
f 2006 3718 1669
f 5636 4035 164
f 2023 3719 6471
f 756 6471 6678
f 3720 3710 1048
f 3715 8809 6544
f 3721 1232 367
f 2141 3721 367
f 3722 1299 2516
f 998 1299 3722
f 2473 3723 731
f 3723 2046 731
f 3724 3966 8286
f 5557 3724 1763
f 7134 2275 3725
f 6776 5106 4283
f 3726 1519 6342
f 986 5912 3726
f 3727 1613 1148
f 6440 1613 3727
f 3728 1588 2204
f 1152 6858 5524
f 4547 3729 4843
f 4547 4880 3729
f 1843 3730 4109
f 1843 7247 3730
f 466 3731 2968
f 3731 4985 2968
f 6091 1793 7532
f 7532 1793 1831
f 6193 823 2232
f 8062 8436 3795
f 5762 3734 2809
f 5762 5325 3734
f 896 7319 3735
f 2424 3735 7319
f 1307 6024 3736
f 3409 6030 1778
f 375 2318 3737
f 3737 2318 5470
f 2687 3738 5599
f 3658 5599 3738
f 334 6515 7799
f 6515 334 3866
f 3633 3740 1828
f 6317 1828 6581
f 5948 6812 7354
f 6826 6812 5948
f 6146 8034 167
f 6146 167 173
f 7263 7231 1434
f 5579 5574 3027
f 8713 5816 3744
f 5154 7831 4530
f 3745 4064 4085
f 1674 4064 6575
f 2110 3746 3765
f 5731 5204 2110
f 1012 8236 3747
f 6288 1012 3747
f 7214 5380 3748
f 7214 3748 7739
f 4364 4955 3749
f 8668 766 2454
f 754 2729 3750
f 754 4196 4392
f 3751 417 5215
f 3751 8381 417
f 6561 1520 3752
f 1201 5132 4581
f 8544 1801 6784
f 3979 447 8378
f 2407 1367 3754
f 3754 4927 4295
f 3755 4191 396
f 2159 448 4203
f 4904 3756 1541
f 7377 6445 2949
f 2263 3757 1754
f 7737 6943 1206
f 3758 4203 631
f 6449 4868 7823
f 2719 3759 2488
f 6069 2488 3759
f 864 5730 3760
f 8790 3145 7960
f 3761 7104 4082
f 6185 8210 1661
f 2467 8578 3762
f 935 4829 5093
f 1578 1589 6363
f 5710 1578 8623
f 3764 936 7188
f 1355 6709 6715
f 7194 5081 4575
f 7194 3746 946
f 7931 1694 3766
f 1694 5940 3766
f 3767 5159 3502
f 3767 7643 80
f 372 3768 1340
f 372 4775 3768
f 3769 1387 1577
f 3555 3774 5054
f 4576 4571 8400
f 2310 8400 4571
f 3579 735 3771
f 735 2375 3771
f 3503 3772 6331
f 6912 4352 6331
f 3773 1802 7547
f 3773 462 3512
f 3769 3774 1387
f 6319 6297 2764
f 61 8744 5622
f 8766 8744 61
f 975 3776 6565
f 309 5381 1253
f 2105 600 3777
f 7420 3777 1196
f 1804 7740 3778
f 2121 3778 7740
f 3779 4220 2960
f 2960 3572 3779
f 3780 1930 7659
f 3780 7659 5961
f 2412 70 7143
f 70 64 7143
f 3003 814 3782
f 814 788 4443
f 2375 2793 3783
f 3771 2375 3783
f 3784 3787 2640
f 5183 5839 6112
f 7268 1301 3785
f 7339 7075 1287
f 3786 1270 6166
f 4183 1270 3786
f 1090 3787 3784
f 6679 3787 1090
f 6214 1525 3788
f 3788 1525 2631
f 3789 975 6565
f 6013 3262 975
f 5987 4932 6248
f 5254 5721 2571
f 3791 432 5884
f 432 3791 335
f 4157 7260 7255
f 7260 4157 1208
f 1101 3793 1314
f 1314 3793 7820
f 2105 3777 7420
f 5323 427 6461
f 3795 8436 8150
f 8473 3795 1512
f 258 3624 3796
f 6995 258 3796
f 7071 3797 3039
f 3797 7071 2245
f 3798 921 2414
f 359 3798 2414
f 3121 5665 3799
f 5247 5256 1134
f 3800 2008 883
f 883 4294 3800
f 2289 7912 3801
f 3526 3801 7912
f 7513 5612 3802
f 6860 875 3802
f 8446 6936 3803
f 966 5665 3121
f 4423 2006 6818
f 1669 6818 2006
f 8355 2344 7968
f 2344 3814 3931
f 7702 4003 3806
f 5872 7811 702
f 3807 1568 4575
f 6056 461 5461
f 3808 252 4058
f 3808 8512 5780
f 5239 3809 4035
f 5239 6400 3809
f 2271 7440 3847
f 2870 2271 5628
f 4001 3811 1845
f 272 950 8067
f 1169 3812 8407
f 397 7009 7003
f 3314 331 3813
f 331 2655 3813
f 1174 3814 7152
f 3931 3814 1174
f 95 3815 3821
f 95 2704 5760
f 308 8007 7462
f 308 7374 8007
f 7576 5602 7685
f 4338 5425 3884
f 3818 8317 1822
f 939 2444 6568
f 1559 3819 8611
f 7705 1153 3819
f 4853 3820 1675
f 6410 1675 3820
f 95 3821 1858
f 3821 8802 1858
f 7105 3822 3825
f 7677 8256 351
f 474 3823 1422
f 3823 8657 1422
f 953 2056 3824
f 6245 3824 2056
f 3825 3822 1066
f 4845 6963 7528
f 1455 17 3826
f 3826 17 6109
f 4848 685 3827
f 6774 4364 7210
f 1931 3828 484
f 2317 3828 1931
f 4685 6623 3829
f 4954 7851 7860
f 3985 3830 2802
f 2802 6392 619
f 345 2224 3831
f 3831 2224 848
f 1873 7612 4903
f 3760 7612 1873
f 3833 4868 6449
f 3833 6449 6443
f 7866 3834 2214
f 8117 1221 6167
f 23 3835 4359
f 7744 7445 7565
f 1622 3836 763
f 3836 1408 763
f 6556 5407 3837
f 4376 3837 356
f 7787 3838 7312
f 1263 3838 7787
f 5624 313 3839
f 3833 2701 3839
f 4236 4512 3840
f 2786 520 4291
f 8474 3841 1567
f 8474 4415 3841
f 3842 1535 5252
f 4531 1535 3842
f 3843 4722 2532
f 2532 5407 6556
f 3844 1002 4078
f 8192 1002 3844
f 3845 5383 914
f 5776 1365 8038
f 3846 4915 452
f 452 2203 5315
f 7914 5628 3810
f 3810 5628 4207
f 5666 3848 6574
f 775 4227 8742
f 2455 5891 7733
f 7251 358 6416
f 858 3850 7806
f 1441 1149 8421
f 3851 4723 1118
f 3366 8044 6358
f 3852 3265 1198
f 5012 3852 1198
f 1185 3853 6477
f 3853 1185 5763
f 7081 4428 2877
f 7081 2877 8414
f 7428 5318 3855
f 5605 3473 175
f 3856 6951 4745
f 2411 7149 2736
f 3861 3857 6361
f 3857 933 7458
f 7946 3858 5172
f 7946 6075 3858
f 7275 7271 4295
f 2753 4309 1423
f 980 3856 3860
f 5826 6277 7212
f 7654 933 3861
f 3861 933 3857
f 536 3862 6213
f 6224 6213 3862
f 3863 6620 2246
f 7615 7223 5113
f 6197 3864 6816
f 6816 5508 5503
f 3865 2269 2218
f 6100 2269 3865
f 6389 3866 2065
f 2898 3866 6389
f 2267 6360 7236
f 5113 7223 6360
f 3868 468 3648
f 468 3868 4844
f 3175 8280 3882
f 2002 3175 3882
f 728 3870 947
f 2193 947 5276
f 2137 3871 7690
f 7690 3871 319
f 6516 3872 2759
f 5334 3878 1329
f 8660 3873 5061
f 1659 4518 7947
f 3874 2770 3240
f 3874 3240 565
f 6779 7981 3875
f 7981 431 3875
f 3876 242 5486
f 4804 7443 7216
f 2315 6625 2942
f 6625 5655 1756
f 3878 8023 6516
f 3878 5326 8023
f 3879 1464 6325
f 1130 7779 7845
f 1820 2002 3880
f 3882 3880 2002
f 3142 3881 1433
f 6003 4752 1433
f 8280 3869 3882
f 3882 3869 3880
f 3883 1871 3214
f 910 1871 3883
f 3884 7685 2150
f 3884 7576 7685
f 6430 3239 3885
f 6430 3885 2916
f 2639 8754 3886
f 1670 4284 5400
f 1236 219 3887
f 5617 4254 3887
f 3888 2067 1322
f 1322 4422 3888
f 3889 365 5637
f 6569 5319 365
f 169 3890 6943
f 3890 7351 158
f 2547 4362 3891
f 3891 1107 4898
f 3892 2254 3011
f 7591 585 6533
f 6918 2641 7889
f 6918 453 8425
f 3894 8562 7018
f 8562 3894 890
f 3555 7142 3895
f 1546 7449 6570
f 2901 1968 3896
f 2901 3896 1292
f 3564 1381 3897
f 1381 1905 5114
f 1679 3898 8465
f 5634 4182 1091
f 3095 7835 3899
f 407 3095 6144
f 3900 2715 2016
f 3890 3900 2016
f 3901 838 2699
f 2699 1529 3901
f 1032 3902 7886
f 1032 6810 3902
f 3903 3160 4307
f 3160 7748 4742
f 3465 434 3904
f 434 290 3910
f 7328 1428 3905
f 3905 1242 2434
f 3906 5649 8391
f 859 8358 5417
f 7290 7294 3907
f 5875 8349 4187
f 4507 3908 4511
f 3997 4216 1182
f 2426 3909 5755
f 3909 2144 1735
f 434 3910 3904
f 4763 3904 3910
f 859 8380 8166
f 8380 859 5417
f 3912 2068 3384
f 8560 4006 5766
f 5228 3913 2623
f 5228 4586 3913
f 522 3914 8410
f 1697 1353 3914
f 1441 8521 3915
f 404 3055 8526
f 4888 3445 7911
f 7911 3244 870
f 3917 292 1275
f 1275 3364 3917
f 2812 3918 4870
f 2812 5336 8417
f 2449 5626 3919
f 5387 3668 2449
f 1777 3916 3920
f 5724 1777 3924
f 1049 2343 3921
f 3921 2343 4886
f 6697 2134 3922
f 441 1161 3922
f 3923 6539 4113
f 2344 5277 7971
f 7749 3924 3920
f 3924 1777 3920
f 8789 3925 1370
f 2052 3925 3929
f 4713 3001 6813
f 6813 458 4713
f 780 3927 1817
f 3927 2836 1817
f 5753 53 3928
f 8764 4011 913
f 816 5223 3929
f 8789 3929 3925
f 6152 3930 578
f 4694 6909 578
f 1174 3805 3931
f 7971 5277 6539
f 7991 3932 5220
f 7980 7991 3752
f 2346 3933 1015
f 1015 3933 402
f 4559 6765 3934
f 3432 3934 6765
f 1774 3935 6861
f 3935 1774 5586
f 6750 4832 1784
f 2448 6750 1784
f 725 8248 3469
f 2655 8767 8788
f 2142 3938 3486
f 6271 4375 3938
f 3939 2905 688
f 688 2410 4000
f 1664 3940 7796
f 1664 5078 8692
f 3941 1498 402
f 1498 3941 584
f 8167 1607 3942
f 3942 78 2601
f 3227 8055 3943
f 3943 2133 1462
f 6893 6137 3944
f 3045 3944 6137
f 3933 3945 1085
f 1085 3945 3941
f 7859 2238 3075
f 3075 8141 8145
f 5749 2548 3947
f 8650 2548 3790
f 1842 8059 3948
f 1842 3948 2094
f 3949 6992 1947
f 811 6992 3949
f 3946 3950 7785
f 3950 3946 3075
f 3951 2046 3266
f 731 2046 3951
f 3952 5051 1848
f 3952 1848 2969
f 7165 3319 2867
f 3319 7165 3174
f 8325 4657 3954
f 6989 6982 2252
f 741 3955 1916
f 6100 1916 5230
f 2995 4579 3956
f 7652 7872 1168
f 2196 3957 2754
f 3957 1354 2754
f 3958 940 3249
f 3958 5613 940
f 3185 1472 3959
f 987 4617 8054
f 798 3960 8109
f 798 717 3960
f 7197 19 31
f 3961 31 3496
f 7816 3962 8546
f 8546 3962 4489
f 1354 3963 2754
f 3963 1354 4185
f 817 4278 7455
f 817 7177 1601
f 2457 3965 2759
f 2457 2972 3965
f 3199 3966 1255
f 1255 4794 372
f 5906 2645 33
f 2645 5906 2551
f 3968 6969 6948
f 3968 2202 3006
f 2711 4614 3969
f 2003 6225 4614
f 3970 3961 68
f 3928 7437 68
f 6682 8701 3971
f 4517 1195 6682
f 3972 4679 1963
f 7505 1963 3064
f 2112 5546 3973
f 2112 3973 2524
f 3974 1010 1160
f 7781 3977 1160
f 3975 432 335
f 3975 335 2728
f 3976 2579 7008
f 7802 465 3976
f 3974 1160 8234
f 6546 3974 8234
f 7815 3978 2077
f 2077 5402 3547
f 3979 8378 2531
f 6045 3979 2531
f 1005 1024 3980
f 3980 6877 4247
f 3981 2768 4014
f 3981 1257 2768
f 3982 6410 3820
f 3982 2927 6410
f 3983 1620 3680
f 1620 3983 4598
f 270 3984 3395
f 3263 3984 270
f 3985 7020 3830
f 6536 8794 8191
f 3986 908 3877
f 8343 4686 908
f 3987 29 25
f 3987 25 6585
f 1079 1459 3988
f 1079 3993 860
f 1396 885 3989
f 5725 1396 3989
f 3990 8619 4718
f 2244 969 3990
f 3991 6884 4818
f 1184 1614 6437
f 981 3992 1576
f 1576 3992 4780
f 3993 1079 3988
f 5805 3993 5977
f 4066 8132 6872
f 701 6877 3980
f 2321 3673 3995
f 3513 2321 3995
f 3996 2043 1140
f 2043 3996 5377
f 3908 3997 4511
f 2278 3997 3908
f 454 3695 3998
f 3998 3695 2869
f 7338 3999 8396
f 7488 642 5870
f 3939 688 4000
f 3939 4000 1492
f 3811 4001 272
f 5972 272 4001
f 1131 7147 4002
f 6829 1324 1131
f 4003 2216 3806
f 6287 4381 6974
f 6023 2128 4004
f 7121 1122 4004
f 759 2153 4005
f 4005 6739 759
f 831 3458 4006
f 831 4008 7268
f 7512 7539 4007
f 5332 8142 5145
f 4006 8560 4008
f 4006 4008 831
f 4009 794 6406
f 4871 4243 5042
f 1833 722 4010
f 6486 5363 4381
f 5753 3928 4011
f 3928 68 4011
f 8561 3168 7876
f 8561 994 3168
f 7164 6417 6412
f 177 3809 6412
f 1188 4014 1571
f 4014 2768 1571
f 4015 6485 2308
f 4015 2308 1128
f 4016 972 8594
f 6162 972 8531
f 4017 7544 7565
f 7662 5150 4020
f 1761 8136 7862
f 8136 1761 1028
f 5649 1642 4019
f 4501 6825 4996
f 4017 4020 75
f 4017 4758 4020
f 6688 4021 2648
f 4021 6301 2648
f 408 6859 4022
f 770 6863 2593
f 98 8673 4050
f 5521 7780 5528
f 982 4024 2635
f 4024 6308 2635
f 6606 437 6736
f 437 8221 6411
f 2007 2940 4026
f 7400 4026 2940
f 6054 4027 1377
f 5619 7127 1377
f 8292 4028 2727
f 4028 2732 2727
f 2444 8317 3818
f 6937 8317 2444
f 4030 6810 984
f 984 3062 4030
f 3625 4031 6440
f 683 4031 3625
f 4032 7683 6725
f 8595 4850 8591
f 4033 1946 2670
f 1260 4033 2670
f 4034 3736 2146
f 376 4034 2146
f 5239 4035 3718
f 5636 3718 4035
f 4036 2724 327
f 834 8020 6076
f 1688 7015 4037
f 1688 4037 8394
f 7313 2758 4038
f 4630 7313 4038
f 7298 4039 556
f 556 8493 2405
f 4040 7620 1725
f 4185 369 4198
f 8600 923 5290
f 8600 3205 6751
f 1077 7150 4042
f 7150 4543 4042
f 2322 4043 6136
f 1073 5501 5603
f 6538 6426 4044
f 4044 1849 1280
f 2109 4045 1045
f 749 8772 4045
f 4046 7466 4132
f 4885 3453 1466
f 3600 866 4047
f 5097 6831 4047
f 6031 4048 591
f 5354 4048 6031
f 2098 5405 8232
f 6627 1105 7440
f 4050 2629 5506
f 2030 98 4050
f 7713 5238 2316
f 6988 7713 2316
f 1611 881 4052
f 7095 6685 3978
f 2464 4208 4053
f 8796 3453 5371
f 172 162 4054
f 8231 8698 162
f 4055 3222 7224
f 3222 4055 3180
f 3594 4239 4665
f 1074 5162 3954
f 4057 2663 106
f 4081 6631 6384
f 252 1554 4058
f 3043 4058 5324
f 7799 4059 334
f 4059 7799 589
f 2821 8704 4060
f 8704 2923 4060
f 1770 8063 2062
f 2062 6494 2541
f 8532 1358 2456
f 4812 8081 4807
f 4934 4063 5326
f 3636 392 8365
f 1053 4064 5786
f 4064 1053 4085
f 8212 4065 2255
f 4065 8212 7069
f 6872 4072 4066
f 7487 7809 7494
f 1553 1641 4067
f 1641 1284 4067
f 197 191 4068
f 8331 197 4068
f 8381 4069 417
f 4069 8381 524
f 1813 7935 4070
f 1856 1813 4070
f 1358 4071 1051
f 8528 1358 8532
f 5321 1740 4072
f 1740 4066 4072
f 1056 4073 3228
f 4073 8297 1215
f 5920 4074 2161
f 7245 5920 5913
f 5886 4075 1885
f 4075 5282 1885
f 4076 6396 5515
f 7221 1870 4735
f 7557 1170 4077
f 6653 7730 6621
f 4078 3579 3771
f 3579 4078 567
f 6965 4079 5728
f 2554 4079 6965
f 4658 4080 4302
f 4298 1206 238
f 6811 4081 6384
f 7425 6811 4061
f 7104 8537 4082
f 625 3556 5364
f 4355 7176 4334
f 7176 7172 4334
f 682 2108 4084
f 2108 5407 4084
f 6743 1624 4085
f 1624 8472 4085
f 4086 5087 2007
f 6339 2005 1616
f 2186 4087 5133
f 2186 2820 4087
f 4088 3705 8017
f 3715 3705 4088
f 94 7243 4104
f 92 94 4089
f 4090 1427 292
f 3456 4090 292
f 3692 1272 4091
f 8442 2514 4091
f 2820 4092 4087
f 2820 6097 4092
f 4079 4093 5728
f 4093 3127 3529
f 521 4094 3964
f 521 3370 7240
f 4095 6909 4694
f 5785 4095 7874
f 8631 1040 4096
f 4096 8163 8637
f 292 7378 4097
f 292 4097 1275
f 8778 2853 6803
f 6787 6803 2853
f 1421 4512 4099
f 3159 1421 4099
f 6514 1373 4100
f 8631 4096 8637
f 4705 2546 4101
f 458 4101 4713
f 4102 6591 696
f 4727 4272 5502
f 6833 7710 4103
f 2554 1311 6459
f 7243 4108 4104
f 94 4104 4089
f 4100 1373 4105
f 4105 659 4100
f 4106 819 2373
f 1629 819 4106
f 4107 6066 1518
f 1518 1812 5131
f 4108 4089 4104
f 6650 7140 85
f 4109 3730 2792
f 636 7011 7703
f 5417 4110 7222
f 4113 7905 5646
f 2571 2441 5254
f 7211 5808 6635
f 4117 3992 981
f 4117 981 2662
f 4110 7968 4113
f 4110 4113 6837
f 4114 3879 6325
f 6967 1127 8001
f 2872 4115 1104
f 1626 6093 2872
f 7135 1564 4116
f 870 7619 4116
f 4112 4117 4917
f 4117 4112 1665
f 2060 4118 8564
f 6735 4118 2060
f 636 7703 4119
f 4119 1721 636
f 7923 4120 3335
f 4551 3335 6518
f 3562 3032 4121
f 6470 3032 1441
f 5093 4829 4122
f 604 2295 5577
f 8111 4123 2623
f 4541 2623 4123
f 4124 1716 3125
f 4124 2851 8439
f 6802 5640 851
f 8555 851 3676
f 2865 4126 1144
f 1770 4126 2865
f 2990 4127 1067
f 4127 6675 1067
f 5135 4128 1650
f 1650 4128 558
f 4129 6393 739
f 7619 7135 4116
f 4130 6597 1451
f 2851 4130 8439
f 6002 4131 4142
f 6843 4131 6002
f 7733 4132 2455
f 4132 7466 2455
f 4133 2123 3307
f 2790 2123 4133
f 4134 3182 2823
f 7061 2823 4577
f 1063 3732 4135
f 8524 1063 4135
f 3279 8262 4136
f 3279 4136 528
f 756 8051 6471
f 8051 7693 4467
f 4135 4138 393
f 393 4138 688
f 5637 4139 3889
f 6004 2664 3674
f 779 4140 4145
f 779 3381 7173
f 4141 203 4914
f 6481 8805 7238
f 8209 4142 6594
f 2806 4142 8209
f 1680 4143 928
f 4143 1680 4925
f 4144 5965 5360
f 4396 7794 4144
f 7796 4145 812
f 4145 4140 812
f 3308 4146 5581
f 3922 2134 4146
f 4147 1772 8728
f 3649 7825 8267
f 846 807 4148
f 807 4114 5262
f 4076 7160 4149
f 6396 4076 7221
f 5173 2992 4150
f 2992 8422 4150
f 1021 4151 5775
f 3282 4151 1021
f 7556 4152 648
f 648 4152 3063
f 4141 4153 5576
f 6521 5740 7346
f 6710 8347 4455
f 5471 3523 4158
f 295 8798 4155
f 295 4155 4133
f 3428 430 4156
f 430 1542 4156
f 1536 864 4157
f 2378 1536 4157
f 4455 5471 4158
f 5481 8213 4158
f 4159 7323 3111
f 4159 3111 2131
f 4160 720 1273
f 2356 720 4160
f 1901 4161 8541
f 1901 2821 4161
f 1134 5256 4162
f 4162 1307 4172
f 4163 3737 1655
f 4163 375 3737
f 7017 4164 1000
f 8386 4164 945
f 4165 3489 7918
f 2289 4168 4165
f 588 4166 2179
f 5705 588 7953
f 4167 8630 4849
f 4167 63 8630
f 4168 3489 4165
f 3489 4168 6070
f 4891 4169 3375
f 3375 8106 1116
f 4731 593 4170
f 4170 593 8203
f 4578 4171 1801
f 1801 7232 4159
f 4172 1134 4162
f 4172 4546 1134
f 586 4173 1856
f 4173 586 3574
f 4174 1236 2988
f 3280 8642 4174
f 4175 5488 2427
f 7525 5472 7725
f 3907 7891 3130
f 7891 7259 8374
f 3701 4177 1306
f 8058 1306 4177
f 1844 848 4178
f 322 1844 4178
f 4179 7372 3485
f 4886 4179 3485
f 4180 2815 1757
f 4180 1757 4737
f 1236 4174 4181
f 5044 1236 4181
f 4182 2480 711
f 2480 4182 5634
f 4183 715 5774
f 2042 8135 7120
f 2260 8484 1278
f 6787 1278 8484
f 4185 4040 1725
f 1725 3963 4185
f 2650 4190 4186
f 8451 4186 6132
f 1693 4187 5968
f 4187 1693 1717
f 4188 3934 1555
f 7127 7146 1377
f 8154 1019 4257
f 1438 1019 8154
f 4190 2268 1530
f 4190 6132 4186
f 448 3224 4191
f 4203 448 4191
f 8026 6624 4192
f 4192 5560 1055
f 920 4193 8101
f 1371 4193 920
f 1292 3896 4194
f 1292 4194 671
f 4195 6489 997
f 6941 269 7638
f 4789 4196 754
f 714 4196 4789
f 3560 4197 1241
f 3560 8718 4197
f 4198 4040 4185
f 5554 4040 8299
f 7301 4199 6176
f 8786 4199 7301
f 4816 1919 7738
f 7738 1919 4951
f 4201 4311 1414
f 4201 1414 4193
f 665 3365 4202
f 330 665 4202
f 4203 4191 3755
f 3755 631 4203
f 3573 4204 839
f 4902 839 4204
f 7838 7833 4205
f 2904 5923 4205
f 2367 1136 4206
f 3708 4206 7215
f 6282 7406 7109
f 6356 6282 2640
f 2464 630 4208
f 4208 630 4882
f 4209 3753 7907
f 8030 4902 8807
f 4210 3914 2082
f 4216 4210 2082
f 4211 8416 8404
f 4211 8404 8433
f 4842 4212 2031
f 4212 6365 5069
f 4213 1808 4868
f 7944 1808 4213
f 2164 312 6355
f 6355 3627 2164
f 1297 4215 4211
f 1097 4215 1297
f 3997 2484 4216
f 4210 4216 2484
f 3897 4217 1704
f 3897 1381 5114
f 4218 7767 789
f 7767 4218 2298
f 1940 4223 4219
f 4219 571 7038
f 3779 996 4220
f 996 551 4220
f 5566 2860 4221
f 5566 4221 379
f 133 132 8567
f 127 133 8567
f 4223 4385 8253
f 4219 4223 8253
f 4224 2685 1746
f 4001 4224 1746
f 4225 1413 1072
f 4225 2955 1413
f 7308 1515 4226
f 4226 1515 5497
f 4227 2666 4497
f 775 2666 4227
f 7511 7926 4228
f 6545 7511 4228
f 7596 271 5469
f 271 7118 5469
f 6030 7755 4230
f 7755 4981 4230
f 974 375 4231
f 4231 375 4163
f 4871 4232 4243
f 4450 2193 1293
f 1585 4233 4329
f 1585 3854 4233
f 1854 3665 4234
f 1854 4234 4154
f 2976 6891 4235
f 7795 6891 1455
f 520 1245 4236
f 4291 520 4236
f 2325 319 4237
f 4282 4237 319
f 7340 7789 1938
f 7340 1938 5498
f 8639 2757 6994
f 3954 5162 4864
f 2181 4240 6373
f 2181 6915 4240
f 8096 1722 545
f 1722 8096 3203
f 4242 2005 3339
f 8118 8415 5708
f 1293 4527 4243
f 4232 1293 4243
f 745 4244 3097
f 8180 5900 6946
f 4245 5266 897
f 4004 1122 7618
f 8169 4246 2020
f 4252 1039 6950
f 3980 4247 1005
f 6048 7590 8359
f 2716 4248 1973
f 4248 3067 1973
f 7909 7459 4249
f 5837 4249 7459
f 2295 4250 1843
f 604 4250 2295
f 4251 2911 1617
f 1029 4251 1617
f 8169 4252 4246
f 4246 4252 8134
f 5250 4253 4258
f 8716 4253 822
f 4254 5617 2129
f 6976 4933 2129
f 4255 5409 1922
f 6116 709 8593
f 4256 8277 7598
f 1851 5827 1231
f 8130 6033 4257
f 4257 1019 8130
f 4258 4253 2538
f 2526 4258 4552
f 4259 3378 2798
f 3611 4259 2798
f 1524 8451 4260
f 4764 8460 3180
f 568 4891 4261
f 2251 6596 7617
f 4262 3838 1263
f 4262 1263 3663
f 6724 8549 3522
f 6724 3522 1758
f 4264 1487 1707
f 7557 4077 7541
f 3029 1689 4265
f 4265 1689 6125
f 4266 2910 5155
f 4991 770 2593
f 683 4267 8579
f 8586 4267 1310
f 675 505 4268
f 505 4710 4268
f 242 4269 4290
f 3876 7477 242
f 4788 4270 3305
f 4270 1402 3305
f 466 5643 4271
f 4271 324 466
f 4272 5283 5502
f 2461 5495 515
f 4273 5950 963
f 8622 4267 1014
f 2178 4274 4332
f 5008 4274 2178
f 523 8459 8452
f 2586 523 8452
f 571 4219 8253
f 8253 7065 571
f 3650 635 4277
f 4277 635 2969
f 5332 2349 6072
f 2307 6072 5958
f 4279 2379 2085
f 1845 2379 5226
f 4280 2264 188
f 3333 4280 188
f 4281 1629 4106
f 4281 6944 1629
f 4282 2537 4237
f 6480 2537 4282
f 4283 6421 719
f 4283 6665 7515
f 3886 5400 4284
f 7195 6926 6930
f 2104 8613 5551
f 4289 2234 7441
f 242 4290 4286
f 5809 2726 479
f 4287 6698 6844
f 8174 4287 6844
f 3333 2971 4288
f 3333 8285 4280
f 6110 4289 7559
f 7555 4289 4285
f 4290 2726 5809
f 4290 4793 2726
f 4291 4236 3840
f 5366 4291 3840
f 4292 6770 1658
f 3457 674 8519
f 8241 497 2646
f 7015 1688 497
f 4654 1369 4897
f 1369 3731 6914
f 4295 2207 2407
f 3754 4295 2407
f 4296 4292 1584
f 4551 6507 3335
f 4297 3708 7215
f 4297 1139 3708
f 2168 4298 4080
f 4080 4298 238
f 4299 7830 5897
f 672 805 4304
f 4300 1501 634
f 1501 4300 6839
f 3353 7049 4301
f 694 8261 4301
f 238 3275 4302
f 4302 4080 238
f 4303 191 6428
f 6474 6428 4661
f 6092 4304 6214
f 4304 6092 672
f 4305 3103 580
f 2770 4305 580
f 4306 3020 1549
f 2688 4306 1549
f 4315 4307 8304
f 8304 4307 3160
f 4308 405 2319
f 2319 8093 4308
f 7271 1423 4309
f 4309 4741 3859
f 4310 8789 2770
f 3874 4310 2770
f 301 4311 3069
f 3069 4311 4201
f 1635 4312 2611
f 2245 4312 1635
f 1496 3654 5929
f 809 1496 5929
f 856 4314 4983
f 4314 856 8404
f 4315 6579 5795
f 6113 4315 1719
f 6813 3001 4316
f 3001 3418 4316
f 2546 4317 4101
f 5653 1677 7904
f 8755 562 2103
f 2103 8475 8755
f 8032 3540 4319
f 5191 8032 4319
f 6380 4320 500
f 6836 8518 7419
f 5438 4321 1603
f 7032 4321 2700
f 6049 4322 2712
f 4322 5079 2712
f 8657 4646 3271
f 8657 3271 1422
f 923 4324 5290
f 959 8078 5939
f 4325 1817 2162
f 4309 4325 2162
f 8274 4326 1110
f 1110 4326 371
f 529 4327 1775
f 3078 1775 4327
f 4328 5528 87
f 4328 87 92
f 1585 4329 159
f 4152 6180 4554
f 4330 6374 4021
f 6887 4693 1106
f 4331 1294 507
f 7597 931 1294
f 6460 4332 312
f 312 4332 6355
f 2114 4333 3082
f 4333 2114 5867
f 4334 4083 5397
f 4334 7172 4083
f 1041 4335 7752
f 4335 1041 7927
f 4336 6351 8263
f 8297 6351 4336
f 4337 2323 3462
f 7757 6786 7752
f 4338 3884 6128
f 8343 4338 512
f 4668 4339 2140
f 4339 2760 2140
f 6505 38 5651
f 37 38 6505
f 3313 4341 1388
f 1388 4347 4732
f 4342 2760 978
f 2760 4342 2140
f 4343 3493 8597
f 4343 8597 4987
f 5569 2979 4344
f 4344 2903 409
f 5409 4345 2626
f 2626 7107 4073
f 4346 5043 3102
f 4346 3102 2913
f 1613 4354 4341
f 4341 4354 1388
f 1248 4348 2493
f 2493 4348 2885
f 4349 1644 3439
f 1644 4349 2948
f 4350 5226 1350
f 8801 1350 7471
f 4351 7349 7089
f 5672 2953 4371
f 4352 2913 3102
f 6912 2913 4352
f 1480 6334 4048
f 6330 6008 3353
f 4354 4347 1388
f 4354 3668 4347
f 1235 8604 4355
f 4334 1235 4355
f 8586 1310 4356
f 4549 4356 5444
f 682 4357 4534
f 6095 5065 960
f 1497 2109 4358
f 5428 4349 5441
f 6117 4373 39
f 4373 6117 15
f 2314 3702 4360
f 2314 4360 6118
f 1768 7689 4361
f 6740 4361 644
f 3897 1704 4362
f 4362 1704 3891
f 5712 4363 817
f 2312 6302 8592
f 4955 4364 6970
f 7979 7990 1826
f 1516 4365 490
f 4365 7040 1502
f 4366 691 4371
f 6733 7085 691
f 1315 608 4367
f 6194 6302 2312
f 2982 1138 4368
f 1470 4368 1138
f 4369 1328 8775
f 4369 2413 1328
f 7331 6108 3090
f 7331 3090 5944
f 4371 691 1150
f 5672 4371 7349
f 5914 7097 4372
f 4372 7097 3616
f 4823 37 4373
f 37 6505 4373
f 8524 4135 4374
f 539 3399 5427
f 4375 1157 5207
f 2079 1157 4375
f 356 3312 4376
f 3312 6925 4376
f 842 4377 2835
f 7062 4387 7385
f 1968 4378 4937
f 2901 4378 1968
f 6395 902 1832
f 6395 1832 293
f 4380 5955 3341
f 1092 4380 3341
f 6974 4381 1337
f 1337 4381 5363
f 8196 4382 6642
f 8192 2183 1002
f 5360 6143 8338
f 6143 3264 8338
f 7050 7058 5400
f 6077 163 7025
f 590 6867 4385
f 4276 4385 1686
f 7741 219 5035
f 7741 5035 7747
f 4387 7149 294
f 7385 4387 294
f 2857 4388 2027
f 4388 2788 2027
f 4326 4389 1811
f 4389 1463 1811
f 4390 674 3457
f 7026 4390 3457
f 387 6114 8771
f 7633 8771 1375
f 3053 4690 6668
f 2322 3053 6668
f 2206 7897 3412
f 7897 2206 6090
f 5416 4394 6293
f 5416 6173 4640
f 1830 4395 1925
f 5892 6734 6157
f 4396 4144 869
f 2208 5969 869
f 4397 4391 6114
f 6114 1738 4397
f 6999 6242 7655
f 6156 1970 4169
f 5189 1112 4399
f 7208 385 5415
f 7295 4669 4400
f 7295 4400 2748
f 4401 6899 8375
f 3066 5202 7531
f 1110 371 4402
f 371 3149 4402
f 469 4403 3504
f 469 1148 4403
f 1705 4404 325
f 325 4404 2978
f 3056 2722 4405
f 6712 2200 7470
f 234 2044 4406
f 8576 234 4406
f 4407 681 8548
f 681 4407 1185
f 4408 1869 6562
f 5088 1869 4408
f 442 6549 8174
f 8174 6549 4287
f 4410 3520 5896
f 7272 2598 3520
f 185 4411 2115
f 1373 6514 4411
f 607 4656 4412
f 607 5313 3999
f 4615 662 4413
f 3469 4615 4413
f 1319 4414 5745
f 4414 1319 3503
f 1799 3841 4415
f 6261 1799 4415
f 6039 101 5382
f 1163 101 6039
f 2058 4762 4417
f 4417 2525 2058
f 4418 1058 6756
f 5377 2729 1058
f 4742 4419 5699
f 2273 4419 5039
f 4420 1509 5910
f 1416 7031 531
f 7723 4421 7712
f 4421 7723 2507
f 316 4422 3304
f 1322 3304 4422
f 4423 3804 1194
f 4423 7775 3150
f 6694 4424 1974
f 1839 4042 8517
f 7973 4425 2709
f 2709 4425 1562
f 3008 4426 724
f 4795 7170 3008
f 245 4436 2420
f 5642 4436 245
f 6537 3648 4428
f 3648 468 4428
f 2011 2311 4429
f 4429 3525 2011
f 4440 8770 8773
f 7860 7851 8506
f 4431 5739 5247
f 5739 4431 6530
f 4432 104 107
f 102 104 4432
f 4433 555 4441
f 1320 555 4433
f 4434 2563 2484
f 6067 2563 4434
f 4435 3334 3340
f 4435 1577 3334
f 7933 5647 6107
f 4427 6652 6875
f 2067 3415 4437
f 4437 5276 2067
f 8615 833 4438
f 833 7588 4438
f 4439 1866 1542
f 1542 430 4439
f 2870 4440 261
f 4440 8773 8506
f 4433 4441 927
f 927 7263 1434
f 7679 412 4442
f 4442 412 286
f 814 4443 3782
f 537 3782 7329
f 4067 1284 4444
f 4444 1284 4456
f 4445 2073 437
f 317 5693 6815
f 4446 2821 1901
f 4446 8704 2821
f 4447 2236 994
f 4447 994 2711
f 6176 5111 4448
f 808 4448 8812
f 4449 472 2907
f 2198 472 4449
f 4450 4232 1860
f 4232 4450 1293
f 4451 7262 1640
f 6842 4988 1640
f 4440 3077 4452
f 3077 5544 4452
f 2001 4453 2395
f 4453 755 2395
f 4449 32 4454
f 32 7086 5914
f 1440 4455 4154
f 4154 8213 5481
f 4462 2889 4456
f 4456 2889 4444
f 4457 1304 1814
f 4851 4457 1814
f 2073 4458 269
f 6815 5693 2073
f 4370 4459 1017
f 1017 5094 2740
f 7656 1304 4460
f 4457 4460 1304
f 1477 1257 4461
f 3981 4461 1257
f 4462 2097 2889
f 4462 2221 2097
f 4463 2018 4523
f 2018 4463 4876
f 708 1195 8183
f 8757 6016 1195
f 7965 7661 4074
f 7245 7827 7965
f 3266 4466 2868
f 4604 4466 3266
f 4467 2977 8051
f 4467 5212 5286
f 5089 1881 7256
f 5494 5089 5511
f 2135 7307 4469
f 4466 4469 2868
f 4470 2063 4084
f 6651 7151 4946
f 2208 4471 5969
f 4903 5527 2208
f 5894 4772 956
f 5899 956 291
f 4473 1092 3341
f 4473 2468 1092
f 4474 2412 3189
f 3775 2412 4474
f 4766 4475 3639
f 6285 3639 4475
f 4476 733 5195
f 6029 733 4476
f 4477 2034 3609
f 4477 3609 1283
f 3599 1389 4478
f 6548 4929 4478
f 5338 7579 5931
f 5953 7579 5338
f 3557 5870 4480
f 6288 2010 1012
f 844 8671 8676
f 6329 2029 8817
f 4502 4482 1188
f 4014 1188 4482
f 4483 6595 3284
f 6682 5534 8701
f 589 3754 4484
f 5118 589 4484
f 7460 4485 3082
f 7460 3054 4485
f 2682 4486 1790
f 4486 3156 1790
f 782 4487 2061
f 4487 782 6723
f 5398 3280 4488
f 2988 5126 5120
f 4489 1687 6413
f 3962 1687 4489
f 4490 316 968
f 4490 968 3534
f 1114 1981 6742
f 3618 1114 6742
f 4492 711 2480
f 4835 5683 4673
f 8265 6805 5636
f 181 6221 8265
f 4494 587 7551
f 5246 6954 587
f 8721 4495 1709
f 8626 8721 1332
f 6607 2331 4496
f 4496 2331 2362
f 4497 3041 1483
f 4497 1483 3451
f 4498 916 2973
f 4679 4498 2973
f 4499 6232 8028
f 4499 8028 2523
f 4692 4500 1823
f 1823 4500 3563
f 4501 4996 3123
f 769 4501 3123
f 4502 1188 7704
f 7704 7718 4502
f 569 4787 4503
f 4503 1720 569
f 7782 2789 4504
f 6362 4504 2789
f 515 4505 8384
f 5495 4505 515
f 8780 4506 6097
f 2738 4506 8780
f 1323 4507 1050
f 3908 4507 1323
f 1835 6741 4508
f 1835 4508 3047
f 3201 4509 3208
f 3201 3684 4509
f 2171 4510 2920
f 7368 2920 4510
f 4511 1182 1692
f 3997 1182 4511
f 4099 4512 3085
f 4512 5582 3085
f 7435 3847 7440
f 3551 5704 5982
f 1411 4514 4504
f 7936 6052 4289
f 5480 5168 1879
f 1145 5168 5480
f 1789 2741 4516
f 2741 1795 4516
f 6682 3971 4517
f 4517 3971 1162
f 4518 5835 1679
f 1679 3073 4518
f 4812 4519 8272
f 8284 8272 4519
f 3691 6224 4520
f 4520 6224 3862
f 3267 1920 4521
f 6022 3267 4521
f 4522 2777 438
f 8486 438 5589
f 6865 8649 4523
f 4523 2018 6865
f 4524 930 4287
f 4957 930 4524
f 6480 4525 3277
f 3277 4525 5165
f 7424 4513 4526
f 2548 7424 4526
f 3423 4527 4769
f 4243 4527 3423
f 4528 7546 2651
f 4528 4747 7546
f 4529 8066 884
f 3383 4827 884
f 4530 7629 1707
f 1707 5659 4530
f 4531 2517 1535
f 4781 6808 6814
f 4532 5406 2091
f 2091 4216 4532
f 2679 4533 4518
f 4533 2679 7556
f 3323 4534 4357
f 4729 4534 3323
f 8475 2103 4535
f 4535 6202 8475
f 4536 3381 399
f 7352 399 7510
f 4537 6598 5245
f 5245 1519 4537
f 888 744 4538
f 8181 744 1621
f 1371 3480 4539
f 1371 4539 3069
f 7639 1253 3022
f 1399 1253 7639
f 4541 8161 2654
f 4541 2654 2623
f 4542 8547 4782
f 4542 6648 8547
f 2568 4543 3296
f 4543 4253 3296
f 4544 2514 8442
f 8069 1893 6547
f 1478 4545 5031
f 1478 4724 4545
f 4546 4431 1134
f 4431 4546 4554
f 2408 6904 4547
f 6904 6259 4547
f 4548 4583 835
f 2499 4548 835
f 4549 5444 2228
f 5584 4549 2228
f 2907 4550 7086
f 472 4550 2907
f 4296 1584 4551
f 8187 4296 4551
f 7665 4552 4258
f 7668 2530 4552
f 5350 4553 857
f 7411 7029 8786
f 4554 159 6530
f 4554 6530 4431
f 2467 4555 8578
f 4737 7523 6253
f 4556 1037 6495
f 2275 8458 4556
f 6104 5994 2510
f 7670 8476 2510
f 461 7592 4558
f 4558 1557 461
f 1023 2717 4559
f 4559 2717 6765
f 4560 1933 328
f 1933 4560 3960
f 4561 2716 1510
f 4561 4992 1338
f 4562 5930 3904
f 7882 6864 1359
f 4563 6959 8182
f 8182 514 4563
f 7093 846 7327
f 4791 7327 5845
f 2328 1024 4565
f 1024 6172 6675
f 4566 7921 2761
f 951 8710 2761
f 2169 4567 1124
f 3012 4567 2169
f 4568 1166 2639
f 4993 1166 4568
f 2292 5955 4569
f 4569 707 2292
f 4570 555 1320
f 705 4570 1320
f 1569 4571 4576
f 1569 6847 4571
f 4572 2917 6633
f 2917 4572 2926
f 902 7358 4573
f 7391 2610 8529
f 4574 3043 5324
f 3196 3043 4574
f 4575 499 3765
f 4575 6192 499
f 8400 2902 4576
f 4576 2902 4581
f 4577 742 1018
f 4577 1018 7061
f 7951 4171 4578
f 8497 7207 7951
f 1824 6513 4579
f 2995 1824 4579
f 960 4580 5284
f 5065 4580 960
f 1520 4576 4581
f 4581 3752 1520
f 3400 4585 6744
f 7322 3400 6744
f 2504 3298 6900
f 6900 3298 4432
f 4584 5540 8354
f 4767 4774 7264
f 3400 1771 4585
f 4585 4592 647
f 4872 3913 4586
f 4586 440 4872
f 7769 85 7140
f 7090 85 7769
f 6204 4588 2022
f 4588 894 2022
f 1737 4589 1407
f 1915 5967 7653
f 5924 491 4590
f 4590 491 1901
f 2862 8786 7301
f 7411 8786 2862
f 4585 1771 4592
f 1771 5691 4592
f 7269 4593 5662
f 6329 8817 6337
f 512 1061 4594
f 2878 4594 6655
f 6408 4469 4595
f 1266 411 6111
f 7321 4602 1737
f 7321 6112 4602
f 4597 2694 8767
f 4405 6856 4597
f 377 4598 3983
f 377 4608 4598
f 3448 7964 1896
f 1896 7964 1096
f 7347 4600 1302
f 7538 7437 1302
f 4601 2878 2051
f 6911 6908 2765
f 4596 4602 6112
f 4596 5376 4602
f 1999 4603 3080
f 8476 4603 1999
f 554 4604 2418
f 554 4466 4604
f 8408 4605 3557
f 3557 4605 5870
f 6321 4606 2287
f 4606 6321 1210
f 2217 1072 4607
f 4607 2222 2217
f 4608 377 297
f 4608 297 4612
f 3972 1963 4609
f 6411 8221 4609
f 1199 4610 8009
f 6235 4047 6831
f 4611 5173 3393
f 2400 4611 3393
f 4612 7013 3057
f 4612 3057 4608
f 4613 1345 789
f 7767 4613 789
f 2003 4614 841
f 841 4614 2983
f 440 4615 4872
f 4615 440 662
f 1918 4616 4624
f 3119 4616 1918
f 3959 4617 3414
f 3959 8054 4617
f 1482 3157 4618
f 304 1482 4618
f 4619 4830 7881
f 4399 1112 6656
f 994 4620 2711
f 4614 2711 4620
f 5459 4621 487
f 4625 487 4621
f 661 4622 1210
f 661 4677 4622
f 5259 4623 185
f 4623 4411 185
f 1918 4624 2176
f 6862 6558 180
f 4625 3564 1615
f 4621 3564 4625
f 2152 8089 8759
f 2152 3206 5758
f 4622 4627 1210
f 4606 1210 4627
f 7167 4628 2286
f 7858 4628 433
f 4348 4629 5259
f 4623 5259 4629
f 7313 4630 6346
f 8462 6766 1454
f 4631 1084 5805
f 1414 1084 8101
f 813 4632 3136
f 8069 4632 813
f 1204 4633 7959
f 4643 5712 7959
f 7224 4634 973
f 4634 3181 973
f 4635 3865 2218
f 8422 2218 4150
f 2833 5970 4636
f 4636 5970 5500
f 4637 3474 323
f 1612 3474 4637
f 5784 4638 8571
f 6466 4638 865
f 1913 4639 5683
f 8120 7903 298
f 7888 4640 7894
f 5416 4640 7888
f 179 7976 182
f 182 7976 3864
f 4642 928 1625
f 1680 928 4642
f 4633 5429 4643
f 4633 4643 7959
f 6597 4644 1451
f 7730 4644 6621
f 488 2835 4645
f 4377 8617 2835
f 3271 4646 475
f 475 4646 5243
f 6129 4647 5988
f 4647 657 898
f 4648 3677 1872
f 467 4648 1872
f 4649 275 5659
f 1707 4649 5659
f 4650 6625 1756
f 4650 6121 5322
f 4651 2290 1418
f 4651 4726 7599
f 2699 1566 4652
f 4652 1566 4556
f 7202 670 4653
f 4653 670 4986
f 1369 4654 1796
f 4654 7273 1796
f 3575 6272 4655
f 4655 6272 5032
f 4656 607 2388
f 7672 3369 6960
f 8325 8321 4657
f 4657 1074 3954
f 6794 4658 8708
f 4658 4302 8708
f 6196 4659 1606
f 1606 6189 4651
f 8159 1690 1273
f 5353 4148 1690
f 1751 4661 7057
f 3514 4664 1751
f 2012 1541 4662
f 954 2012 5717
f 2333 6403 4663
f 4663 8212 4666
f 4664 6474 4661
f 1751 4664 4661
f 4657 4665 1074
f 1074 4665 8639
f 2037 2333 4666
f 4663 4666 2333
f 395 4667 2534
f 8468 5734 1443
f 4829 4668 3582
f 4668 2140 3582
f 3040 4743 4669
f 7295 3040 4669
f 5897 2688 4670
f 4670 2688 1549
f 7266 3490 4671
f 4671 3490 6827
f 4672 192 5823
f 7696 7395 2681
f 6532 2508 4673
f 4673 5683 6532
f 6543 4674 3251
f 4674 6543 6375
f 6284 4675 1356
f 4675 4784 5711
f 2348 3565 4676
f 988 4676 3565
f 4622 4677 2652
f 3258 2652 4677
f 3439 4678 4349
f 4678 3439 1179
f 668 4498 4679
f 4679 997 6489
f 6298 5993 3148
f 1189 5070 1927
f 4681 2033 7821
f 7380 397 7003
f 7527 7533 4682
f 7530 4682 7533
f 3349 4683 2194
f 4683 750 2194
f 4684 4697 2368
f 2368 531 4684
f 4049 7771 7353
f 4049 7353 8749
f 908 4686 3498
f 4686 7632 3498
f 750 4683 4687
f 4687 1211 750
f 4688 2161 8235
f 4688 8148 6284
f 1581 4689 2608
f 4764 2608 4689
f 5994 6104 4690
f 6104 188 6799
f 3594 4665 4691
f 4665 4657 8321
f 4687 4692 1211
f 1211 4692 1823
f 2057 8420 4693
f 3095 7844 7835
f 578 3930 4694
f 4828 4694 3930
f 4695 609 2669
f 2669 1095 4695
f 8636 2505 4696
f 2505 8641 4696
f 4697 3010 7699
f 4697 4684 3010
f 8727 9 4698
f 5836 7362 8
f 4699 3243 1
f 1 2796 4699
f 4700 1860 5283
f 1860 4700 4450
f 3256 1376 4701
f 4701 1376 2293
f 302 3704 4702
f 302 4702 1641
f 1812 6853 4703
f 1812 4703 5386
f 4704 1593 5609
f 4704 640 8110
f 4705 458 6950
f 4705 4101 458
f 4706 2079 3635
f 2079 4706 1157
f 4707 7767 2298
f 2298 6666 4707
f 1878 5349 4708
f 8138 5382 1878
f 1424 4709 2190
f 2822 6409 1424
f 505 1764 4710
f 3552 4710 1764
f 7325 4711 6527
f 2704 95 4711
f 2240 5886 4712
f 1146 2240 4712
f 4713 1034 3001
f 5858 1034 4713
f 1817 1503 4714
f 4714 1503 3650
f 5145 2988 4715
f 2988 3887 4715
f 4716 7008 2579
f 6828 1639 7840
f 3421 4717 3440
f 5529 4717 3421
f 4718 8619 1235
f 4334 4718 1235
f 5296 1921 4719
f 1921 1712 4719
f 3070 8513 4720
f 7367 4720 1662
f 4721 1412 3504
f 4732 1412 4721
f 3918 2817 4722
f 2817 7151 4722
f 4723 1723 6046
f 4119 1723 4723
f 4724 707 4569
f 707 4724 1478
f 1583 180 4725
f 7078 5344 1583
f 4726 1418 4311
f 4651 1418 4726
f 696 4727 5502
f 696 2201 4727
f 47 4728 965
f 51 965 4728
f 4534 4729 2355
f 7608 8099 4539
f 4730 1894 1883
f 4730 4736 1197
f 4731 4659 2856
f 2856 593 4731
f 4732 594 1412
f 5387 594 4732
f 1940 4733 7187
f 1977 4733 7808
f 2886 758 4734
f 3209 4734 758
f 7221 4735 778
f 778 4735 8318
f 4736 8239 354
f 4730 1883 4736
f 2201 4180 4737
f 4727 2201 4737
f 2615 6777 4738
f 5130 7719 4738
f 4739 8396 5313
f 4745 6951 1838
f 1252 3083 4740
f 3083 6115 4740
f 2419 3859 4741
f 8216 4741 5188
f 6977 5699 840
f 2964 6977 840
f 4743 2225 557
f 3040 2225 4743
f 4744 74 2209
f 6770 4744 2209
f 7843 4739 7503
f 8396 4739 7843
f 4746 156 4418
f 4746 6000 156
f 1759 2572 4747
f 2572 2399 4747
f 4748 1865 2586
f 4748 867 1865
f 2463 4749 4519
f 3699 6498 6026
f 4750 2701 8362
f 4750 8362 8348
f 4751 8271 3052
f 5736 4751 3052
f 3224 4752 2288
f 448 4752 3224
f 4753 1905 3294
f 1905 4753 5114
f 2339 4754 1991
f 7624 2981 1991
f 4755 2387 2644
f 4271 5643 5980
f 4756 4753 3294
f 4877 4756 3294
f 5509 4757 1456
f 1691 1456 7846
f 4758 5622 8744
f 8057 5622 4758
f 529 4759 4327
f 529 3116 4759
f 2706 2552 4760
f 4760 8251 2706
f 2181 2462 4761
f 4761 2462 5179
f 1790 3156 4762
f 3156 4417 4762
f 4763 1714 4562
f 6062 6067 4434
f 4764 4689 2479
f 2479 3955 4764
f 4765 2981 1281
f 8252 1281 814
f 6928 3424 8654
f 6928 8654 8306
f 4767 5540 4774
f 5540 4767 7415
f 803 4768 6823
f 4768 803 4944
f 4769 1929 1086
f 1086 3423 4769
f 3244 4770 714
f 4770 5603 714
f 2987 1276 4771
f 5531 2987 7534
f 6871 2117 8226
f 1059 2117 6871
f 4778 7036 4773
f 4773 7036 6545
f 4584 7264 4774
f 5540 4584 4774
f 8806 5588 4775
f 1781 5140 6311
f 3170 4776 3164
f 3164 4776 4740
f 4777 2595 2602
f 4777 7902 2595
f 4778 1722 7036
f 545 1722 4778
f 4779 1564 5908
f 6000 4779 4785
f 4780 2906 4706
f 4780 3992 2906
f 4781 4100 7985
f 5266 4781 897
f 2098 4782 8547
f 3710 5770 2098
f 4783 878 8385
f 8401 8395 6188
f 2602 5711 4784
f 4784 4777 2602
f 2043 4785 1140
f 5908 4785 4779
f 5981 6640 4786
f 6632 5174 4786
f 4787 4963 919
f 4503 4787 919
f 4788 1011 2612
f 8616 4788 3305
f 4789 754 3750
f 6393 8583 3750
f 5820 258 4941
f 8199 5967 1915
f 7327 4791 1333
f 6955 5727 1333
f 1630 3319 4792
f 6766 3319 1454
f 1915 4790 8199
f 4941 258 4798
f 3966 4794 1255
f 3966 2643 4794
f 2341 4795 1097
f 3008 1097 4795
f 5814 4796 4687
f 4796 509 4687
f 2866 4797 3540
f 2866 3461 4797
f 8094 4798 4793
f 4793 4798 2726
f 481 4799 705
f 2528 4799 481
f 4800 572 2624
f 2212 572 4800
f 4801 7447 84
f 1544 4801 3174
f 4564 4802 7093
f 7845 4802 1130
f 4792 4803 3316
f 7735 5504 3316
f 7216 6684 4804
f 1605 4111 4804
f 7492 6270 4805
f 5221 8073 1474
f 2834 4433 4806
f 4733 2834 7187
f 4062 1674 4807
f 4062 4807 8528
f 891 4808 1147
f 891 3533 7983
f 8352 4809 357
f 5210 4824 357
f 1429 4810 988
f 6492 4810 1429
f 620 1409 4811
f 1385 620 4811
f 3202 4812 4807
f 4519 4812 3202
f 4813 282 6789
f 1030 282 4813
f 4814 4810 6492
f 4814 6492 652
f 405 7171 4815
f 4815 7171 1647
f 7227 7850 4816
f 4816 7738 7227
f 483 4817 3301
f 8317 6937 6044
f 6884 644 4818
f 644 6792 6011
f 6789 282 2284
f 6789 2284 3686
f 836 1390 4820
f 1390 8274 4820
f 552 3531 4821
f 3531 8602 4821
f 4822 405 4815
f 4822 2319 405
f 6165 35 38
f 6149 33 35
f 2837 4824 8073
f 357 4824 2837
f 181 4825 1016
f 1016 4825 1994
f 1030 4826 282
f 282 4826 2284
f 4827 4529 884
f 4529 7473 5163
f 4828 401 932
f 3930 401 4828
f 4829 3582 604
f 4829 604 5577
f 4830 6656 1112
f 1112 5601 4830
f 8353 2990 4831
f 2990 1067 4831
f 2997 7750 4832
f 4832 7750 1784
f 4833 1577 4435
f 4833 5054 1577
f 4834 5809 479
f 8153 7200 479
f 4673 1431 4835
f 6006 4835 8327
f 4836 1852 2200
f 6712 4836 2200
f 4837 8203 1451
f 8203 4837 8210
f 408 4838 6859
f 6831 4838 408
f 4839 2369 2642
f 7002 4839 2642
f 4840 1755 8612
f 2405 1755 4840
f 7475 4107 4841
f 4107 1518 5131
f 4842 881 4212
f 709 6116 5907
f 4843 2408 4547
f 418 2408 4843
f 3320 7913 4844
f 4844 1598 2871
f 5178 3825 4845
f 3825 6963 4845
f 5072 4846 8738
f 2101 6925 3312
f 4637 323 4847
f 7469 4841 5307
f 5648 685 4848
f 4848 8006 1285
f 4849 68 3961
f 4849 3961 4167
f 4850 1747 1088
f 4850 1088 8591
f 2431 1128 4851
f 4851 1814 2431
f 2871 5092 4852
f 4852 4844 2871
f 4853 6404 3820
f 837 4853 4626
f 6289 6583 4854
f 425 7912 4854
f 4855 5808 1594
f 2452 4855 1594
f 5796 3105 4856
f 4856 3105 6737
f 1173 742 4857
f 706 7106 742
f 4858 1286 991
f 3711 7941 991
f 7789 4859 1938
f 7789 8612 4859
f 7034 1435 1494
f 3846 7034 1494
f 4861 5856 4266
f 5465 7270 2085
f 3857 4862 3016
f 3016 4862 8170
f 4863 2848 6130
f 4863 5181 2848
f 6994 5520 4056
f 2252 6982 4056
f 4865 769 3510
f 4865 4501 769
f 3104 4866 2682
f 2682 4866 4486
f 6259 4876 4867
f 4867 4547 6259
f 4868 3839 4213
f 3839 4868 3833
f 1277 5203 8250
f 7567 251 1277
f 880 2812 4870
f 8079 3868 5783
f 4009 4871 794
f 5799 4871 4009
f 4872 2052 5223
f 4872 4615 2052
f 4873 5851 7467
f 6423 5851 4873
f 3051 4874 415
f 415 4874 1251
f 1904 7829 4860
f 7004 7829 1904
f 2018 4876 904
f 6259 904 4876
f 4877 3294 2291
f 2291 2288 4877
f 5708 4878 2009
f 2009 4878 4883
f 1523 4879 849
f 849 4879 7957
f 4547 4867 4880
f 4880 4867 4876
f 4869 6990 7567
f 1277 4869 7567
f 4882 5049 2469
f 4208 4882 2469
f 4883 941 2009
f 4883 5056 941
f 4884 350 584
f 2486 350 4884
f 4046 4885 7466
f 1491 4885 4046
f 4886 7765 6395
f 7765 4886 7759
f 4876 4463 4887
f 4880 4876 4887
f 4888 7911 870
f 870 4116 4888
f 8799 2523 5600
f 4499 2523 8799
f 6017 2925 4890
f 773 1113 5224
f 3446 746 4891
f 568 3446 4891
f 4892 2929 1485
f 5943 1485 455
f 4893 2262 3437
f 4893 5611 2262
f 4889 5600 4894
f 4889 4894 8793
f 4888 1564 4895
f 4895 1564 2772
f 4896 1344 4892
f 3299 1344 4896
f 6906 222 4294
f 4294 7273 6906
f 5312 2547 4898
f 4898 2547 3891
f 2896 4899 184
f 4054 4899 6759
f 7409 4900 1461
f 5512 4911 1461
f 267 4901 1846
f 7933 6638 6978
f 4902 1008 839
f 3753 6781 7907
f 4903 1308 1873
f 7154 1308 4903
f 4904 6445 3756
f 2015 7863 3953
f 5512 4905 4911
f 1363 8448 3092
f 4906 4913 5744
f 5744 6568 4906
f 3363 5099 4907
f 4907 700 3363
f 2119 6383 4908
f 4908 5782 2119
f 6492 4909 652
f 2964 652 4909
f 1476 3016 4910
f 1476 4910 5103
f 4911 1363 6566
f 1363 4911 4905
f 4912 2518 5007
f 4912 3661 2518
f 2637 510 4913
f 2637 4913 4906
f 194 6481 4914
f 7238 4914 6481
f 2854 4915 1684
f 4915 7360 1684
f 3537 562 8041
f 8755 8041 562
f 2662 4917 4117
f 2662 1168 4917
f 4918 7995 1962
f 7528 8483 4039
f 5553 843 4919
f 1065 4919 843
f 8247 2803 8254
f 8247 1261 8806
f 4921 1127 6967
f 6790 1127 4921
f 2019 4922 2629
f 4023 6526 2019
f 1459 1079 4923
f 3535 1459 4923
f 2569 651 4924
f 2554 6965 8739
f 6506 786 7819
f 786 5725 8108
f 1671 7571 4926
f 1671 4926 790
f 3754 589 4927
f 3129 4927 6390
f 2713 4928 6281
f 4928 7909 6281
f 6548 2949 4929
f 2949 6106 4929
f 4930 651 2569
f 5944 4930 2569
f 4738 4931 599
f 8618 599 4931
f 2571 4932 1594
f 5721 4932 2571
f 4254 4933 1078
f 4933 4254 2129
f 7487 4934 7809
f 2340 4934 5326
f 632 4935 3598
f 3598 4935 4947
f 4936 853 3552
f 4936 1752 853
f 4937 1794 2842
f 1968 4937 2842
f 4938 1013 3245
f 4297 4938 3245
f 4939 2340 808
f 4934 2340 7809
f 4940 877 3084
f 76 7678 4940
f 4941 8094 5820
f 4941 4798 8094
f 3050 4942 3619
f 6059 5062 5663
f 4943 4328 78
f 4328 8402 5528
f 4944 3017 6599
f 4944 803 3017
f 823 4945 1795
f 823 4372 4945
f 4946 1950 6651
f 1493 6890 4946
f 3598 4947 2102
f 6903 2102 4947
f 4948 2585 1950
f 4946 4948 1950
f 3218 4949 5736
f 6686 4949 3218
f 4950 240 7098
f 4950 6254 5807
f 771 4951 353
f 4958 4951 771
f 4952 3403 2723
f 4952 2723 5242
f 4953 2838 1595
f 2838 4953 2106
f 3829 6623 4954
f 7793 3829 7788
f 4955 3660 766
f 8668 4955 766
f 703 4956 7485
f 1748 4956 7409
f 3318 6025 4957
f 3318 4957 2185
f 4958 771 2895
f 5778 2895 1657
f 4959 6201 1108
f 6370 1108 7464
f 4960 8168 6646
f 4960 8461 8168
f 7444 1795 4961
f 4961 7904 7444
f 2050 6703 3550
f 6703 2050 461
f 7246 4963 5776
f 4963 7246 919
f 2927 4964 7065
f 3982 4964 2927
f 715 4965 3369
f 715 6166 7878
f 5844 6886 4966
f 5839 2422 5850
f 6779 3875 4967
f 6586 6779 4967
f 4968 3302 1545
f 1545 3055 4968
f 7792 4969 5757
f 1163 6039 4969
f 5949 620 1385
f 5949 1385 2064
f 4971 7913 3320
f 1488 4971 3320
f 2089 4982 4972
f 2089 4972 375
f 4973 2261 1585
f 2261 8262 3279
f 8656 2407 4974
f 4974 3965 8656
f 4975 616 2064
f 4975 2064 1385
f 5769 7139 4976
f 614 8039 4976
f 4977 2074 3543
f 8149 3543 2390
f 4664 3514 4978
f 7179 4978 3514
f 5638 612 4979
f 4979 612 5041
f 214 201 4980
f 7341 4984 201
f 3480 1371 4981
f 4981 7755 3480
f 1602 4982 3220
f 3220 4982 2089
f 4983 2739 695
f 4314 2739 4983
f 4984 8223 4980
f 201 4984 4980
f 4985 3602 449
f 4985 449 2968
f 2591 3019 4986
f 670 2591 4986
f 4987 1785 4702
f 8597 1785 4987
f 1640 8762 4451
f 4451 8762 3026
f 4105 4989 659
f 4989 3912 659
f 971 2393 4990
f 8707 971 4990
f 4991 4266 770
f 4861 4266 4991
f 4992 4561 6162
f 4992 6162 4647
f 1166 4993 1133
f 4999 1133 4993
f 7426 1475 4994
f 4994 1475 7909
f 4542 4995 6648
f 2246 6620 4542
f 6825 1642 4996
f 1642 4765 6450
f 4997 5673 8685
f 8685 2918 4997
f 7584 4998 7939
f 7458 5003 8189
f 748 4999 4993
f 4999 748 6531
f 427 5000 5391
f 5323 5000 427
f 165 7595 5001
f 2713 6229 2184
f 5975 5016 3808
f 5016 5002 4641
f 713 8189 5003
f 5003 8276 713
f 3117 5004 3389
f 5004 3117 7623
f 5017 5005 6352
f 5017 4263 5984
f 3270 5006 697
f 5006 1257 697
f 8109 5007 798
f 8109 5020 5007
f 5275 5008 730
f 2178 730 5008
f 5009 1654 6243
f 1654 5009 4480
f 3110 5006 5010
f 380 3110 5010
f 5011 1316 4502
f 1316 5011 6628
f 1334 5012 1198
f 5012 1334 2219
f 4641 8783 5013
f 3460 4641 5013
f 2800 2835 5014
f 2800 5014 5229
f 5015 5030 6643
f 7747 5035 4386
f 3460 8512 5016
f 3460 5016 4641
f 1043 7742 5017
f 6352 1043 5017
f 8247 5018 1261
f 5018 3380 1261
f 1809 5019 7152
f 5019 1174 7152
f 2588 5020 1098
f 8109 1098 5020
f 2574 170 5021
f 2574 5021 6669
f 6291 5022 5447
f 5022 5014 7937
f 5174 6929 5726
f 6632 6929 5174
f 3306 5024 3616
f 3306 1767 5024
f 2496 5025 2500
f 1479 2500 5025
f 6665 1875 5026
f 5026 1875 1753
f 1952 5027 5034
f 5027 1111 8114
f 2332 5028 8658
f 8358 8155 8621
f 5029 4137 6471
f 7847 4137 5029
f 5030 194 6643
f 5030 6481 194
f 1478 5031 2588
f 5031 5020 2588
f 5032 69 823
f 8259 69 5032
f 7318 5033 2301
f 5037 5375 2376
f 5034 5027 6037
f 2570 5412 5034
f 8098 4386 5035
f 5044 5030 5859
f 5036 3714 757
f 7253 5036 757
f 5037 6052 2301
f 2301 5033 5037
f 5038 418 1825
f 5038 2408 418
f 7667 3036 2273
f 7315 7671 6710
f 4959 6370 1265
f 6370 4959 1108
f 612 2111 5041
f 5041 2111 811
f 794 5042 6542
f 794 4871 5042
f 1139 7404 5043
f 5043 7404 3102
f 7291 5855 5035
f 5035 219 7291
f 2898 5045 3866
f 5040 7464 2898
f 2111 5046 811
f 5046 1820 811
f 1139 5043 8684
f 4346 8684 5043
f 1137 6699 5048
f 5255 1137 5048
f 5049 4882 1410
f 1410 5915 5049
f 5050 5743 1059
f 5050 1059 4772
f 2553 3394 5051
f 4908 2553 5051
f 5052 7279 1984
f 5192 7279 5052
f 5053 1313 2495
f 7712 2495 7335
f 5054 3774 3769
f 5054 3769 1577
f 5055 2954 2950
f 784 5055 2950
f 3568 5056 4883
f 510 5056 3568
f 1412 6778 5057
f 793 6782 2151
f 8545 5697 7634
f 8015 4192 1055
f 5672 5059 2953
f 2956 6716 5059
f 793 5060 6782
f 1175 5060 793
f 131 5490 126
f 5490 131 8660
f 1489 2610 5062
f 5062 6059 1489
f 5063 6383 7116
f 7116 3693 5063
f 2061 1761 7862
f 2061 7862 782
f 682 5065 6095
f 682 4084 5065
f 4585 647 5066
f 5066 647 3307
f 905 5067 1290
f 5067 2801 1290
f 6695 5068 270
f 4901 5068 6701
f 2476 2031 5069
f 4212 5069 2031
f 4680 2194 5070
f 4680 5070 5993
f 5071 8643 1894
f 5071 1894 4730
f 3409 4846 5072
f 3409 5072 6030
f 5073 4967 2825
f 5073 2825 3137
f 5983 3445 5074
f 3445 4895 7161
f 820 6763 5075
f 4322 5075 5079
f 4579 6513 5076
f 4709 5076 2203
f 131 5077 6879
f 147 5077 131
f 1759 2693 5078
f 5078 4140 1759
f 5104 8097 2038
f 2038 8097 5075
f 818 5080 2028
f 818 2773 5080
f 7194 946 5081
f 5081 8643 5071
f 5082 8603 1979
f 7082 8505 1971
f 5083 2817 3918
f 3918 2812 5083
f 5084 2607 4412
f 4693 8420 5084
f 5876 5085 6962
f 5221 5085 5876
f 1997 4313 5086
f 5091 5419 1997
f 5087 6339 1616
f 2867 7906 1616
f 5052 1984 5088
f 5088 1984 1869
f 7234 4468 5089
f 5511 5089 4468
f 976 5090 7145
f 976 337 5090
f 7837 1997 5086
f 5086 6065 6286
f 1141 5092 8446
f 5092 1141 4852
f 4505 3762 5093
f 3762 8578 5093
f 1017 4459 5094
f 4459 5343 5094
f 7956 5095 6455
f 6452 6455 5095
f 5096 7812 2742
f 860 7803 5096
f 5097 866 2436
f 4047 866 5097
f 5098 476 1736
f 5098 7880 476
f 5099 3363 4308
f 5099 4308 471
f 5100 2542 5514
f 1244 2542 5100
f 5101 1286 1621
f 470 1286 5101
f 3432 5102 355
f 3432 2487 5102
f 4910 2026 5103
f 5103 2026 2930
f 2657 5104 4806
f 5104 2657 8097
f 6452 5095 7439
f 4592 7807 2453
f 2275 5106 3725
f 5771 6687 2275
f 8208 7553 7542
f 3858 8208 2092
f 2059 5108 1551
f 7803 7812 5096
f 1340 5927 5109
f 5109 7925 1340
f 7840 5110 124
f 1768 124 7689
f 5111 2249 854
f 5111 854 4448
f 5112 319 2647
f 2647 684 5112
f 7615 5113 3863
f 5113 5732 3863
f 3897 5114 4217
f 4217 5114 632
f 5115 1458 84
f 3741 1458 5115
f 5116 3068 6216
f 8031 3068 7925
f 8748 6954 5117
f 2328 6200 1024
f 2287 5118 8669
f 1785 7841 2287
f 3033 5119 6664
f 4004 5119 3033
f 4488 3280 5120
f 3280 4174 5120
f 549 6339 5121
f 5121 752 549
f 2989 5122 6029
f 7521 5122 2989
f 7736 5123 4517
f 7729 5506 5123
f 1538 3097 5124
f 3097 7084 5124
f 3023 1747 5125
f 4221 3023 5125
f 5126 4488 5120
f 5369 6388 6377
f 5127 2804 1570
f 5127 1570 6341
f 1712 5128 1579
f 2783 5128 1712
f 5641 752 5129
f 5121 5129 752
f 5130 1142 1439
f 5698 1142 5130
f 5131 2294 4841
f 4107 5131 4841
f 5132 3752 4581
f 6317 3752 5132
f 536 6213 5133
f 5133 4087 536
f 8017 2071 5134
f 7300 5134 8128
f 5135 2941 5130
f 1028 2941 6415
f 4417 5136 2525
f 2525 6649 6654
f 8144 5137 1453
f 5678 5122 7521
f 5342 5138 1069
f 5138 6019 1069
f 4715 5139 2349
f 5139 3370 2349
f 5140 5318 1437
f 5140 1437 3768
f 5141 2383 1447
f 6827 1447 351
f 5142 7942 4748
f 7279 7942 5142
f 2421 5146 5143
f 765 5117 6954
f 5144 932 401
f 5144 1217 932
f 5145 8184 5126
f 5148 5145 8142
f 4072 8060 5146
f 8060 6954 5146
f 2483 2512 6921
f 6915 4761 2483
f 8142 8722 5148
f 5126 8184 8722
f 6850 1080 5149
f 5149 1080 1965
f 5150 75 4020
f 7544 7548 6647
f 6673 5151 7185
f 7693 7698 4467
f 1120 5152 5160
f 2341 5152 4795
f 5153 7859 692
f 5153 8652 6070
f 7831 5154 287
f 287 5154 2254
f 5155 6274 770
f 4266 5155 770
f 906 5156 7446
f 7982 5156 906
f 4975 5157 616
f 2121 616 5157
f 1788 8372 5158
f 6001 8368 2235
f 3502 5159 2570
f 5159 712 2570
f 8065 7934 1766
f 5152 2341 8065
f 5158 8372 5161
f 5161 2 5158
f 8639 5162 1074
f 8639 4864 5162
f 1760 4529 5163
f 3315 7361 5163
f 4436 5164 2420
f 2420 5164 3567
f 5165 4525 1096
f 7964 5165 1096
f 6430 2916 5166
f 2916 1888 5166
f 2238 5167 5171
f 5153 7674 2238
f 5168 5722 6748
f 5023 5722 5168
f 5688 855 5169
f 7727 5688 5169
f 1027 239 5170
f 1027 8084 5095
f 2238 5171 8139
f 8139 5171 2234
f 5172 2482 7946
f 3501 2482 5172
f 4150 2237 5173
f 2237 124 7379
f 5023 5174 5722
f 5174 8507 4786
f 5180 5175 1270
f 649 5175 463
f 5169 855 5176
f 855 1967 5176
f 5177 2162 2481
f 6140 2481 4714
f 2503 5178 2876
f 5178 2503 7105
f 4192 5179 2166
f 5179 2462 2166
f 8135 463 5180
f 5175 5180 463
f 2087 2848 5181
f 878 8540 8385
f 4916 1352 5182
f 1352 7695 5182
f 1737 1407 7321
f 1407 2422 7321
f 839 5184 1187
f 5184 2938 1187
f 5185 3061 7921
f 1347 8444 1509
f 8692 5186 5190
f 5186 5078 2693
f 5187 1912 3011
f 1912 5187 4121
f 637 5188 6140
f 5188 637 5559
f 5415 385 5189
f 3614 5189 385
f 5190 8045 2686
f 5186 2693 5190
f 5893 8307 5191
f 8307 8032 5191
f 6007 2066 5192
f 2066 3101 5192
f 93 5193 2342
f 2342 8233 3332
f 5888 5194 7519
f 5194 2325 7519
f 5195 733 8377
f 7932 1000 7813
f 7372 6732 5196
f 4942 1863 5196
f 5197 2278 5420
f 2278 5197 4434
f 6592 151 5198
f 8567 5198 151
f 2394 5199 2759
f 969 5199 2394
f 2733 5200 336
f 3131 5200 2733
f 5201 4690 2264
f 5201 2264 176
f 3066 77 5202
f 5190 5202 77
f 6188 8395 5862
f 6182 5191 874
f 5204 3746 2110
f 3746 5204 6922
f 567 5205 3292
f 4078 5205 567
f 1769 506 5206
f 7041 1769 5206
f 2922 2171 5207
f 8504 2171 3751
f 3071 5208 1834
f 632 7504 6801
f 4176 5209 176
f 5209 5201 176
f 5731 4809 5204
f 4809 5731 357
f 1506 5211 1042
f 5211 3577 1042
f 4205 5923 5212
f 5212 506 1769
f 8371 5213 2034
f 7577 2784 2034
f 4241 8315 5214
f 5214 8315 5746
f 3610 5215 370
f 3938 5215 3610
f 5648 1763 5216
f 1763 3724 8286
f 5217 1467 1133
f 4999 5217 1133
f 5218 784 2950
f 3165 784 5218
f 8381 5219 524
f 524 5219 1424
f 5220 1896 645
f 7900 645 3816
f 4805 6270 5221
f 5876 4805 5221
f 5222 5564 663
f 4504 5222 663
f 8111 2623 3913
f 4872 8111 3913
f 5224 1113 4890
f 8114 5224 4890
f 1457 5225 6511
f 2980 5225 1457
f 5226 4279 1350
f 5226 2379 4279
f 5701 3477 5227
f 3477 2396 5227
f 3237 5228 1615
f 3237 492 5228
f 275 5229 1597
f 1169 8407 275
f 5230 1916 3955
f 5230 3955 2479
f 5231 1156 1852
f 1852 396 5231
f 5232 6320 2604
f 3189 7112 6397
f 6401 2079 5233
f 3006 1047 5233
f 2798 5234 3611
f 5926 3611 5234
f 5235 1615 3564
f 5235 3237 1615
f 7921 3061 5236
f 3061 333 5236
f 5237 7117 7427
f 2842 5237 573
f 751 2316 5238
f 978 751 5238
f 7084 5239 5124
f 5239 7084 7899
f 5240 8750 3565
f 5240 951 1262
f 5241 298 583
f 7083 5241 8230
f 724 4952 5242
f 5825 724 5242
f 3060 5243 5100
f 5243 3060 475
f 63 2506 5244
f 2645 5244 2506
f 1204 7177 5245
f 5245 6598 1204
f 2220 5246 4494
f 4494 5246 587
f 5247 3121 3799
f 5739 3121 5247
f 2911 5248 1617
f 5248 2911 8260
f 5280 7168 5249
f 5003 7654 8276
f 5250 6465 822
f 822 4253 5250
f 5251 1633 2763
f 634 5251 2763
f 5252 304 4618
f 8620 7552 5082
f 3604 2250 5253
f 5253 2250 8344
f 5890 1605 7211
f 5281 5890 7211
f 5255 1724 2306
f 5048 1724 5255
f 5256 5247 3799
f 5256 3799 1307
f 1178 5737 5257
f 1395 5265 5257
f 346 5258 1123
f 5258 3788 1123
f 5259 8329 2885
f 4348 5259 2885
f 3223 7421 5260
f 3049 3223 5260
f 5261 3561 5552
f 5261 3870 3561
f 4148 807 5262
f 4148 7230 5558
f 7945 3212 5263
f 6608 2718 6791
f 1026 1449 5264
f 5271 288 5264
f 7798 1178 5257
f 1178 7798 4574
f 6808 5266 1122
f 1122 5266 4245
f 7514 8356 560
f 8077 7514 560
f 5871 5268 3555
f 5268 7142 3555
f 2613 5269 1951
f 7402 1016 5269
f 7853 5281 6635
f 7211 6635 5281
f 1449 3343 5271
f 5271 5264 1449
f 5272 5275 6499
f 1250 5272 6499
f 2832 5273 1989
f 2957 1989 5273
f 5274 7654 3861
f 5795 5280 5274
f 6499 5275 3798
f 5275 730 3798
f 5276 3870 5261
f 947 3870 5276
f 5277 3931 6534
f 3931 5277 2344
f 3664 5278 1603
f 1603 5278 1180
f 5279 7847 8051
f 2017 7041 5206
f 5280 1522 5274
f 5249 1522 5280
f 2446 5890 5281
f 6447 5285 5263
f 699 2381 5282
f 699 5282 4075
f 5495 2461 5283
f 5283 2461 4700
f 960 5284 2549
f 8453 7558 8580
f 2446 5281 5285
f 7853 5285 5281
f 2977 4467 5286
f 5279 2977 5286
f 1716 3183 5287
f 3183 1501 7226
f 440 5288 662
f 5288 6076 5298
f 5289 6238 6055
f 8016 6973 1432
f 3205 5290 5291
f 5290 3205 8600
f 7262 3215 1038
f 7262 4451 3215
f 7382 348 5292
f 5292 348 7199
f 2603 8024 5293
f 5293 5299 121
f 5294 2765 5289
f 1827 2765 5294
f 5309 6151 7174
f 6579 7168 5280
f 3593 5296 4719
f 5296 3593 328
f 5413 5297 2526
f 2526 8596 4301
f 5288 5298 662
f 662 5298 3151
f 5299 5293 8024
f 5382 5299 1276
f 6981 1960 732
f 732 1221 6981
f 5301 5309 7174
f 2229 5309 5301
f 5302 7518 6551
f 1943 4874 6771
f 6012 344 5303
f 2696 5303 344
f 3613 1513 5304
f 1513 7365 5304
f 5305 8649 1401
f 4523 8649 5305
f 5306 2495 1313
f 7950 7957 4879
f 5307 6894 4847
f 323 5307 4847
f 5308 1397 1623
f 480 5308 1623
f 2229 6089 5309
f 5309 723 6151
f 3131 5310 5200
f 5310 3131 364
f 5311 5033 7318
f 3950 3075 8145
f 3237 5312 492
f 5312 8091 492
f 5313 607 4412
f 2607 5313 4412
f 5314 435 4306
f 8093 5632 471
f 5315 3846 452
f 5315 4860 3846
f 5316 1315 4367
f 7725 5472 5316
f 5317 8185 3613
f 3613 5304 5317
f 3346 4330 5318
f 5140 3346 5318
f 7810 3921 5319
f 4345 2226 5319
f 7114 5320 285
f 285 5320 6767
f 5321 5146 2421
f 8365 8075 2421
f 5322 2740 8466
f 1017 2740 5322
f 5323 6461 3794
f 5323 3794 2109
f 5324 4058 1554
f 1554 4574 5324
f 5325 1296 1822
f 5325 1822 5430
f 4063 392 5326
f 392 8023 5326
f 2502 5327 6843
f 5327 2502 7984
f 5328 6523 2000
f 5397 6917 5328
f 1494 1435 5329
f 314 5329 1435
f 3043 3196 5330
f 220 3043 5330
f 3794 7242 2109
f 2109 7242 4045
f 2307 5332 6072
f 2307 5367 5332
f 2855 1395 5333
f 6760 7869 2855
f 808 2340 5334
f 808 5334 4448
f 1548 5335 1967
f 5335 1548 7373
f 5336 2565 8417
f 7018 517 2565
f 6183 7997 1303
f 1303 7997 7542
f 8080 5338 5931
f 6441 5338 8080
f 5339 7554 2382
f 5345 2382 8695
f 1922 1966 5340
f 4390 5340 5346
f 5341 8379 5352
f 5341 54 1672
f 6207 1609 5342
f 1609 5138 5342
f 5343 4459 8127
f 6728 1979 3050
f 1583 5344 1779
f 1779 5351 8733
f 5345 5339 2382
f 6169 5339 5345
f 5340 1966 5346
f 7688 6644 5346
f 5347 1917 1592
f 538 1917 5347
f 7136 2702 7387
f 5332 2702 7136
f 1218 8146 8152
f 847 1218 6924
f 2566 5350 1364
f 857 1364 5350
f 5344 5351 1779
f 6021 7231 5351
f 1868 5352 8379
f 1868 80 6607
f 5353 1690 8159
f 6602 4660 2356
f 3004 4048 5354
f 5354 2135 3004
f 6944 5355 1629
f 5355 6944 2233
f 5356 8655 3113
f 3275 8655 5356
f 5357 1312 6755
f 7974 1312 5357
f 6241 821 7114
f 7114 821 5320
f 8160 1346 5359
f 5348 5393 7512
f 7220 4144 5360
f 7220 5360 8338
f 3596 7392 5863
f 5863 7397 5367
f 5362 467 6674
f 467 7893 2676
f 722 6258 5363
f 4010 722 5363
f 4082 625 5364
f 5364 2290 4082
f 5732 799 3629
f 5738 5411 799
f 1972 303 5366
f 1972 5366 3840
f 7397 2702 5367
f 5332 5367 2702
f 5368 1200 2001
f 1318 1200 5368
f 2984 6388 5369
f 8696 799 5411
f 5794 5370 2631
f 6120 2631 5370
f 4053 5371 2464
f 7423 8134 2464
f 5372 1092 2468
f 3267 5372 2468
f 1958 5373 7102
f 7102 5373 1824
f 5374 4714 2475
f 5374 2475 4277
f 5375 5037 5033
f 5311 5375 5033
f 1426 5376 4596
f 1915 5376 6700
f 5377 1058 4418
f 2043 5377 4418
f 5378 1525 420
f 1525 5378 2631
f 5379 2196 2754
f 914 2196 5379
f 929 5380 2272
f 3748 5380 929
f 6565 3776 5381
f 5381 3776 1168
f 5382 1276 762
f 1878 5382 762
f 8038 1365 5383
f 5383 1365 6415
f 5384 7754 3099
f 5384 2438 7754
f 5385 2541 3759
f 5385 1044 2541
f 5386 7083 8230
f 5386 4703 2874
f 594 5387 3919
f 5387 2449 3919
f 5192 5052 5388
f 8680 5192 5388
f 3562 5389 4968
f 1209 5389 3562
f 5390 462 7944
f 3512 462 5390
f 427 5391 3693
f 5391 5063 3693
f 1762 6343 5671
f 8164 7508 5393
f 6343 1762 5393
f 2435 5392 5393
f 1047 7451 5394
f 5233 1047 6401
f 5395 885 1902
f 5395 3989 885
f 7463 5941 5396
f 3523 7463 5396
f 5397 2000 4718
f 5397 5328 2000
f 4488 8294 5398
f 5411 2984 5369
f 5399 8323 3635
f 5394 5399 3635
f 3886 8754 5400
f 2345 7050 5400
f 5982 5704 5401
f 5405 3643 5401
f 5402 2077 3978
f 3978 6685 5402
f 8194 882 5403
f 2332 5403 5028
f 1354 3957 5404
f 4185 1354 5404
f 8232 5405 5690
f 5405 5401 8220
f 1652 5406 1655
f 1652 2091 5406
f 2108 356 5407
f 3837 5407 356
f 5408 2490 6848
f 2671 6058 6205
f 5409 8593 709
f 4345 5409 709
f 8064 5694 4427
f 5694 8064 6504
f 8245 5411 5738
f 5398 8294 5411
f 2570 712 5412
f 5412 712 8137
f 2526 4552 5413
f 4552 2530 5422
f 5414 316 3304
f 968 316 5414
f 6050 5415 4399
f 5415 5189 4399
f 2252 6179 5416
f 1776 2252 5416
f 8380 5417 3906
f 3906 5417 7222
f 5418 5422 2530
f 591 5418 2530
f 2266 8199 5419
f 5091 7264 5419
f 2632 5197 5420
f 2632 5420 2415
f 193 5421 200
f 199 5421 193
f 5413 4552 5422
f 5422 5418 5413
f 5423 3194 7121
f 3194 5423 8505
f 2791 5847 5424
f 654 2791 7022
f 5425 5094 1543
f 5425 7576 3884
f 8223 193 200
f 193 8223 4984
f 5427 4374 8281
f 3399 4374 5427
f 5428 4358 8772
f 5441 4358 5428
f 5429 3422 380
f 380 5010 5429
f 5430 1700 537
f 6060 5325 5430
f 1750 2969 5431
f 6005 4494 7551
f 1453 5432 414
f 8361 5432 1453
f 7427 6628 5433
f 4194 5433 2268
f 5434 1380 2498
f 1380 5434 5464
f 2969 5435 4277
f 2969 1750 5435
f 2884 8768 5436
f 1183 4626 5436
f 2677 5437 1296
f 5437 6568 1296
f 2700 5438 7348
f 2700 4321 5438
f 726 5439 414
f 5439 1453 414
f 3747 8236 3177
f 8236 4124 7207
f 5441 1497 4358
f 2143 1497 5441
f 5442 5805 1084
f 6177 1955 5442
f 5443 5454 2168
f 3089 5443 6153
f 5444 1310 8765
f 5444 4356 1310
f 5445 2794 2442
f 5445 7066 2794
f 2196 914 5446
f 914 5837 5446
f 5022 7937 5447
f 5447 740 5187
f 1245 4147 5448
f 4236 1245 5448
f 3452 602 5449
f 602 1359 5449
f 2573 367 5450
f 2097 2573 5450
f 5451 656 6203
f 656 5451 7801
f 5452 2212 2627
f 2605 5458 7206
f 7651 5453 111
f 5453 3325 111
f 8647 5454 3089
f 5454 5443 3089
f 5390 574 5455
f 2431 5455 574
f 5456 6951 1403
f 6372 1403 5440
f 361 2795 5457
f 361 5457 5031
f 12 2212 5458
f 7206 5458 2212
f 5459 2934 307
f 5459 5467 2934
f 5460 2966 2157
f 1556 5460 2157
f 5461 8010 1568
f 1568 3807 5461
f 5068 264 5462
f 266 5462 264
f 5955 3348 5463
f 5463 3348 992
f 8158 1380 5464
f 8158 5464 2997
f 7052 5465 4861
f 5465 5856 4861
f 1945 2656 5466
f 1945 5466 7232
f 7461 5467 8161
f 8161 5467 2654
f 5468 2241 6869
f 5468 7655 2241
f 5469 8115 5462
f 8115 5469 8566
f 1655 3737 5470
f 1652 1655 5470
f 3528 3523 5471
f 8347 5471 4455
f 5472 6551 1315
f 5472 1315 5316
f 5473 5482 2369
f 3772 825 5473
f 6626 5474 3944
f 5474 6893 3944
f 3873 5475 5061
f 5061 5475 7383
f 5476 1986 959
f 6900 5476 959
f 5389 7483 5477
f 488 4645 5477
f 5478 1285 2534
f 5478 2534 3184
f 6045 2531 5479
f 2535 5479 7571
f 7383 5480 5490
f 5480 7383 1145
f 4154 5481 2117
f 2117 5481 2540
f 825 7274 5482
f 5482 5473 825
f 3893 2633 5483
f 2731 5483 2633
f 5484 527 576
f 7582 527 5484
f 6985 5485 2910
f 2910 5485 5155
f 3876 5486 7216
f 2747 5486 241
f 3332 8233 5487
f 3084 6868 6975
f 3270 1251 5488
f 5006 3270 5488
f 4404 5489 2978
f 7045 8012 4022
f 7383 5490 5061
f 8660 5061 5490
f 7130 1929 5491
f 1929 4769 5491
f 5492 3508 7682
f 5211 3508 5492
f 276 5493 5995
f 6657 5493 276
f 5089 5494 1881
f 4211 1881 5494
f 4272 2467 5495
f 5283 4272 5495
f 6206 5496 451
f 8129 7743 1349
f 3045 5497 2214
f 6137 5497 3045
f 2737 613 5498
f 613 7340 5498
f 474 1422 5499
f 5520 474 5499
f 5504 5500 91
f 5500 5970 91
f 5603 5501 4043
f 4529 6145 8066
f 4102 696 5502
f 5502 3438 4102
f 6752 173 5503
f 5503 2167 3283
f 1165 7122 5504
f 5504 91 1165
f 5505 3081 910
f 6206 3081 5505
f 7729 2030 5506
f 4050 5506 2030
f 5507 3549 7100
f 5630 5507 624
f 6816 3864 5508
f 5508 3864 1786
f 152 8177 6158
f 2253 8177 152
f 673 5510 8632
f 5510 5530 2458
f 7520 99 1766
f 1766 7934 7520
f 1461 4900 5512
f 4900 3118 5512
f 5513 1816 995
f 2670 5513 995
f 3466 5514 1172
f 5514 2542 1172
f 5515 7760 1861
f 8147 1935 5515
f 1590 1927 5516
f 8389 7017 1927
f 7161 588 5074
f 7161 5074 3445
f 4149 7160 5518
f 2204 8086 8095
f 3836 5519 2945
f 5519 8273 2945
f 6994 2757 5520
f 2757 474 5520
f 8167 5521 8515
f 5521 5528 8515
f 4771 3362 7324
f 3253 7324 3362
f 3626 2300 5523
f 6732 7372 3626
f 2204 8095 5524
f 2204 5524 3728
f 5525 2361 3539
f 5883 8103 6324
f 5127 6341 5526
f 73 5526 1362
f 2208 7467 4471
f 7467 963 4471
f 5528 8402 8673
f 8515 5528 8673
f 3411 5529 5741
f 493 5853 2004
f 673 1805 5530
f 673 5530 5510
f 1281 2981 5531
f 2987 5531 2981
f 2004 5532 493
f 5532 5540 4320
f 128 2712 5533
f 128 5933 134
f 5534 6682 2263
f 6595 2263 3284
f 6308 1457 5535
f 3207 3291 5535
f 8653 6095 5536
f 804 8653 5536
f 4152 4554 5537
f 5537 4554 4546
f 5538 2853 2840
f 5538 2840 1880
f 8126 5539 4730
f 8126 943 7253
f 5532 2004 5540
f 8354 5540 7046
f 5541 4483 7877
f 5541 6595 4483
f 4723 6046 5542
f 5542 6046 728
f 3406 6629 5543
f 8791 5543 658
f 4452 5544 7472
f 7773 5544 6356
f 8710 1924 5545
f 5545 1924 5240
f 2769 2069 5546
f 5546 2069 7399
f 5547 223 5780
f 223 8783 4641
f 5560 4192 5548
f 3407 5548 1
f 5549 8151 6775
f 5549 5478 1957
f 800 5550 1473
f 1473 5550 6968
f 2177 2104 5551
f 2099 2177 5551
f 5552 2448 7403
f 5552 3561 2448
f 2864 843 5553
f 5565 5561 5553
f 8001 5554 5558
f 6790 5735 1384
f 2330 5555 2219
f 5555 5012 2219
f 5556 8394 6099
f 7630 1688 8394
f 2803 5557 2799
f 2799 5557 5549
f 7230 3024 5558
f 3024 8001 5558
f 6675 4127 5559
f 8688 5559 4127
f 2509 5560 3407
f 3407 5560 5548
f 5561 4828 2864
f 2864 5553 5561
f 1941 3231 5562
f 7225 5562 3231
f 7452 5563 307
f 5563 5459 307
f 2776 6382 5564
f 5222 8665 5564
f 5561 5565 2401
f 5370 2401 6120
f 1393 5566 379
f 8741 1850 5566
f 229 6691 5567
f 229 5567 228
f 5568 4248 2716
f 2716 4326 5568
f 409 7255 5569
f 4344 409 5569
f 1158 5570 905
f 905 5570 5067
f 7442 2099 5571
f 7550 2215 5571
f 5572 5314 1599
f 7826 5562 5572
f 3243 5573 2606
f 2606 5573 747
f 5579 3743 5574
f 3743 6021 5574
f 1484 5575 3239
f 5575 2921 3239
f 3700 8102 7346
f 2813 5957 7346
f 4829 5577 4122
f 4122 5577 636
f 5578 2690 8667
f 5578 8667 1819
f 5579 927 1434
f 3743 5579 8428
f 7398 4812 5580
f 6786 1051 5580
f 7901 5581 2134
f 2134 5581 4146
f 3085 5582 1250
f 5582 5272 1250
f 2099 5551 7550
f 5571 2099 7550
f 5584 2228 3558
f 2373 5584 3558
f 4117 1665 5585
f 5585 1665 2922
f 2445 3935 5586
f 3374 2445 5586
f 8137 712 5587
f 2460 5590 5587
f 5588 3380 1781
f 5588 1781 4775
f 5589 438 3079
f 5589 3079 335
f 5590 3728 7016
f 5587 5590 1508
f 4359 5635 23
f 40 5635 4359
f 5592 1131 1324
f 5592 1324 5159
f 2912 5593 1374
f 605 1374 5593
f 5594 5310 364
f 364 1481 5594
f 5595 8675 4839
f 5047 8675 5595
f 776 5596 5325
f 4929 5596 5985
f 5597 1607 8167
f 5604 5578 1607
f 516 2618 5598
f 4751 516 5598
f 1481 5599 5594
f 3141 5599 1481
f 2523 8636 5600
f 5600 8636 4696
f 5601 7100 3549
f 3549 6198 5601
f 3622 7478 5523
f 3817 7478 3622
f 2322 5603 4043
f 6668 5603 2322
f 5604 5597 4728
f 5597 5604 1607
f 6688 7428 3855
f 3855 4021 6688
f 196 1291 5606
f 8523 1291 1298
f 1945 5607 2656
f 5607 6705 2656
f 462 5608 7944
f 7944 5608 3689
f 4704 5609 640
f 5609 7048 640
f 4469 5610 2135
f 2135 5610 3004
f 5611 5484 7684
f 7684 2262 5611
f 567 3292 5612
f 3292 7973 5612
f 3958 429 5613
f 429 2572 5613
f 5614 7962 343
f 6278 1382 2780
f 1240 5615 601
f 601 5615 2304
f 5616 8749 4685
f 3391 3387 8553
f 7408 5617 219
f 219 5617 3887
f 2407 5618 4974
f 5618 7411 4974
f 1377 4027 5619
f 4027 3518 5619
f 5620 5465 7052
f 1331 2436 6824
f 5621 830 2130
f 830 7033 3068
f 7873 40 66
f 5635 40 7873
f 3194 8505 482
f 8505 7082 482
f 5624 2701 1517
f 5624 3839 2701
f 5625 2443 5615
f 6074 5625 3509
f 496 5626 3592
f 6571 3592 5626
f 5627 1250 6499
f 3085 1250 5627
f 3847 7416 5628
f 3847 5628 2271
f 706 5629 7106
f 1016 6584 706
f 3614 3608 5630
f 5630 624 3614
f 5631 2428 3042
f 8339 3042 1730
f 5314 5632 8093
f 5632 5314 5572
f 6615 1902 5633
f 1902 2306 5633
f 4624 5634 3898
f 5634 8465 3898
f 8057 5591 23
f 5591 8057 4758
f 3718 5636 1669
f 5636 6805 1669
f 5637 2664 4139
f 5637 4379 2664
f 2618 5638 4979
f 516 5638 2618
f 5847 5639 329
f 618 6806 5639
f 6090 3147 5640
f 5640 3147 1416
f 5641 8150 2116
f 7400 1512 5641
f 3290 5642 245
f 7988 5642 3290
f 5643 7471 2387
f 5980 5643 2387
f 2429 5644 2477
f 5644 3374 2477
f 3264 2270 5645
f 4850 8595 5645
f 1651 5646 7905
f 6837 7222 4110
f 5164 4436 5647
f 4436 6875 6652
f 1285 3554 5648
f 1285 5648 4848
f 5649 2339 1991
f 5649 1651 7905
f 5650 3373 3602
f 5650 6405 3373
f 46 64 5651
f 41 6478 64
f 2978 6852 5652
f 1552 6274 6211
f 5653 7904 2546
f 7204 5653 2546
f 5460 5654 2966
f 5654 6964 2966
f 2315 7326 5655
f 2315 5655 6625
f 2277 5656 6476
f 2277 3179 5656
f 5657 7021 5374
f 7021 5657 5435
f 979 5658 5372
f 3656 5658 979
f 5659 1597 5154
f 5659 275 1597
f 1810 8555 5660
f 1290 1810 5660
f 1562 4425 5661
f 1562 5661 2347
f 5662 6337 6349
f 5662 6349 2223
f 6059 5663 4942
f 4942 5663 1863
f 1528 5664 8165
f 5742 5664 1528
f 5665 3803 1778
f 5665 966 3803
f 5666 4139 775
f 5666 775 8742
f 5667 2975 1492
f 5652 2975 5667
f 5668 3569 6828
f 3638 3569 5668
f 2585 5669 1950
f 5284 5669 2585
f 3302 4637 5670
f 1545 3302 6758
f 1346 1762 5671
f 6563 1346 6617
f 5672 7349 4351
f 5672 4351 7354
f 1874 5682 5673
f 1874 5673 7998
f 8356 1836 5674
f 560 8356 5674
f 5675 3547 2894
f 2894 1922 5675
f 3465 5930 6454
f 3465 8736 434
f 5677 6976 456
f 456 6205 5677
f 5137 8361 1453
f 5137 2617 8361
f 5679 4667 2383
f 5141 5679 2383
f 2876 5680 6477
f 2876 1225 5680
f 8514 8511 5676
f 8511 3465 5676
f 5673 5682 2258
f 8517 2258 5682
f 5683 1560 711
f 6532 5683 711
f 281 5684 283
f 281 277 5684
f 2229 5685 736
f 8543 5692 7001
f 5686 5691 300
f 8202 4348 1248
f 865 3306 5687
f 5687 3306 3211
f 7727 8611 5688
f 957 6587 5688
f 5689 1492 5399
f 5667 1492 5689
f 7771 4049 5690
f 5704 7440 1105
f 6425 5691 5686
f 7807 5691 6425
f 8543 5685 5692
f 7498 5685 3148
f 2073 5693 4458
f 7710 4458 8743
f 267 266 5694
f 5694 266 1846
f 676 5695 4648
f 676 2868 5695
f 5696 3071 1062
f 6003 5696 5703
f 1055 5697 8021
f 1055 6155 5697
f 2646 1891 5698
f 1891 1142 5698
f 840 5699 2273
f 5699 4419 2273
f 5096 2742 5700
f 8387 2742 617
f 3706 3477 5701
f 1906 3706 5701
f 2552 5702 4760
f 6896 5702 2552
f 4877 5703 1062
f 5703 5696 1062
f 5405 8220 5690
f 7771 5690 8220
f 4166 588 5705
f 7742 8316 7749
f 89 3084 5706
f 89 5706 2259
f 1409 620 5707
f 1409 5707 1804
f 4242 4878 5708
f 2005 4242 5708
f 5709 3594 2211
f 5709 1636 3594
f 5710 8623 3091
f 5710 7868 2216
f 5711 8393 1356
f 4675 5711 1356
f 7434 2312 5712
f 2312 8592 5712
f 5713 4151 3282
f 5509 5713 6158
f 1837 2413 5714
f 8615 4438 1837
f 5715 1760 1758
f 5715 1758 5107
f 5716 7210 508
f 7095 5716 7839
f 2012 4662 5717
f 5717 4662 6548
f 2766 5718 6026
f 2766 3707 5718
f 5719 5350 2566
f 8688 4127 6265
f 5720 5774 390
f 5720 8408 3557
f 8650 3790 5721
f 5721 6248 4932
f 2961 481 5722
f 5722 5174 5726
f 2413 5723 5714
f 2413 4369 5723
f 4770 5724 5603
f 1777 5724 4770
f 1892 5725 3989
f 1892 8108 5725
f 6929 2961 5726
f 5726 2961 5722
f 1567 5727 3578
f 5723 3578 5727
f 5728 3529 1482
f 5728 4093 3529
f 6737 5729 4856
f 5729 249 3700
f 7612 5730 2396
f 5227 2396 5730
f 5210 5731 2832
f 5731 5210 357
f 5732 5365 8245
f 5365 5732 6360
f 4254 1078 5733
f 7048 5609 6873
f 5734 8006 7815
f 4667 395 5734
f 5735 4040 5554
f 8001 5735 5554
f 3218 5736 2786
f 5736 3052 2786
f 1178 6780 5737
f 1792 6760 5737
f 5732 8245 5738
f 5738 799 5732
f 3121 5739 2136
f 6530 2136 5739
f 248 3700 5740
f 5740 3700 7346
f 5853 493 5741
f 5741 493 8726
f 8227 1022 5742
f 5742 1022 5664
f 1595 3402 5743
f 3402 1059 5743
f 5744 939 6568
f 1974 5754 8435
f 299 5745 4354
f 5889 5745 299
f 2748 5214 5746
f 5746 7295 2748
f 7687 1443 5747
f 2077 5747 1443
f 2659 3353 5748
f 5418 2659 5748
f 3697 2548 5749
f 3697 5749 1426
f 8666 5750 3647
f 3047 4508 8429
f 5761 5751 4
f 5751 5793 4
f 5721 5752 8650
f 3630 8650 6708
f 4011 8758 5753
f 8758 46 5753
f 5754 1007 939
f 5754 939 8435
f 1735 577 5755
f 3909 1735 5755
f 5756 3790 257
f 3790 5756 5721
f 1271 5757 691
f 1271 8746 5757
f 8082 2152 5758
f 5758 5773 8082
f 2251 5706 5759
f 5759 6975 2251
f 3066 6407 5760
f 8423 3815 95
f 1728 5761 4
f 7449 1728 6570
f 5762 2829 5325
f 4707 2829 5762
f 3853 5763 2337
f 2337 5763 6322
f 5764 1731 3189
f 4321 7032 5769
f 5765 4959 1265
f 1265 5772 5765
f 2068 5766 6020
f 5766 2068 3912
f 5767 3408 3712
f 8626 3408 5767
f 5768 534 6301
f 5768 6374 534
f 7139 5769 5764
f 1731 5764 5769
f 5770 4782 2098
f 5770 4542 4782
f 5771 4556 1566
f 446 5771 1566
f 2021 5772 1265
f 2021 5777 5772
f 5758 1499 5773
f 5436 5773 1499
f 5774 2042 7120
f 3426 2042 5774
f 2373 5775 4151
f 2373 3558 5775
f 5776 1028 1365
f 1028 5776 4268
f 5777 2021 7999
f 5777 7999 7776
f 8557 4958 5778
f 5778 4958 2895
f 821 3002 5779
f 4832 821 5779
f 252 3808 5780
f 252 5780 223
f 3345 1900 5781
f 1900 3339 5781
f 5777 7776 5782
f 5782 7776 2119
f 4870 5783 880
f 2596 880 5783
f 3306 865 5784
f 5784 865 4638
f 221 5785 7885
f 5792 5785 221
f 8538 4064 1674
f 8538 1674 4062
f 1050 5787 4462
f 1050 4507 5787
f 5788 6919 485
f 5151 6673 485
f 5789 1727 2458
f 1727 5789 3948
f 991 5790 3711
f 6661 7892 8477
f 8793 5791 2154
f 7292 5791 8793
f 221 1213 5792
f 6141 5792 1213
f 4 5793 2764
f 2764 5793 6319
f 5794 5378 6369
f 5378 5794 2631
f 5795 5274 1719
f 4315 5795 1719
f 7125 3105 5796
f 5796 6880 7125
f 1521 5797 2831
f 1521 1093 5797
f 7663 5798 2418
f 2418 5798 554
f 5799 1125 7162
f 1125 5799 7393
f 5800 4065 1565
f 1565 2242 5800
f 5801 2887 2539
f 5796 2887 5801
f 3607 5802 2816
f 8113 2334 5802
f 5803 6296 2283
f 785 5803 2283
f 8244 2465 5619
f 8244 4336 2465
f 5805 5442 1955
f 1955 326 5805
f 1537 5806 6841
f 1537 2380 5810
f 4950 5807 240
f 5807 742 240
f 8431 5808 2441
f 2441 5808 7211
f 4290 5809 4286
f 4286 5809 4834
f 1537 5810 5806
f 5806 5810 651
f 326 5811 5805
f 5816 326 1955
f 2571 1594 5812
f 5808 8431 1594
f 239 1222 5813
f 5837 5813 1222
f 5814 4683 7457
f 5814 4687 4683
f 5815 2220 423
f 5815 7094 2220
f 1551 5811 5816
f 326 5816 5811
f 5817 1448 3012
f 1448 6790 4921
f 7171 5818 1647
f 6842 1647 5818
f 8333 5651 5819
f 3496 5819 4167
f 5820 1915 6700
f 1915 5820 4790
f 242 4286 5821
f 5486 242 5821
f 5822 2504 2499
f 1044 5822 2499
f 5823 200 5421
f 8397 200 5823
f 5824 8325 3954
f 1776 5824 6989
f 5825 1288 3506
f 3506 724 5825
f 980 3860 5826
f 980 6853 1518
f 4256 7598 5827
f 5827 2440 4256
f 274 8522 5828
f 5828 8522 4540
f 5829 3208 8302
f 3201 3208 5829
f 337 5830 5090
f 337 5825 5830
f 660 5831 1656
f 5843 2937 5831
f 3703 7468 5832
f 8118 6303 6106
f 3476 2406 5833
f 5833 2406 1264
f 992 5834 5463
f 5834 992 1167
f 2180 3898 5835
f 2180 5835 180
f 8727 4698 5836
f 5836 4698 8393
f 914 558 5837
f 558 4128 5840
f 5838 3905 1575
f 1575 8808 5838
f 6886 5839 4966
f 5839 6886 6112
f 5840 5813 5837
f 558 5840 5837
f 1393 379 7814
f 7607 7601 3200
f 5842 5848 1561
f 152 5842 1561
f 5843 5831 660
f 660 2075 5843
f 7124 5850 270
f 7124 270 4229
f 5845 846 6602
f 5845 7327 846
f 5846 8448 3087
f 5846 3087 3241
f 5424 5847 6629
f 6629 5847 329
f 1561 5848 2903
f 5848 3713 2903
f 943 5849 4265
f 943 8126 5849
f 4966 5839 5850
f 4966 5850 7124
f 963 7467 5851
f 7364 7320 5851
f 1506 5852 5211
f 5852 1506 8405
f 5853 5741 5529
f 5853 5529 8569
f 6149 5854 33
f 5854 6149 3987
f 8098 5015 4386
f 5859 5030 5015
f 5465 2085 5856
f 2379 5856 2085
f 5857 1120 1819
f 5857 1731 1120
f 5858 2745 7161
f 5858 4516 7721
f 5859 5015 8098
f 7291 5859 5855
f 5861 5860 7452
f 5860 5563 7452
f 5861 7452 7446
f 7446 5156 5861
f 5191 6182 8295
f 6714 6182 1242
f 809 5863 5367
f 809 3596 5863
f 2773 5864 5080
f 2773 8439 5864
f 1241 4197 5865
f 1241 7716 2046
f 6483 826 5866
f 826 2371 5866
f 4333 5867 3092
f 7423 3092 8134
f 677 5868 747
f 5868 677 5306
f 1717 5021 5869
f 7290 8349 5875
f 5870 642 2010
f 5870 2010 6288
f 1755 2405 5871
f 2405 5268 5871
f 5872 3806 7006
f 5872 702 3806
f 1743 5873 1749
f 1743 6215 5873
f 3165 5218 5874
f 3265 3165 5874
f 1717 5869 5875
f 1717 5875 4187
f 5876 8313 1995
f 4805 5876 1995
f 5877 2366 552
f 5877 552 1514
f 7712 5053 2495
f 4421 5053 7712
f 5879 3116 529
f 5879 848 3116
f 4717 5880 3440
f 4901 3440 5880
f 457 2160 5881
f 8242 457 5881
f 7201 5882 6550
f 3967 5882 7201
f 5878 2197 5883
f 6467 5883 2197
f 2777 5884 428
f 3791 5884 2777
f 3260 5885 683
f 5885 5889 683
f 5886 1885 3216
f 5886 3216 4712
f 2245 2919 5887
f 2919 1635 5895
f 7519 560 5888
f 560 5674 5888
f 1961 5745 5889
f 5889 5885 1961
f 5890 4111 1605
f 6791 4111 5890
f 5891 731 358
f 5891 358 7733
f 5892 6157 1830
f 6058 5892 1830
f 4603 5893 3080
f 3080 5893 5191
f 4472 4772 5894
f 3171 4472 5899
f 5887 5895 971
f 5887 2919 5895
f 5896 6971 2863
f 1295 5896 2863
f 5897 4670 672
f 5897 672 4299
f 3503 6331 5898
f 5067 3503 5898
f 5899 4472 5894
f 5894 956 5899
f 6946 5900 4244
f 4244 5900 178
f 6901 5901 1295
f 1295 5901 5896
f 1192 5902 3657
f 3541 5902 1192
f 5351 5903 8733
f 5903 6711 858
f 5904 6216 320
f 3417 5904 320
f 1614 1184 5905
f 7379 5905 1184
f 5919 3360 5906
f 3967 5906 5882
f 5907 4842 3425
f 4842 5907 6116
f 5908 739 1140
f 4785 5908 1140
f 5909 4754 1452
f 7624 1991 4754
f 4684 531 5910
f 531 7031 5910
f 6385 3221 5911
f 3221 8112 5911
f 5912 4537 1519
f 3726 5912 1519
f 1841 5913 2928
f 2928 5913 5920
f 5914 69 7786
f 4454 32 5914
f 1410 3150 5915
f 3150 7775 5915
f 5916 7381 1546
f 7142 1546 3895
f 5917 125 119
f 5917 5974 125
f 5918 3392 658
f 3392 5918 6806
f 7201 5919 3967
f 3967 5919 5906
f 5920 2161 9
f 5920 9 2928
f 6689 5921 7847
f 7847 5921 4137
f 7806 5922 858
f 8733 5903 858
f 5923 7641 506
f 5212 5923 506
f 3038 893 5924
f 893 491 5924
f 838 3901 5925
f 6738 3521 6427
f 383 3611 5926
f 383 5926 7448
f 5109 5927 175
f 5927 6688 175
f 5928 1468 2998
f 5928 1491 1468
f 4313 5419 5929
f 3654 4313 5929
f 6454 5930 6463
f 4562 6463 5930
f 5931 5934 8080
f 5934 5931 4275
f 7795 1455 5932
f 548 5935 1455
f 5933 8186 8567
f 128 5533 5933
f 5934 363 8080
f 8452 363 5934
f 5935 6249 5932
f 5932 1455 5935
f 8403 2930 5936
f 2930 886 5936
f 5585 2922 5937
f 1157 5937 2922
f 887 1547 5938
f 5938 1547 6589
f 7474 7848 1783
f 7848 7474 6735
f 3386 6923 5940
f 3386 5940 2990
f 1711 5951 5941
f 7463 1711 5941
f 5942 1001 3157
f 7144 1001 8329
f 4896 4892 5943
f 1485 5943 4892
f 7331 5944 1782
f 5944 8620 1782
f 119 8811 130
f 120 8811 119
f 5878 5945 6503
f 123 6503 5945
f 3618 6742 5946
f 3618 5946 8370
f 5947 2775 698
f 5947 912 2775
f 2592 5948 5573
f 597 5948 2592
f 4970 620 5949
f 4970 5949 4397
f 5950 1014 575
f 5950 8535 1014
f 5951 2622 6195
f 1711 8584 5951
f 2359 5952 2313
f 1809 7152 2359
f 3537 5953 6441
f 3537 4916 5953
f 5954 2298 1572
f 5954 6666 2298
f 2292 1699 5955
f 1699 3348 5955
f 989 1742 8525
f 8273 989 8525
f 2751 5957 2813
f 6643 8681 2751
f 1753 5958 8592
f 1753 1496 5958
f 860 5096 5959
f 8061 1079 860
f 2803 2799 5960
f 2803 7573 8254
f 5961 5966 2320
f 2320 2897 5961
f 4202 5962 330
f 5962 3657 330
f 314 8497 5963
f 5329 314 5963
f 6243 5964 3470
f 3470 5964 3426
f 4144 7794 5965
f 1175 3200 7800
f 2320 5966 2439
f 2439 5966 2597
f 4589 5967 4584
f 4589 7653 5967
f 5968 7922 1693
f 176 7922 7259
f 5969 4396 869
f 4396 5969 6432
f 2833 2474 5970
f 2474 7153 5970
f 5971 8536 3544
f 5971 3544 1064
f 7505 539 5972
f 5972 539 272
f 7154 869 5973
f 869 4144 5973
f 120 125 5974
f 120 5974 6528
f 5975 3450 5002
f 5016 5975 5002
f 5976 2289 3801
f 7237 810 2289
f 2296 5977 3988
f 5977 3993 3988
f 257 4526 5978
f 5756 257 5978
f 2875 5979 4115
f 3463 5979 2875
f 5980 2387 4755
f 4755 2779 5980
f 2296 5981 5977
f 5981 2296 3535
f 7649 8123 5982
f 5982 8123 3551
f 5983 5074 2179
f 5983 2179 3920
f 8679 5005 5984
f 5017 5984 5005
f 5985 776 4478
f 776 5985 5596
f 1624 1052 5986
f 1624 5986 8472
f 7646 5987 6248
f 5999 7646 5978
f 5988 4647 898
f 5988 898 2842
f 4263 5989 5984
f 1758 5989 6724
f 5990 761 2191
f 550 5990 2191
f 1115 5991 4919
f 5565 5991 1115
f 5992 3619 6721
f 5992 6728 3619
f 1189 6754 5993
f 5070 1189 5993
f 4690 4557 7670
f 1885 7670 7676
f 5995 3153 2210
f 276 5995 2210
f 3538 1797 5996
f 628 5996 1797
f 1155 550 5997
f 550 2191 5997
f 3293 5998 2260
f 5998 8484 2260
f 5999 5987 7646
f 8123 7649 5999
f 3001 2772 6000
f 2772 4779 6000
f 2248 2 6001
f 2248 6001 5304
f 2806 6002 4142
f 3398 6002 2806
f 3881 5696 6003
f 1433 3881 6003
f 6004 775 4139
f 6004 4139 2664
f 6005 1750 5431
f 1179 6005 5431
f 6006 583 4835
f 583 8230 5241
f 3037 6007 6609
f 8341 6007 3037
f 1480 6008 6330
f 8345 6008 1480
f 6009 5128 2783
f 2783 6022 6009
f 6010 5483 2731
f 460 6010 2731
f 644 6011 4818
f 6976 5677 4818
f 2327 344 6012
f 2327 6012 3310
f 6013 975 3789
f 2072 6013 3789
f 4054 6014 6086
f 162 8693 4054
f 7883 6015 7585
f 6015 909 5620
f 6016 8183 1195
f 169 4464 6016
f 1113 3368 6017
f 6017 4890 1113
f 2072 908 6018
f 6018 6013 2072
f 7955 6019 1695
f 5138 1695 6019
f 3458 6020 5766
f 3458 987 6020
f 3027 6021 5344
f 5344 6021 5351
f 6022 2083 3267
f 2083 6022 2783
f 1391 6023 3670
f 3670 6023 3041
f 5665 1778 6024
f 6024 1778 7772
f 6025 3321 930
f 3321 6025 6031
f 6026 2463 1539
f 6498 2463 6026
f 6027 4954 7860
f 3829 4954 7788
f 1656 6028 2860
f 1656 2353 6028
f 2944 6029 6788
f 2989 6029 2944
f 7772 6030 4230
f 1778 6030 7772
f 1077 3321 6031
f 591 1077 6031
f 8096 545 6032
f 6032 545 6181
f 2854 6033 4915
f 4257 6033 2854
f 3175 6034 8288
f 3178 6034 3167
f 2781 533 6035
f 6035 533 4921
f 2470 6036 938
f 6036 1989 938
f 5034 6037 2570
f 2403 2570 6051
f 2533 3684 6038
f 2533 6038 8624
f 7252 4416 6039
f 7349 6039 4416
f 2942 6040 2946
f 6040 2942 6625
f 2781 6041 533
f 8121 2781 7283
f 2621 6042 1421
f 6191 6042 2621
f 6043 2033 2736
f 2736 4387 6043
f 6044 8188 8339
f 6937 8188 6044
f 6045 5479 2535
f 6798 6045 2535
f 6046 3371 728
f 3371 6046 1723
f 3606 11 6047
f 6980 3606 6047
f 6048 1024 1005
f 6048 1005 8364
f 3834 1221 6626
f 6626 3944 3834
f 6050 658 1432
f 8791 658 6050
f 6051 8114 4890
f 2570 6037 6051
f 6052 6949 1411
f 1411 2301 6052
f 929 2272 6053
f 6053 2272 3132
f 2591 6054 3019
f 3019 6054 6353
f 5289 6055 1432
f 6055 6050 1432
f 3807 6056 5461
f 6056 3807 4962
f 168 6057 162
f 2689 6057 168
f 6058 1830 2490
f 5408 6058 2490
f 3050 1971 6059
f 6059 4942 3050
f 537 6150 6060
f 6060 5430 537
f 6836 6061 8518
f 7855 6386 6061
f 1714 6062 5197
f 6062 1714 4763
f 1833 6063 722
f 5336 6063 1833
f 6529 2590 6064
f 8450 2590 8461
f 6065 5086 3654
f 3654 6061 6065
f 7385 6066 3107
f 3107 6066 4107
f 4763 3910 6067
f 6067 6062 4763
f 6860 6068 3505
f 8479 3505 6068
f 1534 2488 6069
f 6069 100 1534
f 3492 6070 4168
f 3492 5153 6070
f 1716 6071 3183
f 4124 6071 1716
f 6072 521 4278
f 5958 6072 4278
f 6073 3779 3572
f 1529 6073 3572
f 5625 6074 2443
f 6074 1402 2443
f 4712 6075 1146
f 6075 7946 1146
f 6076 327 5298
f 8020 327 6076
f 3229 6077 7030
f 7025 7030 6077
f 6078 1663 7237
f 6078 8027 1663
f 2596 999 6079
f 880 2596 6079
f 2470 1011 6080
f 1011 4788 8616
f 6081 2967 1975
f 7865 6081 1975
f 3295 6082 5454
f 3295 993 7570
f 6715 6083 1355
f 8730 2062 8774
f 570 6084 7029
f 6084 570 7931
f 6085 918 7184
f 6178 918 6085
f 174 7875 6086
f 6086 801 174
f 634 2763 6087
f 6705 634 6087
f 6088 8640 5767
f 6088 5767 3712
f 5309 6089 723
f 723 6089 3516
f 1207 6090 5640
f 7897 6090 1207
f 3022 1253 6091
f 6091 7532 3022
f 6218 4299 6092
f 6092 4299 672
f 6093 4115 2872
f 6093 2875 4115
f 6094 6142 1073
f 6094 1073 105
f 682 6095 4357
f 8653 4357 6095
f 3196 237 6096
f 6096 5330 3196
f 2735 6097 2625
f 2625 6097 2820
f 6098 2198 7834
f 7834 3826 6098
f 1439 6099 8691
f 8394 8691 6099
f 1306 2634 6100
f 6100 2634 1916
f 5633 6101 6615
f 6101 5633 2306
f 8319 6102 1935
f 1111 6102 2352
f 6103 3166 3639
f 6105 3170 7070
f 6104 2510 251
f 4881 6104 251
f 4776 6105 6279
f 6103 6105 3166
f 6106 7343 4929
f 6106 6303 7343
f 6652 4427 6107
f 6107 4427 6638
f 3344 6108 7331
f 916 7613 7326
f 6109 2198 6098
f 6109 6098 3826
f 6110 141 6560
f 141 6110 7559
f 4595 618 8455
f 8455 6408 4595
f 3784 6112 6886
f 6112 3784 4596
f 4307 4315 6113
f 3903 4307 6113
f 610 6114 387
f 6114 610 8775
f 3083 618 6115
f 4595 6115 618
f 881 6116 4052
f 881 4842 6116
f 4359 6117 40
f 6117 4359 15
f 256 6118 4360
f 5642 7988 256
f 2224 345 6119
f 892 6119 345
f 1115 6120 5565
f 2401 5565 6120
f 1756 5655 6121
f 4650 1756 6121
f 6122 523 2586
f 2586 1865 6122
f 6123 413 4948
f 6123 2890 413
f 6666 6961 6124
f 8751 5757 8746
f 1081 6125 7568
f 6125 1081 2730
f 8092 109 7609
f 8092 7651 109
f 3747 3177 6127
f 1339 3747 6127
f 6128 512 4338
f 6128 1061 512
f 2372 1338 6129
f 6129 1794 2372
f 6130 7269 2080
f 2848 3587 6130
f 384 6131 7079
f 384 6161 6131
f 1530 3222 6132
f 1530 6132 4190
f 2144 1630 6133
f 1630 4792 6133
f 646 401 6134
f 578 6141 6152
f 6135 2288 2291
f 3224 2288 6135
f 4557 3053 6136
f 6136 3053 2322
f 6137 6893 2762
f 2762 5497 6137
f 6138 3738 2687
f 6138 2687 678
f 3071 1834 6139
f 3071 6139 1062
f 5177 2481 6140
f 5177 6140 5188
f 6141 1213 646
f 6141 646 6134
f 6142 6145 5501
f 6142 5501 1073
f 7800 2270 6143
f 2270 3264 6143
f 3095 3899 6144
f 3899 5140 6144
f 6145 4043 5501
f 4043 6145 6136
f 6658 8034 6146
f 173 3742 6146
f 6157 3096 6147
f 3096 3108 6147
f 1147 8344 6148
f 1147 6153 4658
f 6149 6165 21
f 6165 6149 35
f 3191 6150 7329
f 6150 3191 7890
f 6151 7138 318
f 7174 6151 318
f 6134 6152 6141
f 401 6152 6134
f 3089 6153 6148
f 6153 1147 6148
f 284 2893 6154
f 6154 7060 284
f 6155 5935 548
f 5697 6155 548
f 4398 6161 384
f 6161 6999 1970
f 1830 6157 4395
f 6157 6147 4395
f 6158 5713 3282
f 6158 3282 1021
f 1501 2028 6159
f 5251 6159 2028
f 4568 2639 6160
f 2639 3886 6160
f 1970 6156 6161
f 746 6161 6156
f 4561 1510 6162
f 1510 972 6162
f 6163 1425 3427
f 3427 7179 6163
f 3800 6164 2008
f 6164 4574 2008
f 6165 4823 21
f 6165 38 4823
f 6166 3143 7878
f 8258 7250 3143
f 6167 721 8117
f 721 6167 1685
f 6168 7651 8092
f 7626 6126 2234
f 4245 6169 926
f 926 6169 5345
f 1720 4503 6170
f 782 1720 6170
f 7039 2031 6171
f 2025 6171 4830
f 8359 1067 6172
f 1067 6675 6172
f 7894 6173 4056
f 2252 4056 6179
f 3034 6174 3039
f 6174 7071 3039
f 2883 4594 6175
f 2883 6175 4601
f 3687 7301 6176
f 6176 1329 3687
f 7831 6177 2398
f 2398 6177 7163
f 6178 2032 2392
f 2032 6178 8305
f 4056 6173 6179
f 5416 6179 6173
f 159 6180 1099
f 6180 159 4554
f 6032 6181 3145
f 6181 1208 3145
f 6182 5862 6524
f 874 5862 6182
f 2804 7529 6183
f 1303 2804 6183
f 1247 3007 6184
f 8533 7495 7481
f 1661 3761 6185
f 6189 6185 3761
f 4788 2612 6186
f 6186 8010 5461
f 2555 7110 7852
f 1400 2555 7852
f 874 6188 5862
f 4319 6188 874
f 4659 6185 6189
f 1606 4659 6189
f 1023 6190 2717
f 1023 3848 6190
f 6191 3135 6042
f 4131 3135 6191
f 6186 2612 6192
f 6192 2612 499
f 1283 8062 3733
f 3795 3733 8062
f 4367 6302 6194
f 5316 4367 6194
f 3559 6361 6195
f 6195 6113 3559
f 5251 6196 1633
f 1633 6196 804
f 6197 6816 2430
f 2430 160 6197
f 6198 3549 1049
f 3425 6198 1049
f 3629 6328 6199
f 6620 6199 6328
f 6200 2328 5117
f 5117 3980 6200
f 6201 1787 1108
f 6201 3129 1787
f 4535 2670 6202
f 2670 995 6202
f 6203 656 2381
f 699 6203 2381
f 352 6204 2022
f 352 6804 6204
f 5677 6205 5408
f 6205 6058 5408
f 6206 5505 1946
f 1946 5496 6206
f 6207 5342 1866
f 4439 6207 1866
f 2145 6208 6952
f 2145 4682 6208
f 6209 7275 3129
f 6201 6209 3129
f 2630 6210 7583
f 1780 6210 2630
f 5652 6211 2975
f 6852 6211 5652
f 2886 6212 758
f 6212 3213 758
f 6213 1267 2036
f 2036 5133 6213
f 6218 6214 3416
f 3416 7019 6693
f 6228 6215 1523
f 1663 8027 6220
f 3443 1255 6216
f 3436 7990 6216
f 6193 2232 6217
f 7444 6217 2232
f 6218 3416 8663
f 7885 5785 7874
f 3425 6219 7810
f 6219 3425 1049
f 1663 6220 795
f 7631 795 6228
f 6221 3560 4493
f 8265 6221 6805
f 6222 1976 2242
f 6226 6222 2605
f 6223 3285 6690
f 6907 3285 6223
f 6224 1267 6213
f 1401 1267 6224
f 6225 1304 3969
f 6225 3969 4614
f 4312 1976 6226
f 6226 1976 6222
f 1360 6227 3416
f 7535 6239 1360
f 6228 795 6220
f 6228 6220 6215
f 6229 2594 5001
f 2184 6229 5001
f 5294 6230 649
f 8306 6230 2165
f 6231 3459 8503
f 3459 6435 7369
f 1947 7356 6232
f 3949 1947 6232
f 7059 799 6233
f 7945 7059 6233
f 6234 1154 7795
f 6234 6381 1154
f 1199 6235 6831
f 8695 6235 1199
f 3065 6236 2402
f 6236 3065 609
f 1401 2805 6237
f 1401 6237 1267
f 2051 1859 6238
f 1859 385 7208
f 6227 1360 6239
f 221 6227 6239
f 1382 6240 2780
f 6240 1382 5964
f 2347 8599 6241
f 2347 6241 7114
f 6247 3631 6242
f 6010 6242 3631
f 6240 6243 3419
f 6243 7064 3419
f 915 6244 1990
f 7072 6244 915
f 6245 2056 2138
f 1660 6245 2138
f 8191 6246 6241
f 8794 6255 8191
f 4398 384 6247
f 3631 6247 384
f 5721 5756 6248
f 6248 5756 2578
f 7068 6249 903
f 903 6249 5935
f 6250 732 1960
f 1960 1521 6256
f 2568 6057 6251
f 6251 4543 2568
f 8046 8225 2797
f 8225 8259 2797
f 6253 7523 2467
f 4272 6253 2467
f 1018 5807 6254
f 6254 7061 1018
f 7133 6246 6255
f 8191 6255 6246
f 6256 1689 6250
f 6256 6250 1960
f 6257 1139 689
f 3717 1139 6257
f 6079 999 6258
f 6258 999 1589
f 2619 904 6259
f 2619 6259 6904
f 6260 2231 7088
f 4711 2231 6260
f 6261 445 1799
f 6280 445 6261
f 3575 6262 6272
f 8042 3575 572
f 8768 6263 7731
f 6263 5497 1515
f 6264 3567 6058
f 6264 2420 3567
f 5719 8688 6265
f 5719 6265 6905
f 6266 6170 4503
f 919 6266 4503
f 2440 6267 2453
f 5827 8029 2440
f 2619 6268 904
f 904 6268 6857
f 3139 7783 6269
f 3139 6269 1425
f 6270 7492 8068
f 5221 6270 8073
f 6271 2142 1555
f 6271 3938 2142
f 6272 2797 5032
f 6272 6262 2797
f 3857 6273 1495
f 3857 3016 6273
f 6274 2527 6211
f 5485 2527 6274
f 6543 3251 6280
f 7727 445 6280
f 1983 5362 6276
f 8405 8411 7284
f 3860 6277 5826
f 3860 421 6277
f 6278 2780 5614
f 1958 6278 5614
f 7158 6279 6105
f 6285 4776 6279
f 6543 6280 6275
f 6280 6261 6275
f 6281 7909 845
f 2713 6281 845
f 6282 3810 4207
f 7406 6282 4207
f 3410 406 6283
f 6283 7761 3410
f 6284 2161 4688
f 9 2161 6284
f 7158 6285 6279
f 6103 3639 6285
f 6286 3671 7837
f 6286 7837 5086
f 4003 6287 6974
f 2035 6287 4003
f 4480 5870 6288
f 1654 4480 6288
f 1653 2819 6289
f 6289 2819 3532
f 6290 3284 7570
f 6290 7580 3284
f 2254 5154 6291
f 6291 5447 2254
f 6292 5135 781
f 781 8238 6292
f 8195 2247 1201
f 8195 1201 3379
f 2088 3511 6294
f 6753 2088 6294
f 6295 4044 3822
f 7105 8256 3822
f 1155 5997 6296
f 5803 1155 6296
f 3774 6297 6319
f 3895 6297 3774
f 2933 4680 6298
f 6298 4680 5993
f 2318 6312 6299
f 2318 6299 5470
f 7394 7889 2641
f 523 2633 7394
f 6301 534 3361
f 6301 3361 7250
f 6302 4367 608
f 6302 608 1753
f 2009 3703 6303
f 6303 3703 7343
f 4701 2293 6304
f 2293 546 6304
f 2641 8425 7394
f 2641 6918 8425
f 11 6306 1558
f 11 3613 6306
f 6307 1129 5379
f 6307 2329 1129
f 2635 6308 3291
f 3291 6308 5535
f 3781 6309 1890
f 1890 6320 6397
f 6587 3819 6310
f 6310 3819 8482
f 4775 1781 6311
f 6311 3768 4775
f 2318 3336 6312
f 3336 4972 6312
f 2195 925 6313
f 477 2195 6313
f 6309 8672 6314
f 6309 6314 1890
f 5866 2371 6315
f 2371 2737 6315
f 782 7862 7526
f 1720 782 7526
f 3932 6317 6581
f 6317 7980 3752
f 6318 3368 8712
f 3368 6318 6017
f 3774 6319 1387
f 6319 5793 1387
f 6314 8672 6320
f 6314 6320 1890
f 2287 8669 6321
f 374 2609 6321
f 6322 97 1681
f 5763 97 6322
f 2080 7269 6323
f 847 2080 6323
f 5525 3325 6324
f 8103 5525 6324
f 6325 4921 6967
f 6325 6035 4921
f 280 6326 283
f 283 7491 281
f 6327 6333 1965
f 1965 1080 6327
f 3629 2450 6328
f 6630 6328 2450
f 4481 6329 2776
f 2029 6329 4481
f 6334 6330 3353
f 6334 1480 6330
f 4813 280 6331
f 6331 280 283
f 5915 6340 6332
f 8700 3322 3723
f 6327 1370 6333
f 1370 3925 6333
f 4353 6334 3353
f 6334 4353 5418
f 3082 4333 6335
f 7028 3082 6335
f 2392 6336 1260
f 6336 5496 1260
f 2390 6337 4593
f 5662 4593 6337
f 5685 6338 3148
f 6338 2933 3148
f 5087 4086 6339
f 5121 6339 4086
f 8700 6340 3322
f 3560 3322 6340
f 6341 3616 1362
f 6341 1362 5526
f 1519 4094 6342
f 6885 6342 7240
f 8471 5671 6343
f 5393 5392 6343
f 2667 6344 6697
f 4178 6344 2667
f 6345 1493 8417
f 3331 1493 6345
f 6346 8462 1454
f 1454 4801 6346
f 3357 3387 6347
f 6347 3705 3357
f 6348 7567 6990
f 6348 6990 5838
f 2223 6349 924
f 6337 924 6349
f 4274 6350 4332
f 4332 6350 4214
f 6351 2433 710
f 2433 6351 6559
f 2600 1513 6352
f 2600 6352 5005
f 3486 370 6353
f 6054 3486 6353
f 4853 6354 4626
f 4626 8082 5773
f 4332 4214 6355
f 6355 4214 3627
f 7773 6679 3031
f 3031 6679 1090
f 1752 4936 6357
f 1752 6357 8290
f 1118 947 6358
f 8044 1118 6358
f 5455 1400 6359
f 1400 7852 6359
f 5365 6360 3867
f 2267 6364 6360
f 6195 6361 1495
f 6361 3857 1495
f 1649 7785 6362
f 1649 6362 2789
f 6363 1589 3763
f 4639 6363 3763
f 7832 6364 6371
f 6364 7832 6360
f 6365 8668 2454
f 6365 508 3749
f 8734 6366 744
f 6366 470 744
f 218 5957 6367
f 203 218 6367
f 6368 3411 5741
f 5880 3411 8287
f 5378 3696 6369
f 6369 3696 3013
f 6370 7464 5040
f 5040 7304 6370
f 5365 3867 6371
f 6371 8245 5365
f 1403 6372 5456
f 7338 5456 6372
f 2787 6373 4240
f 4699 6373 2787
f 1106 6960 6374
f 1106 6374 4330
f 6292 6375 4128
f 6375 5813 4128
f 6376 3134 6986
f 6947 6376 3007
f 6377 5126 8722
f 5126 6377 4488
f 789 1345 6378
f 789 6378 1696
f 6830 1486 6379
f 1486 8036 6379
f 6368 5741 6380
f 5741 4320 6380
f 3526 7912 6381
f 6381 5873 3526
f 7357 1988 6382
f 6382 1988 8745
f 7116 6383 7119
f 6719 7119 6383
f 7209 6384 106
f 6384 4057 106
f 6385 6376 6947
f 6385 5911 6376
f 6380 500 6386
f 6061 6386 8518
f 3524 7429 6387
f 6387 6379 8036
f 6377 6388 4488
f 8294 4488 6388
f 627 6389 2065
f 2898 6389 627
f 589 2423 6390
f 6390 4927 589
f 8525 1742 6391
f 6391 1742 592
f 2802 3830 6392
f 3830 2824 6392
f 1948 6393 3750
f 739 6393 1948
f 6394 724 4426
f 724 6394 4952
f 4379 6395 2664
f 4379 4886 6395
f 778 5515 6396
f 778 6396 7221
f 6397 5232 7139
f 6320 5232 6397
f 1034 6398 5517
f 7161 4895 5517
f 546 6399 6304
f 6399 546 3030
f 6400 6412 3809
f 5239 4013 6400
f 5394 3635 6401
f 5394 6401 1047
f 1595 6402 4953
f 6402 1595 5743
f 2245 2336 6403
f 2336 4663 6403
f 6404 837 1183
f 837 6404 4853
f 6405 6411 2685
f 6405 2685 3373
f 3680 1620 6406
f 3680 6406 2743
f 3815 8423 6407
f 3815 6407 3360
f 6111 411 6408
f 4469 6408 411
f 6409 4709 1424
f 5076 4709 6409
f 3591 6410 2927
f 3591 471 6410
f 4025 6411 6405
f 4025 437 6411
f 1702 6412 4013
f 6400 4013 6412
f 4489 6413 796
f 6413 2154 796
f 6418 3383 6414
f 6418 6414 5989
f 2941 5135 6415
f 6415 5135 1650
f 2676 7251 6416
f 2676 6416 3672
f 6412 6417 177
f 6434 8285 6429
f 6418 3315 5163
f 5989 3315 6418
f 6419 2426 5755
f 2426 6419 2749
f 3347 1180 6420
f 1180 3133 6420
f 3303 6421 5106
f 6421 3303 719
f 3948 8059 1732
f 6419 1732 8059
f 7364 5851 6423
f 8116 7364 6423
f 6424 2727 1807
f 6424 1807 665
f 6425 5686 1248
f 1248 5105 6425
f 6426 8519 1849
f 4044 6426 1849
f 5925 6427 838
f 6427 446 838
f 191 186 6428
f 186 1301 6428
f 6429 177 6417
f 177 6429 3809
f 2904 6430 879
f 879 6430 5166
f 8628 6431 8622
f 478 6431 7364
f 6432 469 5060
f 469 7418 3401
f 2284 6433 3686
f 6433 1013 3686
f 6417 4280 6434
f 6417 6434 6429
f 6435 3459 6231
f 6435 8514 5676
f 1006 6436 4266
f 1006 8067 6436
f 1614 3991 6437
f 1992 6437 3991
f 4856 4430 6438
f 8818 5796 4856
f 3521 6439 6427
f 3521 273 6439
f 6440 3727 2705
f 6440 2705 1014
f 8425 453 6441
f 453 3537 6441
f 6935 6442 2528
f 2528 6442 4799
f 6443 2478 6712
f 631 2478 6443
f 3452 6435 6444
f 6458 6435 5676
f 2326 6445 2015
f 6445 4904 2015
f 6446 772 2861
f 3335 6446 2861
f 5285 6447 2446
f 2446 6447 5890
f 4666 2255 6448
f 2255 5800 6448
f 7823 631 6449
f 6449 631 6443
f 4996 6450 3123
f 4996 1642 6450
f 5964 6451 3426
f 3426 8803 2042
f 6455 7807 5105
f 7807 6425 5105
f 6453 3600 2409
f 3600 6453 1472
f 6458 5676 6454
f 6454 5676 3465
f 5105 1734 6455
f 7956 6455 1734
f 6456 5426 212
f 6456 212 7155
f 7300 6457 5134
f 3326 7615 6457
f 6435 6458 6444
f 6444 6458 6454
f 7956 1734 6459
f 6459 6833 7956
f 2178 4332 6460
f 2178 6460 730
f 6461 2536 2105
f 6461 2105 7420
f 6462 2741 1789
f 6462 4961 2741
f 7882 1359 6463
f 6444 6463 1359
f 1829 417 6464
f 370 1829 6464
f 6465 6468 8716
f 6468 6465 2526
f 3219 6466 5687
f 7553 8373 6466
f 2197 122 6467
f 123 8112 122
f 5621 1985 6468
f 6468 1985 3296
f 5305 3691 6469
f 6469 3691 4520
f 1912 4121 6470
f 6470 4121 3032
f 4137 1895 6471
f 6667 6471 1895
f 6472 3163 8311
f 3163 6472 1673
f 6473 1220 8588
f 1220 6473 7637
f 8705 4303 6474
f 4303 6428 6474
f 6094 6475 3311
f 6475 6094 105
f 2277 6476 2738
f 2738 6476 4506
f 6477 2055 2876
f 3853 2055 6477
f 6478 5651 64
f 4340 5651 6478
f 6479 5507 2300
f 4179 6479 2300
f 873 6480 4282
f 873 4525 6480
f 187 6481 5030
f 187 8805 6481
f 1213 1132 6482
f 1132 6239 7535
f 6755 6483 1643
f 6483 5866 1643
f 6484 2947 2808
f 6870 6484 2808
f 7289 6485 1517
f 1517 6485 4015
f 4010 5363 6486
f 5960 4010 6486
f 400 6487 735
f 6490 1982 6487
f 5087 6488 2007
f 6488 2940 2007
f 4679 6489 668
f 6489 1537 668
f 6487 400 6490
f 6490 400 875
f 7857 7706 6491
f 6491 7706 7700
f 6492 1259 4909
f 1429 1259 6492
f 7178 6493 3352
f 5430 3352 6493
f 2062 8063 6494
f 8070 8088 6069
f 6073 6495 3779
f 996 3779 6495
f 1259 6496 4909
f 1259 5301 6496
f 7857 2096 6497
f 6497 2096 764
f 6498 6500 2463
f 6498 2515 6500
f 6499 3798 7777
f 5627 6499 7777
f 6500 4749 2463
f 6500 3462 4749
f 6075 650 6501
f 650 3367 7992
f 2159 4203 6502
f 6491 7700 6502
f 114 6503 119
f 6503 123 119
f 6504 5469 267
f 267 5694 6504
f 6505 5651 4340
f 39 6505 4340
f 7819 1680 6506
f 6832 6506 1680
f 1584 1658 6507
f 4551 1584 6507
f 6493 6508 1700
f 1700 6508 3782
f 6509 1626 413
f 6509 6093 1626
f 6510 3210 2249
f 6510 2249 5111
f 6511 5225 3468
f 6511 3468 5253
f 6512 1536 3713
f 5848 6512 3713
f 6513 5315 2203
f 6513 2203 5076
f 4411 6514 2115
f 2115 6514 6814
f 5045 3739 6515
f 3739 2423 6515
f 3878 6516 1329
f 1329 6516 3687
f 4677 6517 3258
f 6523 2415 3258
f 6518 3335 4120
f 1228 6518 4120
f 7538 1274 6519
f 1274 86 6527
f 6520 532 6907
f 7247 532 6520
f 4153 6521 7346
f 4153 2071 6521
f 2577 605 6522
f 605 5593 6522
f 6517 6523 3258
f 6523 6517 3990
f 6524 8395 507
f 6524 507 7328
f 7722 6525 1256
f 1003 6525 797
f 6526 4922 2019
f 6526 1618 4922
f 6519 1274 6527
f 6519 6527 4401
f 6528 123 120
f 8112 123 6528
f 1820 3880 6529
f 3880 3869 6529
f 6530 159 4329
f 4329 2136 6530
f 4988 8762 1640
f 3098 8762 4988
f 8589 6532 4492
f 6532 711 4492
f 3892 6533 7010
f 3892 7591 6533
f 6534 3931 3805
f 6539 3805 4113
f 300 6535 5686
f 2991 6535 300
f 8198 6536 8191
f 6536 7020 3985
f 6537 3328 1589
f 6537 4428 3328
f 391 6426 6538
f 5675 391 6538
f 6534 3805 6539
f 5277 6534 6539
f 797 6540 1119
f 797 6525 7722
f 1745 6541 2156
f 8198 7020 6536
f 2743 6406 6542
f 4005 2743 6542
f 6543 6275 410
f 6543 410 5813
f 8809 1048 6544
f 1048 3357 8494
f 7036 1726 6545
f 6545 1726 7511
f 7378 1427 8205
f 1427 7378 292
f 2514 4544 6547
f 6547 2552 2514
f 5717 6548 1389
f 6548 4478 1389
f 6549 547 4287
f 7277 547 6549
f 2965 6550 2686
f 4401 2686 6550
f 6771 6551 1943
f 1943 6551 7525
f 6587 1408 6552
f 1408 1882 6552
f 598 6553 1996
f 6553 598 6747
f 3109 1776 6554
f 6854 3109 6554
f 406 6555 6283
f 3682 6555 406
f 2532 6556 3843
f 4971 3843 6556
f 6552 1882 6557
f 6557 1882 4893
f 4624 6558 6862
f 4624 3898 6558
f 6559 6574 1911
f 6559 1911 2433
f 6560 844 8676
f 141 6564 6560
f 6561 1662 6707
f 1662 6561 7367
f 2649 6562 871
f 4408 6562 2649
f 3217 6563 6233
f 1346 6563 3217
f 6564 844 6560
f 844 6564 2932
f 2946 6565 309
f 6565 5381 309
f 3453 6566 5371
f 3453 6683 6566
f 6567 8440 3206
f 6567 2884 8440
f 6568 2444 3818
f 1296 6568 3818
f 3228 6569 3889
f 6569 365 3889
f 3895 6570 6297
f 3895 1546 6570
f 1158 6571 5626
f 6571 1158 905
f 6572 6509 413
f 6572 413 2890
f 2755 6573 6422
f 2512 6573 6578
f 3228 6574 6559
f 3889 6574 3228
f 4064 3745 6575
f 3745 2766 6575
f 4820 489 6576
f 489 2385 6576
f 7248 6577 1442
f 6577 2769 1442
f 2755 2500 6578
f 2755 6578 6573
f 3126 5295 6579
f 6579 7174 7168
f 4614 6580 1619
f 6903 4947 1619
f 5220 6581 3740
f 3740 6581 1828
f 8495 1786 8500
f 3864 8500 1786
f 6583 425 4854
f 6583 1154 425
f 2613 5629 6584
f 5629 706 6584
f 6585 25 44
f 44 48 6585
f 3057 7013 6586
f 7013 6779 6586
f 6310 763 6587
f 763 1408 6587
f 2076 6588 3720
f 6457 6588 2076
f 3501 6589 2482
f 5938 6589 3501
f 8146 7175 6590
f 6590 7252 3158
f 3137 6591 1914
f 3137 2825 6591
f 144 6592 137
f 137 6592 6916
f 1981 6593 6742
f 1981 7521 6593
f 6594 3159 4099
f 4142 3159 6594
f 6595 8706 5534
f 6595 5534 2263
f 6596 6085 568
f 7617 6596 568
f 2851 6597 4130
f 2851 1403 6597
f 2404 6598 4537
f 2404 3422 6598
f 1208 6181 6599
f 1208 6599 3792
f 6315 2737 6600
f 2737 5498 6600
f 518 6601 1682
f 8410 6601 518
f 6602 846 5353
f 4660 6602 5353
f 6603 5151 485
f 7698 6603 4467
f 6147 3108 6604
f 6604 3108 5925
f 6605 1819 5160
f 8065 1766 8074
f 1954 317 6606
f 317 4445 6606
f 1868 6607 5352
f 6607 2678 5352
f 3212 6563 6608
f 3212 6608 6791
f 6609 2174 3037
f 3179 2174 6609
f 810 2370 6610
f 2370 5453 6610
f 3405 2400 6611
f 3393 6611 2400
f 4180 6612 2815
f 6612 8357 2815
f 2271 2870 6613
f 6613 2870 261
f 6614 3506 1288
f 8416 6614 1288
f 8618 4931 6615
f 1604 6615 4931
f 6616 3431 1607
f 6605 3431 6616
f 1346 5671 6617
f 5671 8471 6617
f 6618 2712 5490
f 6049 2712 6618
f 1610 6619 3623
f 1610 7725 6619
f 6328 6630 7099
f 4995 4542 7099
f 6621 4681 4077
f 1170 6621 4077
f 6622 147 6592
f 144 147 6622
f 6623 6627 259
f 6613 7851 259
f 1343 2363 6624
f 6624 2363 4192
f 3877 6625 4650
f 6040 6625 3877
f 1221 6049 6626
f 6626 6049 6618
f 7771 6627 7353
f 6623 7353 6627
f 5433 6628 2268
f 6628 1530 2268
f 1596 5424 6629
f 3406 1596 6629
f 6630 5270 4995
f 6630 4995 7099
f 4057 6631 2460
f 6384 6631 4057
f 115 2556 6632
f 7657 115 6640
f 8352 4572 6633
f 6633 4809 8352
f 4251 1029 6634
f 6634 1029 3583
f 7853 6635 5270
f 6648 4995 5270
f 6636 4294 883
f 1395 6636 8699
f 7138 6637 2239
f 7138 1114 6637
f 1846 6978 6638
f 6638 4427 1846
f 3339 6639 8367
f 6339 6639 3339
f 6640 115 6632
f 6632 4786 6640
f 6641 2187 17
f 6645 6183 7529
f 6642 1379 2175
f 8196 6642 7916
f 4386 5015 6643
f 2751 4386 6643
f 3300 5346 6644
f 6644 3518 3300
f 5938 6958 6641
f 6958 2187 6641
f 2577 6522 6646
f 8168 2577 6646
f 8661 7666 7662
f 7744 7565 7666
f 5808 6648 6635
f 5270 6635 6648
f 1031 6649 5136
f 2525 5136 6649
f 4108 6650 4089
f 6650 92 4089
f 7151 6651 2063
f 6651 4580 2063
f 4436 6652 5647
f 6107 5647 6652
f 7104 6653 1170
f 6653 6621 1170
f 5185 6654 2785
f 6649 2785 6654
f 1061 6655 4594
f 6655 1061 8206
f 4830 4619 6656
f 4619 3406 6656
f 1634 6657 265
f 265 6657 276
f 2338 6658 3742
f 6658 6146 3742
f 3027 4725 6659
f 6659 850 3027
f 8206 6660 6655
f 2150 7293 6660
f 3301 6661 882
f 6661 8477 882
f 2769 6662 1442
f 6662 2769 5546
f 6663 1341 4585
f 6663 4160 1341
f 6664 653 912
f 6664 5119 653
f 4283 719 6665
f 719 1875 6665
f 954 7543 6666
f 954 6666 6124
f 6667 495 2023
f 6471 6667 2023
f 6668 2971 4392
f 4392 5603 6668
f 6669 7076 7067
f 2574 6669 164
f 474 6670 3823
f 6670 4323 3823
f 6671 3488 3838
f 6671 3838 4262
f 322 6672 1392
f 2599 6672 322
f 5788 485 6673
f 6678 6680 6673
f 3318 2185 6674
f 6674 2185 6276
f 637 4565 6675
f 4565 1024 6675
f 1748 6676 4956
f 629 6676 1748
f 4402 3149 6677
f 3149 3617 6677
f 6680 6678 3719
f 6678 6471 3719
f 7773 6356 6679
f 6679 6356 3787
f 5788 6673 6680
f 5788 6680 3719
f 5838 8808 6681
f 2013 5838 6681
f 6682 1195 708
f 6682 708 2263
f 629 1748 6683
f 629 6683 3453
f 8014 1605 6684
f 4804 6684 1605
f 6685 4052 2894
f 1611 4052 6685
f 1406 6686 655
f 655 6686 3218
f 3303 5106 6687
f 5106 2275 6687
f 5605 175 6688
f 6688 7993 5605
f 383 6689 5802
f 5802 6689 2816
f 6690 3285 1996
f 6690 1996 6553
f 4058 6691 3808
f 6691 4058 3043
f 4949 6692 4228
f 4949 6686 6692
f 8582 6482 6693
f 1126 6693 7019
f 6694 1839 4424
f 6694 3321 1839
f 6695 270 3395
f 6695 6701 5068
f 7102 7091 1958
f 439 1958 7091
f 1161 388 6697
f 3922 1161 6697
f 6698 3321 6694
f 6698 6694 6844
f 8121 6699 3434
f 791 3434 6699
f 5749 6700 1426
f 5376 1426 6700
f 3395 8569 6701
f 3395 6701 6695
f 1930 6702 513
f 3780 6702 1930
f 4962 3550 6703
f 6056 4962 6703
f 6704 4442 286
f 6704 286 7315
f 2656 6705 2084
f 2084 6705 6087
f 1776 5416 6706
f 6554 1776 6706
f 6561 6707 3093
f 3093 6707 8427
f 8650 5752 6708
f 6708 5752 7376
f 6709 561 936
f 6715 6709 936
f 6710 4455 1440
f 6704 6710 1440
f 5903 5700 6711
f 2742 8387 5700
f 6443 6712 2722
f 2722 6712 7470
f 3630 6713 6700
f 3630 6708 6713
f 8250 8255 6714
f 8255 5191 8295
f 3764 6715 936
f 6715 3764 1035
f 6716 4366 2953
f 6716 2953 5059
f 1172 6717 3466
f 7519 3466 6717
f 3525 6718 54
f 6718 1672 54
f 6719 2119 436
f 6719 6383 2119
f 1253 6720 6091
f 6720 1793 6091
f 5992 6721 443
f 5602 443 6721
f 744 888 6722
f 6722 888 1173
f 6723 8800 1715
f 4037 6723 1715
f 6724 5989 4263
f 6724 4263 8549
f 6725 4442 3665
f 6725 3665 1417
f 6726 1645 3633
f 7103 6726 3633
f 6817 6727 6346
f 6812 6826 6817
f 5343 6728 5992
f 5343 1979 6728
f 6109 17 6729
f 2187 6729 17
f 1471 2832 6730
f 1471 6730 6036
f 6731 179 4582
f 6731 4582 6197
f 7478 6732 5523
f 6732 3626 5523
f 4366 6733 691
f 6716 6733 4366
f 6157 6734 1190
f 5164 1190 6734
f 4324 923 6735
f 4324 6735 581
f 6736 437 4025
f 6736 4025 6405
f 6737 249 5729
f 232 249 6737
f 6738 6427 5925
f 3108 6738 5925
f 862 3441 6739
f 6739 4005 862
f 1768 4361 6740
f 1768 7265 124
f 2714 6741 439
f 439 6741 6278
f 6593 4491 6742
f 5946 6742 4491
f 6743 1038 3215
f 1053 1038 6743
f 4585 6796 6744
f 6796 7322 6744
f 6178 6085 6745
f 6745 8305 6178
f 6746 6736 6405
f 6746 6405 5650
f 3359 6747 598
f 3359 7342 6747
f 1351 6748 7051
f 5474 6748 6893
f 6749 5713 1456
f 1691 6749 1456
f 3015 3936 6750
f 4832 6750 3936
f 1038 2317 6751
f 3205 1038 6751
f 6752 5503 3283
f 7302 3283 1425
f 6753 6294 389
f 5327 6753 389
f 6761 5993 6754
f 6754 6834 3128
f 6755 2107 5357
f 6755 1643 2107
f 4746 6756 3418
f 6756 3005 3418
f 1392 6672 6757
f 6757 6803 1392
f 6758 5670 3119
f 5670 6758 3302
f 2896 6759 4899
f 2681 6759 2896
f 5333 5737 6760
f 6760 2855 5333
f 3128 6761 6754
f 3128 7498 6761
f 455 6762 3015
f 6762 3936 3015
f 6763 8201 2038
f 6763 2038 5075
f 2392 1260 6764
f 6764 918 2392
f 6765 2717 2487
f 3432 6765 2487
f 4792 6766 4803
f 4792 3319 6766
f 1485 8133 6767
f 8133 285 6767
f 6768 8113 1765
f 6768 1765 1380
f 2391 6769 6610
f 6769 2391 5167
f 4744 6770 674
f 8519 674 6770
f 6771 5302 6551
f 3725 5302 6771
f 2823 6772 181
f 8718 181 6772
f 6773 5206 8419
f 6773 2017 5206
f 685 6774 3827
f 685 5216 8282
f 6775 962 2799
f 7562 962 6775
f 3725 5106 6776
f 6776 5302 3725
f 6777 1604 4931
f 6777 535 1604
f 6778 1910 2151
f 2151 6782 6778
f 7013 2827 6779
f 2827 666 6779
f 6780 223 1792
f 6780 1792 5737
f 6781 5184 1008
f 7907 6781 1008
f 6782 3504 5057
f 6778 6782 5057
f 514 8182 6783
f 1646 514 6783
f 3753 6784 6781
f 8378 3753 2531
f 420 464 6785
f 4304 6785 464
f 2323 7752 6786
f 2323 6786 5580
f 6803 6787 4051
f 8484 4051 6787
f 1855 6788 3604
f 1855 2944 6788
f 6789 4819 7491
f 6888 4819 6789
f 5817 6790 1448
f 6790 5817 5735
f 6447 5263 6791
f 5263 3212 6791
f 2575 6792 644
f 2575 640 6792
f 5312 4898 6793
f 5312 6793 8091
f 6807 3259 6794
f 6794 3259 4658
f 4224 1845 6795
f 6795 1845 5226
f 1273 8413 6796
f 7322 6796 8413
f 2410 6797 907
f 4138 6797 2410
f 6798 347 6045
f 1494 347 7360
f 2264 4690 6799
f 6799 4690 6104
f 6800 4620 3297
f 6800 3297 6793
f 2519 7509 5208
f 7509 7504 5208
f 2882 6802 4125
f 4125 8555 1810
f 4098 1392 6803
f 6803 4051 4098
f 2734 6804 352
f 1673 6804 2734
f 6805 4493 1669
f 4493 6805 6221
f 6806 5918 329
f 5639 6806 329
f 2026 876 6807
f 6807 876 3259
f 6808 2517 4531
f 6808 3194 2517
f 4497 3451 6809
f 6809 3451 1998
f 2915 6810 1032
f 2915 984 6810
f 100 8088 6811
f 100 6811 7209
f 1458 3741 6812
f 7354 6812 3741
f 6813 4316 3926
f 458 6813 3926
f 6814 6808 4531
f 2115 6814 4531
f 2073 4445 6815
f 317 6815 4445
f 6816 5503 173
f 6816 173 2430
f 6812 6817 1458
f 1458 6817 4801
f 4423 6818 3804
f 6818 1669 3804
f 2035 8301 6819
f 2213 7350 7344
f 8526 2424 6820
f 1258 6820 2424
f 6821 1416 2368
f 1416 6821 5640
f 7768 1709 6822
f 6822 1709 4495
f 6823 6686 1406
f 7141 6823 1406
f 5620 6824 6015
f 1331 6824 5620
f 6825 4019 1642
f 8391 4019 6825
f 6727 6817 6826
f 6727 6826 5948
f 5141 6827 3490
f 5141 1447 6827
f 4716 2579 6828
f 6828 2579 5668
f 4002 2663 6829
f 6829 1131 4002
f 6830 6379 942
f 2035 7817 8301
f 4610 6831 408
f 1199 6831 4610
f 4642 6898 6832
f 6832 1680 4642
f 3250 6833 1311
f 6833 6459 1311
f 6834 6754 1590
f 1254 6834 1590
f 2650 6835 7726
f 2976 6835 2650
f 6836 3666 6061
f 6836 6286 3666
f 6837 4113 5646
f 1651 6837 5646
f 3401 6838 469
f 3401 2705 6838
f 5287 6839 3192
f 6839 1945 3192
f 4453 6840 755
f 6840 6998 755
f 6108 2561 6841
f 2561 1537 6841
f 6842 1177 1647
f 1177 6842 1378
f 6843 3398 4090
f 3398 6843 6002
f 6844 1974 8435
f 6694 1974 6844
f 1992 3991 6845
f 6845 6848 1992
f 1177 6846 1647
f 1177 1378 6846
f 6847 2310 4571
f 1713 2310 6847
f 3659 1992 6848
f 6848 7257 3659
f 1378 1640 6849
f 6846 1378 6849
f 8011 2200 7986
f 2200 8011 6856
f 3243 6851 3407
f 6851 3243 2606
f 770 1552 6852
f 1552 6211 6852
f 6853 980 5826
f 6853 5826 4703
f 6854 1592 3109
f 5347 1592 6854
f 6855 8171 3914
f 368 8171 6855
f 6856 8011 2694
f 4597 6856 2694
f 6268 1476 6857
f 6857 1476 2024
f 6858 7016 3728
f 3728 5524 6858
f 1331 2593 6859
f 6859 2593 6863
f 704 2721 8292
f 8292 2721 4028
f 6861 1587 8711
f 3935 1587 6861
f 7319 2176 6862
f 2176 4624 6862
f 6863 6852 4022
f 6859 6863 4022
f 1196 7363 6864
f 5331 1196 6864
f 6865 2024 2805
f 6865 6857 2024
f 6866 3841 1799
f 445 6866 1799
f 700 1686 6867
f 4385 6867 1686
f 2342 3332 6868
f 6868 3332 6975
f 3133 6869 2241
f 5278 6869 3133
f 6484 6870 403
f 6870 1376 403
f 4772 8218 956
f 1059 8218 4772
f 6872 3994 701
f 5117 6872 701
f 5733 7048 6873
f 3370 5733 6873
f 1831 1793 6874
f 1831 6874 6797
f 6875 3640 5410
f 5801 3640 6880
f 6921 2513 6876
f 6915 2483 5147
f 6877 3994 8100
f 701 3994 6877
f 6882 6878 6553
f 6878 6690 6553
f 6879 132 140
f 138 132 6916
f 6875 6880 3640
f 6875 4360 6880
f 3031 1090 6881
f 6881 6886 5844
f 2929 6882 1627
f 6882 2929 6878
f 3281 6888 6883
f 1136 3281 6883
f 6884 3991 1614
f 7265 6884 1614
f 6342 6885 3155
f 6885 6873 3155
f 1090 6886 6881
f 1090 3784 6886
f 1106 4330 6887
f 6887 4330 3346
f 3281 277 6888
f 4819 6888 277
f 2998 6889 5362
f 1468 6889 2998
f 6890 4948 4946
f 6890 6123 4948
f 6891 2970 1455
f 6891 887 2970
f 6892 4983 695
f 3113 6892 695
f 6893 1351 1977
f 6893 6748 1351
f 5307 2508 6894
f 6532 6894 2508
f 1301 6902 6895
f 324 4271 7975
f 1306 6896 3701
f 149 3701 6896
f 2638 2047 6897
f 6131 2638 6897
f 5996 6898 1625
f 4642 1625 6898
f 7024 6899 93
f 93 7218 3712
f 4548 6900 4583
f 6900 959 4583
f 2824 6901 6392
f 6901 2824 5901
f 6895 6902 324
f 6902 8717 324
f 4620 7549 6580
f 6580 7549 1619
f 502 2619 6904
f 6904 2408 502
f 6905 5940 378
f 378 5719 6905
f 4897 6906 4654
f 6914 4897 1369
f 6907 6223 2691
f 2691 6520 6907
f 6908 2051 6238
f 6911 2051 6908
f 6909 5785 5792
f 4095 5785 6909
f 1816 6910 3780
f 5513 6910 1816
f 8429 4601 6911
f 6911 4601 2051
f 6912 6331 3772
f 3772 5473 6912
f 3893 6913 2633
f 7079 6131 6913
f 6914 8717 4897
f 8717 6914 324
f 3595 6915 6876
f 6915 5147 6876
f 6879 5077 6916
f 6879 6916 132
f 5397 2943 6917
f 6917 2943 749
f 7896 6918 7889
f 6913 6897 6918
f 3187 6919 7281
f 6919 3187 485
f 7323 6920 2653
f 6920 3038 2653
f 6921 6876 5147
f 2483 6921 5147
f 6932 2324 6922
f 820 6922 2324
f 1335 1982 6923
f 1335 6934 8670
f 6924 1218 8152
f 5349 1878 6924
f 3317 6925 4846
f 4846 6925 8738
f 6940 3886 4284
f 3886 6940 6160
f 3134 5911 6927
f 6986 3134 6927
f 4766 6928 8306
f 4766 7879 6928
f 2961 6929 3233
f 6935 2528 3233
f 4284 6930 6940
f 1670 6930 4284
f 7324 788 6931
f 788 1281 6931
f 2926 8083 2917
f 8083 2926 2324
f 7281 6933 3187
f 7288 4696 3187
f 6923 892 6934
f 6923 6934 1335
f 2556 6935 6929
f 6929 6935 3233
f 6936 3317 4846
f 5092 3317 6936
f 6937 2444 4817
f 6937 4817 8188
f 5454 6938 2168
f 6938 1754 2168
f 1793 6939 6874
f 1793 6720 6939
f 6926 6160 6940
f 6926 6940 6930
f 997 437 6941
f 6941 4195 997
f 6942 6804 1673
f 6472 6942 1673
f 1754 3757 6943
f 3757 4464 6943
f 3172 2233 6944
f 5613 3172 6944
f 233 6737 6945
f 8576 2813 233
f 6946 745 2729
f 6946 4244 745
f 6947 7175 2932
f 2932 6564 6947
f 2202 6948 7451
f 2202 3968 6948
f 1411 6949 4514
f 4514 6949 5222
f 4252 6950 1036
f 1036 6950 1410
f 2411 8193 6951
f 6951 3856 2411
f 2520 2145 6952
f 2520 6952 1102
f 3520 7916 6953
f 5112 6953 2175
f 5246 5143 6954
f 5143 5146 6954
f 8798 6955 4791
f 4791 6955 1333
f 8578 6956 1268
f 6956 7753 1268
f 6957 486 1238
f 2285 6957 1238
f 6958 5337 6645
f 6958 6645 7529
f 2429 2477 6959
f 4563 2429 6959
f 4656 2388 6960
f 1106 4656 6960
f 6961 5954 8430
f 5293 6961 8430
f 8313 934 1995
f 8318 4735 934
f 1066 3641 6963
f 3825 1066 6963
f 2966 6964 2511
f 2511 6964 2023
f 4924 6965 5728
f 8739 6965 4924
f 6966 2156 2148
f 2156 8308 5901
f 6325 6967 4114
f 6967 7230 4114
f 3067 6968 1477
f 3067 1473 6968
f 4404 6969 698
f 6969 5947 698
f 6970 1826 694
f 6970 7979 1826
f 1279 6971 8392
f 1279 2863 6971
f 2964 4909 6972
f 2964 6972 6977
f 5294 5289 6973
f 5289 1432 6973
f 6974 2216 4003
f 2216 6974 5710
f 8305 5487 1349
f 5487 8305 3332
f 4818 6011 6976
f 6011 4933 6976
f 6977 6972 4742
f 6977 4742 5699
f 1846 4901 6978
f 6978 4901 1857
f 4364 8282 6979
f 6970 4364 7979
f 8651 3204 6980
f 2892 6980 3204
f 1093 6981 5300
f 5300 6981 2214
f 6989 6994 6982
f 6994 4056 6982
f 2260 6983 6707
f 2260 1278 6983
f 6984 6672 2599
f 6984 2599 2321
f 950 6985 2910
f 950 272 6985
f 3007 6376 6986
f 3007 6986 6184
f 6987 1460 4151
f 8732 5271 8534
f 6983 1278 6988
f 6988 1278 7713
f 5824 3954 6989
f 6989 3954 4864
f 1242 961 6990
f 5838 6990 961
f 4026 7400 6991
f 5121 4026 6991
f 6992 1820 6064
f 811 1820 6992
f 6986 6927 6993
f 6927 6528 6993
f 6989 4864 6994
f 4864 8639 6994
f 246 6995 7371
f 247 6995 246
f 6257 7012 6996
f 7012 7002 6996
f 6997 2811 8659
f 2811 6997 4854
f 6998 2189 755
f 2192 2189 6998
f 6161 4398 6999
f 6999 4398 6242
f 1191 3275 7000
f 3275 5356 7000
f 7001 1446 8144
f 7005 5137 1446
f 4839 7002 2909
f 7012 2909 7002
f 1487 7003 1169
f 7003 3812 1169
f 7004 6240 3419
f 3419 7829 7004
f 7001 7005 1446
f 7005 7001 5692
f 5241 7006 298
f 7006 3091 298
f 7023 7007 741
f 7007 7023 1547
f 7802 3976 7008
f 4150 977 7008
f 7009 842 3812
f 7009 3812 7003
f 287 3892 8713
f 8713 3744 287
f 7011 4109 2792
f 7011 5577 4109
f 689 7012 6257
f 7012 689 2909
f 4612 1372 7013
f 7013 1372 2827
f 1508 7014 5587
f 1508 5590 7016
f 497 8241 7015
f 4037 7015 8241
f 7016 6858 8137
f 7016 7014 1508
f 1927 7017 5516
f 5516 7017 1000
f 2565 5336 7018
f 7018 5336 7562
f 3788 7019 6214
f 6214 7019 3416
f 1745 3830 7020
f 7020 8219 1745
f 4565 7021 1853
f 5435 1853 7021
f 2476 7022 5424
f 7022 2791 5424
f 3675 7023 741
f 1547 7023 3675
f 2551 7024 93
f 2551 3360 7024
f 7025 4384 7037
f 7025 163 4384
f 1922 5340 7026
f 1922 7026 5675
f 675 7027 505
f 1405 7027 675
f 5641 7028 752
f 7028 5641 2116
f 7029 4553 570
f 7411 4553 7029
f 3234 7030 7037
f 1467 7030 3234
f 5910 7031 4420
f 8279 4420 7031
f 7032 1731 5769
f 1120 1731 7032
f 3417 7033 5621
f 5621 7033 830
f 4860 7034 3846
f 4860 4875 7034
f 1081 7035 2730
f 2730 7035 943
f 7036 3203 1726
f 1722 3203 7036
f 3234 7037 2351
f 2351 7042 1133
f 4964 7038 571
f 3982 7038 4964
f 3425 7039 2025
f 2025 7039 6171
f 2545 7040 1516
f 7040 4365 1516
f 1769 7041 5279
f 2017 5279 7041
f 7042 2351 7037
f 7042 7037 4384
f 3238 7043 783
f 6354 783 8759
f 1013 7044 3686
f 1013 4938 7044
f 2978 7045 6852
f 7045 2978 5489
f 2004 7046 5540
f 3263 7046 2004
f 7042 4384 7047
f 7042 7047 2639
f 1078 6792 7048
f 7048 5733 1078
f 6970 694 7049
f 694 4301 7049
f 7050 4384 163
f 7047 4384 7050
f 7051 705 1936
f 1936 1977 7051
f 7052 1331 5620
f 2593 1331 7052
f 7053 495 7060
f 8480 2511 7053
f 2714 7054 6741
f 3498 7632 2714
f 1455 7055 17
f 1455 2970 7055
f 2065 7056 290
f 2065 8585 7056
f 3472 1751 7057
f 160 3472 7057
f 7058 163 983
f 7058 7050 163
f 7059 3629 799
f 7945 3629 7059
f 6154 985 7060
f 985 7053 7060
f 2823 7061 4134
f 4134 7061 6254
f 7062 7385 842
f 7062 842 7009
f 7063 903 5935
f 7063 7068 903
f 7064 1339 7829
f 7064 3747 1339
f 8320 7065 1686
f 2927 7065 3358
f 5158 2 7066
f 2248 7066 2
f 5636 164 7067
f 164 6669 7067
f 7068 7063 4879
f 7068 4879 1523
f 8212 2744 7069
f 2725 7069 2744
f 3639 3166 7070
f 3166 6105 7070
f 7071 2725 2336
f 7071 1565 2725
f 1334 1198 7072
f 1198 6244 7072
f 1222 7073 4249
f 1222 8310 7073
f 7074 8215 551
f 7074 551 996
f 1301 7975 7075
f 3785 1301 7075
f 7076 2850 7164
f 7067 7076 1702
f 3345 3568 7077
f 1900 3345 7077
f 4725 7078 1583
f 4725 3027 7078
f 3893 7079 6913
f 7079 3893 5483
f 7080 1444 6260
f 2589 1444 7080
f 2261 7081 3854
f 8414 3854 7081
f 5082 7082 8603
f 5082 7552 7082
f 2874 7797 7083
f 2874 7083 5386
f 3097 178 7084
f 178 1994 7084
f 7085 1271 691
f 1271 7085 2012
f 4550 73 7086
f 7097 73 3616
f 7087 1867 2979
f 7087 2597 1867
f 7088 5264 288
f 288 7080 7088
f 7089 1638 7486
f 7349 1638 7089
f 7090 4328 92
f 4328 7090 8264
f 6696 3498 7091
f 7091 7102 6696
f 7309 2267 3326
f 3326 6457 7300
f 807 7093 7842
f 7093 4802 7845
f 2899 3636 7094
f 7094 3636 2421
f 6685 7095 1611
f 7839 1611 7095
f 1645 7096 3448
f 7096 7964 3448
f 7097 7086 73
f 5914 7086 7097
f 1173 1298 7098
f 4950 7098 1298
f 6620 6328 7099
f 4542 6620 7099
f 5507 7100 624
f 624 7100 1112
f 3673 2599 7101
f 441 3673 7101
f 3262 6696 7102
f 3262 7102 2995
f 2247 7103 3628
f 3628 7111 1828
f 6653 7104 1661
f 3761 1661 7104
f 2503 351 7105
f 351 8256 7105
f 4857 742 7106
f 7106 1181 4857
f 4345 5319 7107
f 4345 7107 2626
f 4568 6160 7108
f 4568 7108 1623
f 2640 6282 7109
f 7109 3784 2640
f 7448 7110 2003
f 7110 6225 2003
f 7111 7103 3633
f 7103 7111 3628
f 7112 3781 1890
f 7112 1890 6397
f 7113 2153 759
f 7113 3025 2153
f 7114 5358 2347
f 285 5358 7114
f 7115 7123 1266
f 8447 654 7115
f 7119 815 7116
f 2536 7116 815
f 1316 7117 2054
f 7261 2054 7117
f 3031 6881 8575
f 8575 8570 3031
f 815 7119 2543
f 8048 2543 7119
f 7120 4183 5774
f 7120 1270 4183
f 2128 7121 4004
f 8529 7121 2128
f 8426 7122 2365
f 1165 2365 7122
f 2454 7123 654
f 7123 7115 654
f 7124 5844 4966
f 5844 8566 8575
f 7125 3702 2314
f 7125 6880 3702
f 7126 3533 1701
f 4998 7584 1701
f 7127 8263 4188
f 7127 4188 7146
f 5039 4419 7128
f 3036 7667 7671
f 1020 2334 7129
f 7133 7129 6246
f 7130 2697 1929
f 7130 4490 2697
f 792 7131 6464
f 792 7680 7131
f 7758 146 7132
f 1450 7132 146
f 1020 7133 3611
f 7129 7133 1020
f 3051 2576 7134
f 2576 8458 7134
f 5908 7135 739
f 7135 7619 739
f 4007 7136 5348
f 7136 7387 5348
f 7137 913 6309
f 7137 6309 3781
f 726 1114 7138
f 6151 726 7138
f 5232 614 7139
f 614 4976 7139
f 7140 6650 4108
f 7243 7140 4108
f 7141 803 6823
f 803 7141 3017
f 7142 5916 1546
f 8483 5916 7142
f 7143 3781 7112
f 7137 3781 7143
f 7144 3842 1001
f 3842 7144 2115
f 1500 3420 7145
f 976 7145 3420
f 4188 1555 7146
f 1555 2142 7146
f 7147 6567 3206
f 6567 7147 1818
f 7801 7148 3115
f 7148 3120 3115
f 2411 3856 7149
f 3856 980 7149
f 1077 591 7150
f 591 2530 7150
f 7151 4470 4722
f 7151 2063 4470
f 5952 2359 7152
f 3814 5952 7152
f 1163 91 7153
f 7153 91 5970
f 3442 7154 5973
f 7154 3442 1308
f 214 7155 201
f 214 6456 7155
f 4030 7156 6810
f 3062 7156 4030
f 3829 7157 5616
f 7793 7157 3829
f 7158 6105 6103
f 6285 7158 6103
f 2272 7159 1980
f 2673 1980 7159
f 566 7160 4076
f 566 5518 7160
f 5858 7161 6398
f 6398 7161 5517
f 1125 3546 7162
f 7162 3546 4102
f 899 7163 2880
f 899 2398 7163
f 7164 6412 1702
f 7076 7164 1702
f 2867 3953 7165
f 7165 3953 3174
f 6015 7166 3185
f 7166 866 3185
f 4206 433 7167
f 433 4628 7167
f 318 7138 7168
f 7174 318 7168
f 535 7169 1604
f 535 1386 7169
f 4426 3008 7170
f 7170 2700 4426
f 405 310 7171
f 7171 310 5217
f 2948 5428 7172
f 423 2948 7172
f 7173 1759 4140
f 4140 779 7173
f 5295 7174 6579
f 5301 7174 5295
f 1436 8682 7175
f 1436 7175 2223
f 7176 423 7172
f 5815 423 7176
f 3964 5245 7177
f 7177 817 7455
f 1730 3042 7178
f 1730 7178 3352
f 183 4978 7179
f 6269 183 7179
f 7180 910 3883
f 5505 910 7180
f 3333 7181 5900
f 7181 3333 188
f 7182 480 7195
f 7191 2881 2636
f 7183 4385 4223
f 7187 7183 4223
f 7184 2047 2638
f 7184 918 2047
f 756 7185 5151
f 7185 756 6678
f 2460 5587 7186
f 4057 2460 7517
f 7187 4806 7183
f 4806 7187 2834
f 7188 936 7182
f 7182 2881 7191
f 7193 2130 7189
f 3473 7189 175
f 6410 7190 1675
f 1675 8559 7919
f 7191 7188 7182
f 7188 7191 1035
f 3574 7192 1234
f 586 7192 3574
f 3473 2661 7193
f 3473 7193 7189
f 7194 4575 3765
f 3765 3746 7194
f 7195 6930 2881
f 2881 7182 7195
f 7196 3499 1586
f 5919 8330 8326
f 7197 31 3961
f 3970 7197 3961
f 7756 1003 7198
f 7198 1003 7332
f 348 503 7199
f 503 3291 7199
f 7200 4834 479
f 5821 4834 7200
f 8335 7201 2965
f 2965 7201 6550
f 4744 7202 74
f 74 7202 4653
f 3473 7203 2661
f 7203 213 2661
f 7204 8175 3054
f 7460 7204 3054
f 7205 1573 2923
f 7205 2923 8704
f 7206 2212 5452
f 2605 7206 5452
f 3177 7207 8497
f 8236 7207 3177
f 6238 1859 7208
f 6055 6238 7208
f 8291 7209 106
f 7849 103 7209
f 3827 7210 5716
f 7210 3827 6774
f 5254 2441 7211
f 5254 7211 1605
f 7212 6277 1800
f 1800 3273 7212
f 7213 5973 3688
f 3688 1926 7213
f 772 5380 7214
f 2861 772 7214
f 6883 7215 1136
f 1136 7215 4206
f 2747 7216 5486
f 2747 247 7216
f 945 8814 7217
f 945 7217 6290
f 7218 93 6899
f 1143 7218 6899
f 8757 727 6016
f 2629 7636 8757
f 1926 3688 7220
f 1926 7220 4383
f 4149 1870 7221
f 4076 4149 7221
f 1651 3906 7222
f 1651 7222 6837
f 6360 7223 8197
f 7228 7223 7615
f 3638 2100 7224
f 2100 2608 7224
f 3231 3238 8178
f 8559 8178 3238
f 5287 3183 7226
f 7226 6839 5287
f 890 7227 7732
f 890 1957 7227
f 7228 7239 7223
f 8197 7236 6360
f 3763 1589 7229
f 1589 3328 7229
f 5262 7230 4148
f 5262 4114 7230
f 8428 7231 3743
f 7231 6021 3743
f 4171 1945 7232
f 7232 1801 4171
f 7233 1429 7770
f 1429 7233 5301
f 7234 1450 7636
f 7256 1450 7234
f 8264 7769 7235
f 2601 78 7235
f 3326 7236 7228
f 7236 2256 7228
f 7237 5976 6078
f 7237 2289 5976
f 7238 4141 4914
f 8128 4141 7238
f 7239 7228 2256
f 2256 7236 8197
f 4094 521 7240
f 7240 6342 4094
f 7241 7239 2256
f 7223 7239 7241
f 7882 7242 5331
f 7242 7420 5331
f 7780 7140 7243
f 7243 94 7780
f 8533 1631 7244
f 130 7249 1631
f 4074 7245 7965
f 7245 4074 5920
f 7246 8038 2125
f 8229 7246 2125
f 7247 3308 532
f 7247 1071 3308
f 1187 2938 7248
f 2938 6577 7248
f 1631 7249 7244
f 2583 7244 7249
f 6301 7250 213
f 213 8397 2661
f 7251 7733 358
f 6889 3849 7251
f 7252 6039 1469
f 1469 3158 7252
f 7253 5539 8126
f 7253 757 5539
f 2598 7254 3580
f 2148 3580 7258
f 2903 2378 7255
f 2378 4157 7255
f 7132 7256 2715
f 7256 7132 1450
f 8573 7257 1925
f 6848 1925 7257
f 7254 7258 3580
f 7254 7276 7258
f 5968 7259 7922
f 7259 5968 8374
f 7260 1208 3792
f 7255 7260 3792
f 7261 7924 3186
f 7261 3186 2054
f 3205 5291 7262
f 5291 1640 7262
f 927 4441 7263
f 4441 7231 7263
f 7264 2266 5419
f 4584 2266 7264
f 6740 6884 7265
f 1768 6740 7265
f 7266 8047 664
f 3490 7266 664
f 4440 4452 7267
f 4452 2887 7267
f 827 3028 7268
f 7476 831 7268
f 3587 7269 6130
f 7269 3587 4977
f 7883 2644 7270
f 2644 4279 7270
f 7271 4309 3859
f 7271 3859 2419
f 4410 7272 3520
f 7254 7272 4410
f 3376 7273 317
f 3376 1954 7278
f 7274 825 7280
f 4549 7274 7545
f 7275 6209 1423
f 7275 1423 7271
f 8308 7276 4410
f 7276 7254 4410
f 7277 2674 547
f 8411 2674 7284
f 1796 7273 7278
f 7278 7273 3376
f 3101 7942 7279
f 5192 3101 7279
f 7540 7274 7280
f 8586 7540 7280
f 3588 3355 7281
f 6933 7281 3355
f 52 66 7282
f 66 57 7282
f 5048 8121 7283
f 7283 1724 5048
f 7277 7284 2674
f 3508 7284 7277
f 2466 1438 7285
f 7285 1438 8154
f 7286 3612 7314
f 1317 3612 7286
f 6800 1107 7287
f 1107 7549 7287
f 3355 7288 6933
f 6933 7288 3187
f 1978 7289 3314
f 6485 7289 1978
f 5875 5869 7290
f 5869 7294 7290
f 5859 7291 5044
f 7291 1236 5044
f 7292 4894 5600
f 8793 4894 7292
f 7293 3608 6660
f 7293 5630 3608
f 5869 170 7294
f 170 5201 7294
f 5746 1733 7295
f 7295 1733 3040
f 5791 7296 3355
f 7296 5791 7292
f 2051 2878 7297
f 2878 6655 7297
f 1225 7298 2810
f 1225 4845 7298
f 3076 894 7299
f 4588 7299 894
f 7300 8128 7092
f 3326 7300 7309
f 639 2862 7301
f 2759 639 7301
f 6752 7302 3742
f 3283 7302 6752
f 7303 562 2501
f 453 7303 2501
f 1265 6370 7304
f 7304 8005 1265
f 5851 7305 963
f 7305 4273 963
f 3664 7306 5278
f 7306 8601 1068
f 7307 2868 4469
f 7307 5695 2868
f 559 3433 7308
f 3433 6404 7308
f 7309 7300 7092
f 8128 7317 7092
f 7310 5040 2898
f 7304 5040 7310
f 7311 1124 2329
f 3035 1124 7311
f 7787 7312 1713
f 1713 7312 2310
f 7313 597 2592
f 6346 597 7313
f 7286 7314 1057
f 1057 7314 2710
f 286 3036 7315
f 7315 3036 7671
f 7316 6197 160
f 160 7057 7316
f 7092 7317 7309
f 7309 7317 3338
f 3950 7318 2301
f 3950 8145 7318
f 2424 7319 1258
f 1258 7319 6862
f 7320 4273 7305
f 5851 7320 7305
f 7321 5183 6112
f 2422 5183 7321
f 7322 6731 6197
f 7316 7322 6197
f 289 7323 2653
f 3111 7323 289
f 7324 5522 788
f 7324 3253 5522
f 2704 4711 7325
f 86 2704 7325
f 7326 6108 3344
f 5655 7326 3344
f 4564 7093 7327
f 2305 4564 7327
f 7328 2434 6524
f 3905 2434 7328
f 2489 7329 4443
f 7329 3782 4443
f 5075 7330 1121
f 7334 354 1121
f 7331 4370 6121
f 7331 1782 4370
f 2192 7332 1003
f 6998 7332 2192
f 4534 7333 3429
f 3312 3429 7333
f 7330 7334 1121
f 7330 721 7334
f 8811 7335 7249
f 5878 7335 5945
f 2489 7336 7329
f 2489 6378 7336
f 8539 1854 7337
f 1854 4154 7337
f 6372 642 7338
f 7338 642 7488
f 7339 827 3785
f 3785 7075 7339
f 1934 7340 4238
f 4238 7340 613
f 7341 210 199
f 210 7341 8268
f 1227 7342 3365
f 3359 3365 7342
f 7343 5832 444
f 3703 5832 7343
f 6819 7344 7350
f 7344 6819 3380
f 7345 3152 1632
f 2364 7345 1632
f 5576 7346 5957
f 5576 4153 7346
f 2219 7347 2330
f 2330 7347 3288
f 3347 6394 7348
f 5438 3347 7348
f 7349 4371 1150
f 1150 6039 7349
f 2035 7350 6287
f 7350 2035 6819
f 169 6016 7351
f 3890 169 7351
f 7352 3717 4536
f 399 7352 4536
f 6623 4685 7353
f 8749 7353 4685
f 747 5948 7354
f 677 747 7354
f 2655 7355 3813
f 7355 2655 2720
f 1947 3637 7356
f 3637 3662 7359
f 7357 6576 2385
f 7357 2385 1988
f 7358 2610 7391
f 7358 5062 2610
f 8028 7359 2523
f 7356 3637 7359
f 7360 6798 1684
f 7360 347 6798
f 1760 7361 1758
f 7361 1760 5163
f 7362 2363 1343
f 7362 1343 6
f 6864 7363 5449
f 7363 3452 5449
f 7364 824 7320
f 6431 8628 7364
f 8002 2892 7365
f 2892 3204 7365
f 5518 566 7366
f 1935 8095 566
f 3070 4720 7367
f 7367 8007 7374
f 7368 3385 1668
f 7368 1668 2920
f 7363 7369 3452
f 3452 7369 6435
f 7370 1131 5592
f 8605 5592 3767
f 6995 3796 7371
f 3796 7390 7371
f 7372 1863 7759
f 5196 1863 7372
f 2305 5335 7373
f 2305 7373 4802
f 3070 7374 308
f 3070 7367 7374
f 7375 348 7382
f 6637 8370 2239
f 2544 6713 7376
f 2544 7386 3624
f 3756 7377 6548
f 6445 7377 3756
f 7378 6546 4097
f 7378 3974 6546
f 5173 2237 7379
f 3393 5173 7379
f 4681 397 7380
f 4681 7380 4077
f 7381 3491 8437
f 7995 3491 7381
f 2239 8370 7382
f 713 2239 7382
f 4515 7383 5475
f 1145 7383 4515
f 7384 3581 8487
f 7384 3601 3581
f 3107 4377 7385
f 4377 842 7385
f 2544 7376 7386
f 7390 8014 6684
f 3601 7387 7397
f 7384 7625 3601
f 7388 1214 3264
f 7388 394 1214
f 2282 498 7389
f 7389 2841 2282
f 7390 3796 7386
f 8014 7390 7386
f 7358 7391 4573
f 4573 7391 1391
f 5361 7392 3581
f 7397 5361 3601
f 8779 7393 1620
f 1620 7393 6406
f 6300 7394 8425
f 523 7394 6300
f 192 4672 7395
f 4672 7764 7395
f 1200 7396 2001
f 7396 4453 2001
f 7397 7392 5361
f 5863 7392 7397
f 8081 7398 1051
f 7398 5580 1051
f 7399 3973 5546
f 7399 8541 3973
f 7400 8473 1512
f 7405 1507 7400
f 7401 3836 8729
f 7401 5519 3836
f 7402 2613 6584
f 5269 2613 7402
f 1784 2665 7403
f 2448 1784 7403
f 3245 2438 7417
f 7417 2438 5384
f 7405 7400 2940
f 6488 7405 2940
f 7406 7954 8053
f 2548 7954 7406
f 7407 8642 3280
f 3280 6371 7407
f 2671 7408 219
f 7408 2671 456
f 7409 4956 703
f 4900 7409 703
f 8162 5403 7410
f 7410 5403 2313
f 7411 5618 857
f 857 4553 7411
f 2044 2420 7412
f 2420 6264 7412
f 7413 7443 4804
f 4111 7413 4804
f 7414 925 1634
f 925 7414 6313
f 7415 4767 7419
f 5540 7415 4320
f 7406 4207 7416
f 7416 4207 5628
f 3245 7417 7404
f 7404 7417 3102
f 5969 7418 6432
f 469 6432 7418
f 7419 4320 7415
f 4320 7419 500
f 3794 7420 7242
f 6461 7420 3794
f 5260 7421 3412
f 3412 7421 2206
f 3113 7422 5356
f 695 7422 3113
f 2464 5371 7423
f 7423 5371 6566
f 2683 4513 7424
f 7416 2683 7424
f 4081 6811 7425
f 4081 7425 1089
f 2196 2952 7426
f 2952 1475 7426
f 5237 7427 573
f 7427 5433 573
f 7428 6688 5927
f 8491 5927 1340
f 7429 7503 8420
f 3524 7436 7429
f 7430 2649 871
f 871 5824 7430
f 1046 7431 802
f 1046 2486 7431
f 513 7432 4344
f 6702 7432 513
f 2494 7433 3651
f 1984 7433 2494
f 3623 7434 4643
f 3623 6619 7434
f 2683 7435 4513
f 8123 5999 4513
f 421 7436 6277
f 7429 7436 7503
f 7437 3970 68
f 7538 3970 7437
f 7438 7658 4136
f 4136 1246 7438
f 7439 2440 2453
f 2453 6452 7439
f 7435 7440 3551
f 7440 5704 3551
f 8092 4285 7441
f 4289 7441 4285
f 3221 7442 3539
f 7442 116 3539
f 7443 3876 7216
f 7413 3876 7443
f 7444 1677 6217
f 1677 7444 7904
f 8740 7445 61
f 23 7445 8740
f 8614 906 7446
f 7446 2660 8614
f 1544 1541 7447
f 1544 7447 4801
f 5921 7448 4137
f 383 7448 5921
f 7449 5761 1728
f 8437 7449 7381
f 7658 7438 7450
f 1246 7450 7438
f 1705 5689 7451
f 1705 7451 6948
f 7452 307 2660
f 2660 7446 7452
f 7867 7453 3382
f 3382 7453 2554
f 3575 4655 7454
f 2393 3575 7454
f 7455 521 3964
f 7177 7455 3964
f 2660 307 7456
f 307 7461 7456
f 7457 4683 3349
f 7457 3349 5236
f 7458 4862 3857
f 7458 8189 4862
f 2274 2485 7459
f 2274 7459 7909
f 2116 6217 7460
f 2116 7460 3082
f 2934 5467 7461
f 7461 307 2934
f 4525 7462 1096
f 4525 873 7462
f 863 7463 3523
f 7748 7463 863
f 2898 7464 5045
f 7464 3739 5045
f 242 7465 4269
f 3596 4269 7465
f 7466 4885 1466
f 7466 1466 4208
f 7467 2208 5527
f 7467 5527 4873
f 941 5056 7468
f 941 7468 3703
f 3474 7469 323
f 323 7469 5307
f 7470 6856 4405
f 2722 7470 4405
f 2968 449 7471
f 5643 2968 7471
f 7472 5544 7773
f 7778 1903 271
f 7473 4827 3383
f 7473 4529 4827
f 835 5939 7474
f 7474 5939 8078
f 2113 7475 7469
f 3107 7475 2113
f 7268 3028 7476
f 7476 3028 3458
f 242 7477 7465
f 3483 7465 7477
f 5602 7478 3817
f 6721 7478 5602
f 7694 7479 2137
f 8536 4720 8510
f 2673 7480 1980
f 2673 3088 7480
f 1247 7481 7252
f 1247 6184 7481
f 1332 7482 1871
f 1871 7482 3214
f 5014 488 7483
f 488 5477 7483
f 7484 3461 8049
f 3461 7484 4797
f 3645 7485 4956
f 7485 3645 510
f 1638 3114 7486
f 7495 3114 7481
f 1740 5321 7506
f 7506 4066 1740
f 3999 7488 607
f 7338 7488 3999
f 5359 3217 7489
f 7502 7522 7496
f 3057 7490 4608
f 7490 3057 5073
f 283 6326 7491
f 6326 278 7491
f 3527 2837 7492
f 2837 3161 7492
f 1143 2589 7493
f 2589 7501 7493
f 7494 4066 7506
f 8100 4066 7494
f 3114 7495 7486
f 7495 7244 7486
f 8156 7508 8164
f 8156 7489 7508
f 7497 3527 7492
f 3527 7497 8714
f 5692 5685 7498
f 3128 5692 7498
f 7499 2723 459
f 7499 459 3500
f 7500 1836 8356
f 1836 7500 3017
f 7501 6088 3712
f 7501 3712 7493
f 7502 7508 7489
f 7502 7489 799
f 7436 421 7503
f 7503 421 7843
f 5114 1834 7504
f 1834 5208 7504
f 4609 7505 5972
f 4609 1963 7505
f 7506 5321 7487
f 7487 7494 7506
f 8661 7662 2668
f 7662 4758 2668
f 7496 7508 7502
f 7496 2048 7512
f 7504 7509 6801
f 7509 3476 6801
f 2286 4628 7510
f 2286 7510 4145
f 3530 955 7511
f 1726 3530 7511
f 7512 5393 7508
f 7496 7512 7508
f 7513 3802 875
f 2093 7513 875
f 7514 5267 1420
f 5569 5267 7514
f 7515 6665 3644
f 1315 7515 3644
f 7516 7813 993
f 3295 7516 993
f 7186 7517 2460
f 6829 7517 7186
f 6551 7518 3169
f 3169 7518 7515
f 560 7519 8077
f 6717 8077 7519
f 99 7520 5511
f 7520 1297 5511
f 7521 1981 5432
f 7521 5432 5678
f 7496 7522 2048
f 2048 7539 7512
f 7523 6956 4555
f 7523 4555 2467
f 7524 2963 800
f 7524 800 1473
f 2427 4874 7525
f 2427 7525 7725
f 5064 6316 7526
f 6316 853 7526
f 386 7527 3120
f 386 3390 7527
f 6963 4918 7528
f 4918 1962 7528
f 472 2187 7529
f 6958 7529 2187
f 4389 7530 1463
f 1463 7530 7533
f 2686 4401 7531
f 7531 4401 3066
f 3022 7532 3732
f 3732 7532 4138
f 3390 7533 7527
f 3390 1463 7533
f 2987 4771 7534
f 7534 4771 7324
f 7535 6693 6482
f 1132 7535 6482
f 7536 3041 4497
f 7536 3670 3041
f 18 7537 21
f 7537 6149 21
f 4600 2521 7538
f 1302 4600 7538
f 7539 2048 7522
f 7522 6377 8722
f 7545 7540 8586
f 7274 7540 7545
f 7541 7003 1487
f 7557 7541 1487
f 7542 2092 8208
f 7997 2092 7542
f 7543 5717 3599
f 7543 3599 2829
f 4017 75 7544
f 7544 75 5150
f 7545 4356 4549
f 7545 8586 4356
f 2399 7546 4747
f 2651 7546 2399
f 5608 462 7547
f 3773 7547 462
f 7507 7548 5150
f 7544 5150 7548
f 6903 7549 2102
f 6903 1619 7549
f 7563 7550 8694
f 8694 7550 5551
f 7551 587 1750
f 7551 1750 6005
f 1535 7552 5252
f 7552 304 5252
f 7553 3219 7542
f 3219 7553 6466
f 2409 3600 7554
f 2409 7554 5339
f 7559 4289 7555
f 2104 7555 8613
f 7556 7450 1246
f 7556 1246 4152
f 625 7557 4264
f 4264 7557 1487
f 7558 2559 8580
f 7561 2872 2559
f 2104 7559 7555
f 2104 141 7559
f 1071 7560 3308
f 1071 441 7560
f 7561 7558 8453
f 7558 7561 2559
f 7562 8464 962
f 7562 5336 1833
f 7563 5583 7569
f 7550 7563 2215
f 3226 3522 7564
f 3226 7564 7553
f 23 7565 7445
f 5591 7565 23
f 2386 8818 7566
f 8770 263 2386
f 7567 6348 4881
f 251 7567 4881
f 7568 6256 2616
f 2616 6718 7568
f 2215 7563 7569
f 7442 2215 7569
f 3295 7570 6082
f 7570 3284 6082
f 7571 1031 3694
f 4926 7571 3694
f 7466 7572 2455
f 5891 2455 7572
f 5960 6486 7573
f 2803 5960 7573
f 7592 2403 7574
f 2403 6051 7574
f 305 7575 900
f 3246 7575 305
f 1543 443 7576
f 5425 1543 7576
f 7577 2034 7902
f 3112 7577 7902
f 7578 3309 1007
f 3309 7578 1874
f 8022 3584 7579
f 5953 4479 7579
f 7580 7217 7877
f 7580 6290 7217
f 7581 2784 7577
f 7581 3609 2784
f 7582 8482 2306
f 7582 5484 8482
f 7583 6210 3584
f 3584 8022 7583
f 7584 7199 7126
f 7584 7126 1701
f 4755 7585 2779
f 7585 3414 2779
f 2422 1407 7586
f 7586 5850 2422
f 7587 8609 3428
f 2695 7587 3428
f 1375 4391 7588
f 7588 833 1375
f 1877 2492 7589
f 7589 2669 1877
f 6119 7590 4247
f 8364 1005 4247
f 3892 3011 7591
f 3011 1912 7591
f 7628 2403 7592
f 461 90 7592
f 7593 5647 7933
f 5647 7593 5164
f 8426 3 7594
f 3 8033 7594
f 7595 2184 5001
f 1273 2184 7595
f 6504 7596 5469
f 7596 6504 8064
f 8385 7597 4331
f 7597 1294 4331
f 7598 6261 1231
f 5827 7598 1231
f 7599 4726 301
f 301 3323 7599
f 991 1286 7600
f 991 7600 2313
f 7607 379 7601
f 379 5125 7601
f 2870 7602 3077
f 3077 7602 6356
f 7569 7603 116
f 7603 7569 7605
f 4632 7604 3136
f 3136 7604 6203
f 7605 8694 7603
f 7605 7569 5583
f 7606 8438 1944
f 1987 3058 7606
f 7611 379 7681
f 2151 7611 7681
f 7608 1327 2355
f 2355 8099 7608
f 7563 8694 5583
f 7605 5583 8694
f 925 7610 1634
f 1634 7610 6657
f 5841 7611 2151
f 7814 379 7611
f 7612 3832 4903
f 7612 2396 3832
f 7326 7613 6108
f 7613 2561 6108
f 7614 3692 1847
f 3247 7614 1847
f 7615 3863 2246
f 7615 2246 6588
f 7616 1171 6016
f 7616 153 1171
f 7617 568 4261
f 7617 4261 2259
f 7618 4245 926
f 1122 4245 7618
f 7619 4129 739
f 7619 1739 4129
f 5735 3035 7620
f 3035 7311 7620
f 1188 1571 7621
f 7704 1188 7621
f 1398 2967 7622
f 5627 7622 2967
f 3117 2459 7623
f 7623 2459 1205
f 4754 5909 7624
f 7624 5909 762
f 3601 7625 7387
f 5348 7387 7625
f 6126 7626 6168
f 7626 1591 6168
f 7627 380 3422
f 2404 7627 3422
f 7628 90 83
f 7628 7592 90
f 3556 7629 4530
f 3556 625 7629
f 7630 5556 5342
f 5556 7630 8394
f 1663 7631 2163
f 2163 7631 7637
f 4594 7054 7632
f 7632 7054 2714
f 7633 1231 387
f 387 8771 7633
f 5697 1186 7634
f 7634 1186 6
f 1294 470 7635
f 7635 470 1428
f 8757 7636 727
f 7636 1450 727
f 6228 7637 7631
f 1220 7637 6228
f 7638 4195 6941
f 7638 7867 4195
f 4540 7639 3022
f 8522 7639 4540
f 7640 761 5260
f 2191 761 7640
f 2498 7641 5434
f 2498 506 7641
f 7635 7642 3248
f 7642 507 3248
f 3767 3502 7643
f 7628 7643 3502
f 7644 1567 3841
f 1333 1567 7644
f 7645 3116 848
f 1844 7645 848
f 7646 2578 5978
f 7646 6248 2578
f 3300 7647 670
f 670 7647 4027
f 2364 7648 666
f 2364 1632 7648
f 5987 7649 4932
f 5999 7649 5987
f 557 3475 7650
f 3475 8539 7650
f 6168 1591 7651
f 7651 1591 6610
f 7652 2995 3956
f 3262 2995 7652
f 8222 4589 1737
f 5376 8222 1737
f 7654 5274 1522
f 1522 5249 7654
f 1970 6999 7655
f 1970 7655 5468
f 2236 4447 7656
f 7656 4447 1304
f 3535 4799 7657
f 5981 3535 7657
f 4182 528 7658
f 4136 7658 528
f 5961 7659 5966
f 5966 7659 1930
f 2236 7656 7660
f 2236 7660 8488
f 7661 7786 2188
f 8246 7661 2188
f 7666 7507 7662
f 7507 5150 7662
f 2818 7663 3182
f 8725 3182 7663
f 1230 8498 7664
f 3418 1230 7664
f 4258 2538 7665
f 2530 7668 7673
f 7666 6647 7507
f 7666 7565 6647
f 7667 2273 5039
f 5039 7128 7667
f 4552 7665 7668
f 7668 7665 7673
f 6659 7669 850
f 7669 8097 850
f 5994 7670 2510
f 4690 7670 5994
f 7667 7128 7671
f 7671 7128 3523
f 8408 7672 2388
f 2388 7672 6960
f 7673 2538 4253
f 2538 7673 7665
f 7674 6769 5167
f 7674 5167 2238
f 3330 559 7675
f 4226 3330 7675
f 7676 7670 4557
f 4557 3367 7676
f 7677 1447 3478
f 7677 7687 6295
f 7678 8003 877
f 4940 7678 877
f 1747 7679 1088
f 1747 840 7679
f 2466 7285 7680
f 2466 7680 792
f 7607 2151 7681
f 7607 7681 379
f 5492 7682 442
f 442 7682 6549
f 1088 7679 7683
f 1088 7683 8591
f 2996 7684 576
f 7684 5484 576
f 3817 7293 7685
f 3817 7685 5602
f 7593 273 7686
f 273 3667 7686
f 1443 7687 3478
f 7687 7677 3478
f 2626 7688 1966
f 5346 1966 7688
f 7689 124 5110
f 2839 7689 5110
f 1379 7690 319
f 7701 7690 1379
f 184 8351 7691
f 2896 7691 7696
f 3178 3171 7692
f 6034 3178 7692
f 5151 7693 756
f 7693 8051 756
f 7694 2708 7479
f 2708 7701 1379
f 2675 7695 1352
f 2675 1908 7695
f 7395 7696 192
f 8351 7696 7691
f 41 8690 7697
f 7697 8690 5753
f 7698 5151 6603
f 7693 5151 7698
f 6028 2353 7699
f 4697 7699 2353
f 7706 2159 7700
f 2159 6502 7700
f 7690 7701 7694
f 2708 7694 7701
f 7702 3806 702
f 7702 702 6830
f 2792 8176 7703
f 7011 2792 7703
f 2908 7704 7621
f 787 7704 2908
f 7705 3819 1559
f 6101 7705 8618
f 3977 3142 7706
f 7706 3142 7711
f 8648 1373 4411
f 8648 4411 7791
f 7708 8187 1228
f 7995 1228 3491
f 7709 2454 7022
f 7709 6365 2454
f 7710 621 4458
f 621 7710 3250
f 7706 7711 2159
f 1433 2159 7711
f 7712 7335 5878
f 7723 7712 5878
f 6787 2853 7713
f 6787 7713 1278
f 1282 3424 7714
f 3424 1791 7714
f 235 7715 4294
f 236 7715 235
f 5865 2418 7716
f 1241 5865 7716
f 2507 7723 7717
f 7717 2155 6324
f 3181 4634 7718
f 3181 7718 7704
f 4738 7719 2615
f 2615 7719 791
f 7751 7720 210
f 210 7720 5421
f 7721 588 2745
f 5858 7721 2745
f 797 7722 6540
f 7729 6540 7722
f 7717 7723 2155
f 7723 5878 2155
f 5446 5837 7724
f 7724 5837 7459
f 4175 2427 7725
f 4175 7725 1610
f 1292 671 7726
f 7726 671 2650
f 8611 7727 3251
f 6280 3251 7727
f 4803 7735 3316
f 7735 4803 6766
f 7736 6540 7729
f 7729 5123 7736
f 1451 4644 7730
f 4837 1451 7730
f 1515 7308 7731
f 1515 7731 6263
f 4200 8557 7732
f 4200 7738 4951
f 7251 3849 7733
f 4132 7733 3849
f 7734 3157 3529
f 7734 2885 3157
f 6766 7728 7735
f 8469 4038 7735
f 7736 4517 1162
f 1162 6540 7736
f 1754 7737 2168
f 7737 1754 6943
f 7732 7227 7738
f 7732 7738 4200
f 7923 7739 2078
f 7739 3748 2078
f 611 2121 7740
f 1804 611 7740
f 2044 7412 7741
f 2044 7741 7747
f 5705 7742 4166
f 7742 5705 7953
f 5496 7743 8129
f 6336 7743 5496
f 7744 7666 8661
f 5604 7744 8661
f 4935 7745 4947
f 4935 2939 7745
f 2997 7746 7750
f 5464 7746 2997
f 2044 7747 4406
f 4386 4406 7747
f 3903 8584 7748
f 7748 3160 3903
f 4166 7749 3920
f 7742 7749 4166
f 7750 7746 2665
f 2665 1784 7750
f 3481 7720 7751
f 3481 7751 7714
f 4337 7752 2323
f 2515 7752 4337
f 3663 7753 6956
f 7753 3663 1263
f 7754 1030 4813
f 7754 2432 1030
f 7755 970 3480
f 6030 970 7755
f 7756 2303 1003
f 7756 8606 2303
f 7757 8785 2456
f 7752 4335 7757
f 7758 2715 3900
f 2715 7758 7132
f 7759 3485 7372
f 4886 3485 7759
f 7871 1224 7760
f 1224 5085 7766
f 7761 6138 678
f 3410 7761 678
f 7762 3371 8176
f 7762 4896 3371
f 1886 7763 1884
f 3698 7763 1886
f 196 2918 7764
f 7764 2918 8685
f 902 7765 8527
f 7765 902 6395
f 1224 7766 7760
f 7760 7766 1861
f 7767 3176 4613
f 3176 7767 4707
f 7768 2491 1709
f 2491 7768 5271
f 7235 7769 4587
f 7769 7780 4587
f 1429 988 7770
f 7770 988 3565
f 1105 7771 5704
f 6627 7771 1105
f 3736 7772 4230
f 3736 6024 7772
f 7773 3031 8570
f 7472 7773 8570
f 1949 7774 2914
f 7774 1949 3299
f 4423 1194 7775
f 1194 3560 7775
f 7776 2846 436
f 7776 436 2119
f 7777 3798 359
f 5627 7777 359
f 8570 7778 7472
f 7778 4452 7472
f 7779 1464 3879
f 7779 6035 1464
f 5521 82 7780
f 82 4587 7780
f 1923 734 7781
f 7781 1160 1923
f 6677 3617 7782
f 3617 2789 7782
f 8331 7783 198
f 7783 3139 198
f 7784 8702 1396
f 1396 2081 7784
f 1582 7785 1649
f 3086 7785 1582
f 7786 4454 5914
f 2198 4454 7786
f 2752 7787 1713
f 7787 2752 1263
f 7788 4954 6027
f 6027 7793 7788
f 1934 7789 7340
f 4407 7789 1934
f 4005 6542 7790
f 862 4005 7790
f 7791 4411 4623
f 6535 7791 4623
f 7792 1163 4969
f 1163 7792 91
f 6027 248 7793
f 248 8558 7793
f 7794 1175 7800
f 7794 5060 1175
f 3377 4235 7795
f 4235 6891 7795
f 2350 1993 7796
f 1993 3690 7796
f 7212 3273 7797
f 7811 5872 7818
f 7798 5257 5265
f 5265 2008 7798
f 2423 7799 6515
f 2423 589 7799
f 5360 5965 7800
f 5965 7794 7800
f 7801 3115 2672
f 656 7801 2672
f 977 2218 7802
f 977 7802 7008
f 7803 5108 7812
f 3993 5108 7803
f 333 7804 2199
f 8314 2199 7804
f 7805 2935 5625
f 1234 2935 7805
f 7806 8421 1149
f 1583 7806 1149
f 7807 6452 2453
f 6455 6452 7807
f 7808 1940 8449
f 4733 1940 7808
f 4939 7809 2340
f 8100 7809 4939
f 2226 5907 7810
f 7810 5319 2226
f 3273 7811 7797
f 3273 1486 7811
f 7812 5108 2059
f 617 7812 2059
f 5195 8377 7813
f 7516 5195 7813
f 5841 1393 7814
f 5841 7814 7611
f 2774 5716 7815
f 8006 2774 7815
f 3679 7816 8546
f 1772 7816 3679
f 7817 6830 942
f 7817 7702 6830
f 7811 7818 7797
f 7083 7797 7818
f 1680 7819 4925
f 1386 4925 8108
f 7830 1599 5897
f 7826 5572 1599
f 7821 6043 397
f 7821 397 4681
f 7822 370 6464
f 6353 370 7822
f 631 7823 3758
f 3758 7823 6502
f 3393 7379 7824
f 3393 7824 6611
f 7825 1772 4147
f 7825 7816 1772
f 7826 1599 7820
f 3793 7826 7820
f 1455 3826 7827
f 3826 7834 7827
f 5090 5830 7828
f 5090 7828 2277
f 7829 3195 4875
f 7829 4875 4860
f 7830 7820 1599
f 7820 7830 1314
f 7831 287 3744
f 6177 7831 3744
f 6371 3867 7832
f 6360 7832 3867
f 7833 6430 2904
f 4205 7833 2904
f 7834 2198 4465
f 7827 7834 4465
f 7835 2057 4693
f 7835 4693 6887
f 3604 6788 7836
f 3604 7836 2250
f 5091 1997 7837
f 3671 5091 7837
f 7838 1484 3239
f 1484 7838 485
f 7839 5716 508
f 508 6365 7839
f 4716 6828 7840
f 2237 4716 7840
f 7841 4059 5118
f 5118 2287 7841
f 3879 4114 7842
f 7779 3879 7845
f 4745 7843 3860
f 1838 7843 4745
f 6387 2057 7844
f 7844 2057 7835
f 7845 3879 7842
f 7845 7842 7093
f 4757 1709 7846
f 4757 7846 1456
f 5279 2017 7847
f 6773 7847 2017
f 923 4041 7848
f 6735 923 7848
f 7209 8291 7849
f 104 7849 107
f 3184 7850 7227
f 5679 7850 3184
f 6623 7851 4954
f 7851 6623 259
f 7852 7110 6187
f 6187 332 7852
f 7853 5270 6630
f 7853 6630 5285
f 7854 7857 6497
f 4097 3242 7854
f 1753 1875 7855
f 1875 6386 7855
f 7856 2692 3141
f 2692 7856 3405
f 7854 3242 7857
f 3242 3977 7857
f 7352 7858 3717
f 3717 7858 3708
f 7859 3075 3946
f 692 7859 3946
f 5729 7860 4430
f 7860 8506 8773
f 511 5368 7861
f 7877 8814 511
f 4018 5064 7862
f 7526 7862 5064
f 7863 4904 1541
f 2015 4904 7863
f 7864 934 8313
f 6962 1224 7871
f 8424 7865 2849
f 2849 7865 1975
f 7866 1221 3834
f 1221 7866 6981
f 7867 2380 4195
f 2380 7867 3382
f 7868 5710 3091
f 7868 3091 7006
f 3450 7869 6760
f 7869 3450 1027
f 7861 2395 7870
f 7877 7870 1309
f 8318 6962 7871
f 8318 7871 778
f 3956 4917 7872
f 7652 3956 7872
f 7873 5622 5635
f 5622 7873 66
f 7874 6218 7885
f 1314 6218 7874
f 1683 2661 7875
f 1683 7875 174
f 7876 834 5288
f 7876 3168 834
f 8508 7870 7877
f 511 8508 7877
f 7878 3361 4965
f 715 7878 4965
f 4766 3639 7879
f 3639 7070 7879
f 7880 3488 476
f 3838 3488 7880
f 2476 5424 7881
f 7881 6171 2476
f 7882 6463 4562
f 4045 7882 4562
f 6015 7883 909
f 909 7883 7270
f 7884 6433 895
f 4826 7887 895
f 221 7885 6227
f 6218 8663 7885
f 3030 7886 3902
f 546 7908 3030
f 7887 7884 895
f 1030 7884 7887
f 5416 7888 4394
f 4394 7888 7898
f 7394 2633 7889
f 7896 7889 2633
f 7890 7336 1345
f 2809 7890 1345
f 4176 7891 3907
f 4176 176 7891
f 1621 3711 7892
f 3711 8477 7892
f 6889 7893 5362
f 7893 467 5362
f 7888 7894 7898
f 7894 7096 1645
f 7895 1752 1720
f 7895 1720 7526
f 6913 7896 2633
f 7896 6913 6918
f 4393 7897 1207
f 8087 7897 4393
f 7898 1645 4394
f 1645 7898 7894
f 1994 4825 7899
f 7084 1994 7899
f 645 7900 5220
f 7991 5220 7900
f 5581 7901 623
f 623 7901 3541
f 5213 7902 2034
f 7902 5213 2595
f 4835 7903 1913
f 1913 7903 4639
f 2546 7904 4317
f 7904 6462 4317
f 1174 2339 7905
f 7905 2339 5649
f 1616 7906 5087
f 6488 5087 7906
f 4209 7907 4902
f 7907 1008 4902
f 7908 1032 7886
f 7908 7886 3030
f 7909 225 228
f 229 225 7909
f 2867 7910 7906
f 7910 2867 1630
f 5983 3916 7911
f 7911 3916 3244
f 2289 494 7912
f 4854 7912 494
f 7913 3837 1598
f 4844 7913 1598
f 7914 3810 7602
f 2870 7914 7602
f 1255 7915 5116
f 372 7925 7915
f 7916 6642 2175
f 2175 6953 7916
f 7917 3286 1383
f 8019 1575 3286
f 4854 494 7918
f 7918 494 4165
f 783 7919 8559
f 6354 7919 783
f 2850 7920 4280
f 2843 7920 2850
f 1509 7921 4566
f 7921 1509 5185
f 7928 7922 7920
f 1693 7922 7928
f 424 7923 2078
f 2993 7923 424
f 657 7924 7261
f 657 4016 7924
f 5116 7915 7925
f 3068 5116 7925
f 2106 7926 955
f 7511 955 7926
f 4451 3026 7927
f 3026 8478 7927
f 2843 7076 7928
f 2843 7928 7920
f 8711 7929 790
f 790 7929 1671
f 121 2118 7930
f 121 7930 8751
f 7931 3505 6084
f 7931 3766 3505
f 1254 1590 7932
f 8377 7932 7813
f 1857 7933 6978
f 1857 7593 7933
f 7934 2341 1297
f 7934 8065 2341
f 1402 7935 1932
f 7935 1402 4070
f 6949 6052 7936
f 6949 7936 6560
f 7937 740 5447
f 7937 7483 740
f 1676 7938 1313
f 7950 1313 7938
f 713 7939 8189
f 713 5292 7939
f 3449 2873 7940
f 2873 3577 7940
f 7941 1621 4858
f 7941 4858 991
f 1909 867 7942
f 7942 867 4748
f 7943 2890 3331
f 1657 7943 3331
f 7944 1504 1808
f 7952 2096 1504
f 2450 3629 7945
f 2450 7945 5263
f 7946 2482 3685
f 1146 7946 3685
f 7947 112 3873
f 3873 1659 7947
f 2890 7948 6572
f 7948 2890 7943
f 2916 7949 1888
f 1888 7949 1269
f 5306 1313 7950
f 5868 5306 7950
f 3125 948 7951
f 7207 3125 7951
f 1504 7944 7952
f 7952 7944 3689
f 1203 7953 7721
f 5017 7953 1203
f 3697 7954 2548
f 3697 1426 7954
f 7955 2695 3428
f 7955 1695 2695
f 6833 4103 7956
f 7956 4103 5095
f 1676 7957 7938
f 7950 7938 7957
f 7958 7580 7877
f 7958 3284 7580
f 7959 5712 1601
f 7959 1601 7177
f 7960 864 8790
f 864 7960 4157
f 7961 2325 4237
f 2537 7961 4237
f 2780 7004 7962
f 2780 7962 5614
f 1573 1540 7963
f 8047 7963 1540
f 7964 4599 5165
f 7096 4599 7964
f 7661 7965 4465
f 7965 7827 4465
f 3301 7966 1205
f 7998 7966 3309
f 2070 7977 7967
f 8056 2070 7967
f 3923 4113 7968
f 7971 6539 3923
f 1749 6234 7969
f 1743 1749 7969
f 7970 4900 5781
f 3339 8367 5781
f 7971 7968 2344
f 7968 7971 3923
f 1532 7972 2095
f 1678 7972 1532
f 7973 296 5612
f 7973 2709 296
f 3444 1312 7974
f 1821 3444 7974
f 1301 6895 7975
f 7975 6895 324
f 7976 5013 8500
f 3460 5013 7976
f 2070 1678 7977
f 1678 1532 7977
f 7978 1033 8714
f 1033 7978 1035
f 4364 6979 7979
f 7979 6979 7990
f 3932 7980 6317
f 7980 3932 7991
f 6779 666 7981
f 666 7648 7981
f 7986 7982 906
f 2200 7982 7986
f 4808 7983 3207
f 7983 4808 891
f 7984 2502 2497
f 2497 8795 7984
f 4781 7985 897
f 7985 3384 897
f 3094 7986 8040
f 3094 8011 7986
f 8301 407 7987
f 7987 407 6144
f 256 7988 6118
f 7988 254 6118
f 3146 7994 7989
f 3146 7989 431
f 6216 7990 3443
f 6979 3443 7990
f 1898 8025 7991
f 7900 1898 7991
f 6501 650 7992
f 4529 6501 7992
f 2648 7203 7993
f 6688 2648 7993
f 538 5347 7994
f 3146 538 7994
f 7708 1228 7995
f 4918 7708 7995
f 889 922 7996
f 889 7996 2521
f 5337 7997 6183
f 5172 7997 5337
f 7623 1205 7998
f 7966 7998 1205
f 7999 8005 2846
f 2846 7776 7999
f 774 8000 4936
f 1764 8000 774
f 8001 1127 1384
f 8001 1384 5735
f 1513 2600 8002
f 1513 8002 7365
f 5244 8003 3435
f 3435 8003 7678
f 905 8004 2937
f 5660 2937 8004
f 8005 2021 1265
f 7999 2021 8005
f 1285 8006 395
f 5734 395 8006
f 3816 7462 8007
f 3816 8007 8018
f 1893 4075 8008
f 149 1893 8008
f 3144 8009 5489
f 1199 8009 3144
f 8010 6186 6192
f 1568 8010 6192
f 8011 3094 6850
f 8011 6850 2694
f 7045 5489 8012
f 8009 8012 5489
f 1581 8013 3976
f 8013 1581 2608
f 7376 5752 8014
f 7376 8014 7386
f 1055 8021 8015
f 8026 4192 8015
f 2165 6230 8016
f 3392 2165 8016
f 8017 3705 2120
f 6521 8017 2120
f 7367 8018 8007
f 7991 8025 7367
f 7917 8808 8019
f 7917 8019 3286
f 328 4036 8020
f 8020 4036 327
f 8026 8015 8021
f 8545 8021 5697
f 4479 8022 7579
f 7583 8022 4479
f 6516 8023 3872
f 8023 392 3872
f 1276 8024 4771
f 5299 8024 1276
f 3816 8018 8025
f 8018 7367 8025
f 8021 8037 8026
f 8037 6624 8026
f 8027 5873 6215
f 6215 6220 8027
f 6232 7356 8028
f 8028 7356 7359
f 6267 8029 647
f 2440 8029 6267
f 5479 4209 8030
f 4209 4902 8030
f 2130 8031 5109
f 8031 7925 5109
f 1889 2309 8032
f 2309 553 8032
f 8033 2357 7122
f 3 2357 8033
f 8034 160 2430
f 3472 160 8034
f 1840 5523 8035
f 1840 8035 5507
f 3524 8036 3273
f 3524 6387 8036
f 8021 8545 8037
f 8037 5058 6624
f 8038 5383 3845
f 2125 8038 3845
f 614 1419 8039
f 89 8039 1419
f 8813 906 8614
f 7986 906 8813
f 8041 4916 3537
f 8041 1352 4916
f 3575 8046 6262
f 6262 8046 2797
f 8043 1825 418
f 956 1825 8043
f 8044 3851 1118
f 1721 3851 8044
f 5190 2693 8045
f 4747 8045 2693
f 8046 8042 8225
f 8042 8046 3575
f 8047 2014 7963
f 7266 2014 8047
f 8048 6719 436
f 8048 7119 6719
f 3543 2074 8049
f 7484 8049 2074
f 8050 4073 1215
f 8050 1215 3518
f 8051 5029 6471
f 8051 7847 5029
f 8052 7778 2539
f 2887 8052 2539
f 4596 8053 1426
f 7954 1426 8053
f 1472 8054 3959
f 1472 6453 8054
f 8662 2133 8055
f 2133 3943 8055
f 7389 8056 2841
f 2841 8056 7967
f 5635 8057 23
f 8057 5635 5622
f 690 2782 8058
f 690 8058 4177
f 1842 6422 8059
f 6422 2749 8059
f 6872 765 8060
f 8060 765 6954
f 5959 8061 860
f 4570 8061 5959
f 8062 6193 6217
f 5032 6193 8062
f 8063 7425 4061
f 4061 8070 8063
f 8064 4427 5410
f 5801 8064 5410
f 8065 8074 5160
f 5152 8065 5160
f 6142 8066 6145
f 2750 8066 6142
f 8067 3811 272
f 1006 3811 8067
f 7492 3161 8068
f 2837 8073 3161
f 4544 4632 8069
f 4544 8069 6547
f 6494 8063 8070
f 3759 6494 8070
f 6495 8071 996
f 8071 7074 996
f 5131 8072 3571
f 3571 8072 8327
f 3161 8073 8068
f 6270 8068 8073
f 8074 1305 6605
f 8074 6605 5160
f 7487 5321 8075
f 5321 2421 8075
f 4809 2917 8076
f 8083 8076 2917
f 2979 1300 8077
f 7514 8077 1300
f 8078 4118 6735
f 7474 8078 6735
f 4870 1488 8079
f 4870 8079 5783
f 1939 8080 363
f 6441 8080 1939
f 4807 8081 8528
f 8081 1051 4071
f 8085 8089 2152
f 8085 4626 6354
f 6932 8083 2324
f 8076 8083 6932
f 1027 5170 8084
f 7439 8084 5170
f 8082 8085 2152
f 4626 8085 8082
f 5518 7366 8086
f 5518 8086 1928
f 917 8087 4393
f 8087 917 8340
f 4061 8088 8070
f 8088 4061 6811
f 8089 8085 6354
f 6354 8759 8089
f 3646 8090 2437
f 806 2437 8090
f 6793 3162 8091
f 8091 3162 440
f 8092 6126 6168
f 7441 6126 8092
f 5314 8093 435
f 435 8093 2319
f 4790 5820 8094
f 4790 8094 4793
f 8086 7366 8095
f 8095 7366 566
f 8096 4241 5214
f 4241 8096 6032
f 8097 5079 5075
f 7669 5079 8097
f 5855 5859 8098
f 5855 8098 5035
f 4729 3069 8099
f 8099 2355 4729
f 6119 8100 6344
f 6344 8100 2134
f 4631 8101 1084
f 8101 4631 920
f 7346 8102 2813
f 2813 8102 232
f 8103 8107 5525
f 6467 8107 8103
f 4361 8104 2575
f 7689 8104 4361
f 8105 6764 2658
f 8105 2658 7303
f 4169 1970 8106
f 3375 4169 8106
f 6467 2361 8107
f 5525 8107 2361
f 7819 786 8108
f 8108 4925 7819
f 1098 8109 2243
f 8109 3960 2243
f 8418 8110 2839
f 2839 8110 8104
f 8111 4872 5223
f 4123 8111 5223
f 6467 122 8112
f 8112 2361 6467
f 8113 5802 3607
f 8113 3607 1765
f 5027 8114 6037
f 6037 8114 6051
f 4229 5068 8115
f 8115 8566 4229
f 478 7364 8116
f 3706 478 8116
f 6049 8117 4322
f 8117 6049 1221
f 8118 6106 2326
f 2326 2015 8118
f 8124 564 8119
f 564 1775 8119
f 8120 6363 4639
f 7903 8120 4639
f 1715 6041 8121
f 6041 2781 8121
f 1336 1035 8122
f 8122 1035 7978
f 8123 4513 7435
f 7435 3551 8123
f 2793 3586 8124
f 8124 3586 564
f 3531 8125 2011
f 552 8125 3531
f 5849 8126 1197
f 8126 4730 1197
f 1782 1979 8127
f 8127 1979 5343
f 4141 8128 2071
f 2071 8128 5134
f 3327 451 8129
f 451 5496 8129
f 8130 2190 452
f 2190 8130 1019
f 2376 5375 8131
f 2238 8139 8141
f 8132 3994 6872
f 3994 8132 8100
f 8133 2529 285
f 2529 8133 1485
f 5867 8134 3092
f 8134 5867 4246
f 2042 3647 8135
f 3647 1827 8135
f 8136 4018 7862
f 4018 8136 1028
f 8137 5587 7014
f 8137 7014 7016
f 4708 8146 8138
f 4708 8138 1878
f 2376 8139 2951
f 8139 2376 8131
f 8140 7001 8144
f 8140 3516 6089
f 8141 8131 5311
f 8131 8141 8139
f 8142 4007 8722
f 8142 7136 4007
f 8148 3034 8143
f 4784 4675 8143
f 8140 8144 3516
f 3516 8144 5439
f 5311 7318 8145
f 8141 5311 8145
f 8138 8146 3158
f 6590 3158 8146
f 773 8147 1861
f 1861 8147 5515
f 8148 4675 6284
f 8148 8143 4675
f 8149 4977 3543
f 4977 8149 7269
f 5641 1512 8150
f 1512 3795 8150
f 5549 1957 8151
f 8151 1957 890
f 6924 8152 5349
f 5349 8152 8146
f 8153 241 5486
f 479 241 8153
f 8154 4257 4189
f 4189 7285 8154
f 5028 8155 8166
f 8162 5028 5403
f 8156 8164 5359
f 7489 8156 5359
f 2494 3651 8157
f 3651 4275 8157
f 3002 8158 5779
f 3002 1380 8158
f 4660 8159 720
f 8159 4660 5353
f 1346 8160 1762
f 8160 5359 8164
f 321 7461 8161
f 321 8161 4541
f 8155 8162 7410
f 5028 8162 8155
f 4096 1368 8163
f 1368 4008 8163
f 8164 5393 1762
f 8160 8164 1762
f 3044 8227 8165
f 3034 3044 8165
f 5028 8166 2428
f 2428 8166 3911
f 8167 2601 5521
f 2601 8167 3942
f 3869 1550 8168
f 2577 8168 1550
f 8175 8169 3054
f 4252 8169 1039
f 3016 8170 4910
f 4910 8170 2026
f 8171 1886 1697
f 8171 1697 3914
f 8192 8172 2183
f 2183 8172 7916
f 2011 3525 8173
f 8173 3525 2358
f 4409 8174 6844
f 8645 8174 4409
f 8175 6950 1039
f 8175 1039 8169
f 7703 8176 1723
f 1723 8176 3371
f 8177 5509 6158
f 2253 5509 8177
f 8178 471 7225
f 7225 3231 8178
f 3862 536 8179
f 4520 3862 8179
f 2041 8180 6946
f 2041 4392 8180
f 4538 8181 1445
f 744 8181 4538
f 1117 8182 3545
f 6783 8182 1117
f 4464 8183 6016
f 708 8183 4464
f 5145 5148 8184
f 8722 8184 5148
f 6306 3613 8185
f 8185 12 6306
f 8186 5933 5533
f 7669 8186 5533
f 1280 8187 3641
f 3641 8187 7708
f 483 2332 8188
f 483 8188 4817
f 8189 7939 4998
f 4862 8189 4998
f 8190 4655 8062
f 8190 7454 4655
f 8191 2205 8198
f 6241 2205 8191
f 8192 4382 8196
f 8192 2708 4382
f 1403 6951 8193
f 1403 8193 6597
f 2332 483 8194
f 2332 8194 5403
f 6293 7103 8195
f 3379 6293 8195
f 8172 8196 7916
f 8196 8172 8192
f 8197 7223 7241
f 2256 8197 7241
f 8204 8198 2205
f 8198 8219 7020
f 5419 8199 4793
f 4790 4793 8199
f 8200 5715 5107
f 8208 3858 8200
f 1076 8201 8383
f 1076 2038 8201
f 5686 6535 8202
f 5686 8202 1248
f 8203 2522 1451
f 2522 8203 593
f 6541 1745 8204
f 2148 6541 8204
f 8205 1010 3974
f 7378 8205 3974
f 6128 2150 8206
f 8206 2150 6660
f 3120 8207 386
f 3120 7148 8207
f 7553 8208 5107
f 8208 8200 5107
f 1010 8209 8424
f 8205 8209 1010
f 8203 8210 4170
f 4731 4170 8210
f 8218 8211 956
f 2540 8243 8226
f 4663 1135 8212
f 2744 8212 1135
f 4455 8213 4154
f 8213 4455 4158
f 4659 8214 6185
f 6185 8214 8210
f 2628 8215 7074
f 8215 2628 800
f 8216 2419 4741
f 1364 2419 8216
f 1884 8217 3246
f 3246 8217 7575
f 1059 6871 8218
f 8218 6871 8211
f 8219 8198 8204
f 1745 8219 8204
f 8220 5704 7771
f 5401 5704 8220
f 8221 997 3972
f 8221 3972 4609
f 4589 8222 7653
f 1915 7653 8222
f 5426 8223 212
f 4980 8223 5426
f 3469 8248 3937
f 1965 3937 8767
f 8042 8275 8225
f 8225 8275 8259
f 8211 6871 8226
f 8211 8226 956
f 8227 8240 10
f 8246 8235 7661
f 8228 8224 8242
f 8224 8228 3937
f 919 7246 8229
f 6266 919 8229
f 5386 8230 6006
f 8230 583 6006
f 801 8231 7193
f 8231 801 6014
f 8232 5690 4049
f 8232 4049 3387
f 2342 5193 8233
f 1054 8233 5193
f 8234 3977 3242
f 1160 3977 8234
f 8235 8227 3044
f 8227 8235 8246
f 8236 5440 4124
f 1012 5440 8236
f 3647 8237 1827
f 8237 2765 1827
f 8238 8611 2335
f 8238 2335 6292
f 1883 1894 8239
f 1883 8239 4736
f 8240 1531 6252
f 1531 8246 2188
f 4293 4037 8241
f 2646 4293 8241
f 725 4413 8242
f 8224 725 8242
f 956 8243 1825
f 8226 8243 956
f 5804 4336 8244
f 3518 5804 8244
f 5411 8245 5398
f 8245 3280 5398
f 8246 1531 8240
f 8227 8246 8240
f 4920 2803 8247
f 4920 8247 2643
f 725 8224 8248
f 8248 8224 3937
f 4496 8249 2678
f 3058 2678 8249
f 4869 1277 8250
f 6990 4869 8250
f 4635 3247 8251
f 3247 1847 8251
f 6450 4765 8252
f 8252 4765 1281
f 4276 8253 4385
f 8253 4276 7065
f 8254 2213 5018
f 8254 5018 8247
f 5203 8255 8250
f 5191 8255 5203
f 3822 8256 6295
f 7677 6295 8256
f 8257 3417 4301
f 8257 5904 3417
f 8258 3143 6166
f 8258 6166 1270
f 6252 2188 8259
f 2188 7786 8259
f 8260 638 2921
f 8260 2911 638
f 8261 3436 8257
f 7990 3436 8261
f 4973 1099 8262
f 2261 4973 8262
f 8263 710 3934
f 8263 6351 710
f 8264 78 4328
f 78 8264 7235
f 1505 4825 8265
f 8265 1702 1505
f 7649 2452 8266
f 1594 8266 2452
f 1245 8267 4147
f 4147 8267 7825
f 7341 216 8268
f 8258 8268 216
f 3338 4181 8269
f 4174 8642 4181
f 8270 8240 6252
f 8270 6252 8259
f 4751 5598 8271
f 8271 5598 2618
f 4812 8272 3198
f 8289 3462 3198
f 2567 8273 5519
f 2567 989 8273
f 8274 4389 4326
f 7530 4389 8274
f 8042 8270 8275
f 8270 8259 8275
f 7654 5249 8276
f 5249 2239 8276
f 8277 6261 7598
f 6261 8277 239
f 8278 3110 380
f 8278 380 7627
f 8279 1347 4420
f 8279 2525 1347
f 8280 291 2958
f 291 8280 8288
f 4374 3074 8281
f 8281 3074 5485
f 6774 685 8282
f 6774 8282 4364
f 8283 1405 832
f 1752 8290 832
f 8284 3462 8289
f 4749 3462 8284
f 8285 3333 4288
f 8285 4288 6429
f 5216 8286 8282
f 1763 8286 5216
f 6386 8287 6368
f 8287 3411 6368
f 7692 291 8288
f 6034 7692 8288
f 8284 8289 8272
f 8289 3198 8272
f 8290 8283 832
f 8290 1138 8283
f 8291 106 107
f 7849 8291 107
f 704 8292 6860
f 6860 8292 6424
f 8293 8298 3092
f 8293 6335 8298
f 5411 8294 2984
f 8294 6388 2984
f 6714 8295 6182
f 8255 8295 6714
f 3074 2905 8296
f 8296 2905 3939
f 8297 4073 1056
f 6351 8297 1056
f 3092 8298 4333
f 6335 4333 8298
f 4198 2713 8299
f 8299 4040 4198
f 2257 6439 8300
f 8300 5880 2257
f 407 8301 942
f 8301 7817 942
f 3208 596 8302
f 8302 596 2112
f 86 8303 2704
f 86 8692 8303
f 680 8304 6972
f 8304 680 8312
f 6975 8305 6745
f 6975 3332 8305
f 649 8306 5175
f 8306 649 6230
f 1889 8032 8307
f 5893 1889 8307
f 2156 6966 8308
f 6966 7258 8308
f 5724 3924 8309
f 3924 8316 8309
f 239 1027 8310
f 8310 1027 2297
f 8311 3062 426
f 8311 426 2127
f 8312 680 3126
f 4315 8312 3126
f 7864 8313 6962
f 6962 8313 5876
f 7804 3201 8314
f 8314 3201 5829
f 8315 3442 3278
f 8315 3278 5746
f 8316 7742 2377
f 8316 2377 8309
f 8317 4029 1822
f 8317 6044 4029
f 7864 8318 934
f 7864 6962 8318
f 8319 773 2352
f 8319 2352 6102
f 8320 3358 7065
f 3358 8320 4907
f 8321 4691 4665
f 8321 8325 4691
f 3839 8322 4213
f 4213 8322 5390
f 5399 907 8323
f 6797 8323 907
f 4481 8324 2029
f 8665 8324 4481
f 8325 3576 4691
f 8325 871 3576
f 7196 1586 8326
f 8326 1586 3815
f 2294 8327 1431
f 1431 8327 4835
f 8328 8337 1147
f 8328 3207 1159
f 8329 1001 5942
f 2885 8329 5942
f 7196 8335 2965
f 8335 7196 8326
f 8363 6096 209
f 8331 209 197
f 6202 995 8332
f 8332 995 1816
f 8333 3496 8342
f 3496 8333 5819
f 8334 8005 7304
f 7310 8334 7304
f 8335 8330 7201
f 8330 8335 8326
f 2144 8336 937
f 8336 4477 937
f 8328 1159 8337
f 1147 8337 8344
f 4383 7220 8338
f 8338 3264 4383
f 8339 5631 3042
f 8188 5631 8339
f 8340 1964 3281
f 911 1964 8340
f 8341 1909 2066
f 8341 2066 6007
f 19 26 8342
f 8342 26 8333
f 8343 908 3986
f 8343 3986 8466
f 1159 8344 8337
f 5253 8344 1159
f 1480 2227 8345
f 2227 411 8345
f 8346 6676 629
f 3453 8346 629
f 8347 6710 3528
f 3528 5471 8347
f 8348 3056 331
f 8362 3056 8348
f 8349 3907 4187
f 7290 3907 8349
f 2144 8350 8336
f 3909 8350 2144
f 7696 8351 192
f 7875 192 8351
f 6077 3229 8352
f 3229 4572 8352
f 6923 3386 8353
f 3386 2990 8353
f 7046 1407 8354
f 1407 4584 8354
f 8355 7968 4110
f 8355 4110 5417
f 7500 8356 1420
f 7514 1420 8356
f 8357 6671 4262
f 2815 8357 4262
f 8358 8621 1361
f 2344 8358 1361
f 4831 8359 8353
f 4831 1067 8359
f 8360 5836 964
f 2363 8360 8366
f 8361 5678 5432
f 8361 2617 5678
f 1667 8362 3833
f 8362 1667 3056
f 8331 8363 209
f 8363 8331 220
f 4247 7590 8364
f 6048 8364 7590
f 8365 392 4063
f 8075 8365 4063
f 8360 964 8366
f 964 8376 8366
f 6639 7970 8367
f 5781 8367 7970
f 8368 2 5161
f 2235 8368 5161
f 6639 8369 7970
f 4900 7970 8369
f 7382 8370 7375
f 8370 5946 7375
f 8371 2034 2451
f 8350 8371 2451
f 2235 8372 6001
f 2235 5161 8372
f 7553 7564 8373
f 7564 4638 8373
f 3130 7891 8374
f 8374 5968 3130
f 8375 7024 3066
f 8375 3066 4401
f 8376 2602 2595
f 964 2602 8376
f 8377 733 1254
f 7932 8377 1254
f 8378 8544 6784
f 3753 8378 6784
f 8379 1672 2831
f 8379 5341 1672
f 8166 8380 3911
f 8391 6825 3911
f 2471 5219 8381
f 3751 2471 8381
f 8382 1000 4164
f 7813 1000 8398
f 1076 8383 590
f 2926 590 8383
f 8384 5093 1721
f 8384 1721 8044
f 5181 931 8385
f 5181 8385 2087
f 8382 4164 8386
f 1000 8382 8398
f 6711 8387 1087
f 8387 6711 5700
f 1266 766 8388
f 8388 7049 1266
f 2194 8389 5070
f 5070 8389 1927
f 8390 1907 490
f 3574 1907 8390
f 3911 8380 8391
f 8380 3906 8391
f 1279 8392 3364
f 3917 3364 8392
f 5711 2620 8393
f 2620 5836 8393
f 8394 4037 1430
f 8394 1430 8691
f 8409 4783 8395
f 507 8395 4783
f 8396 1838 5456
f 8396 7843 1838
f 8397 7250 8258
f 8397 213 7250
f 8398 8382 8386
f 8386 945 8398
f 1681 8399 4060
f 97 8399 1681
f 3770 2902 8400
f 8400 5098 3770
f 8409 878 4783
f 878 8409 3540
f 4943 3942 8402
f 4943 8402 4328
f 1476 5103 8403
f 8403 5103 2930
f 8404 8416 1580
f 8404 1580 4314
f 8405 1983 8411
f 1983 8405 1506
f 2406 8406 1264
f 1264 8406 1556
f 8407 2800 5229
f 275 8407 5229
f 8408 5720 390
f 8408 390 7672
f 8401 3540 8409
f 8409 8395 8401
f 8410 3914 1353
f 1353 6601 8410
f 8411 1983 6276
f 2185 8411 6276
f 8412 2302 3569
f 8412 986 2302
f 8413 179 6731
f 6731 7322 8413
f 4233 3854 8414
f 4233 8414 1141
f 2005 8415 3953
f 8415 2005 5708
f 8416 1288 3634
f 8416 3634 1580
f 5083 2812 8417
f 8417 1493 5083
f 8418 4704 8110
f 8418 1593 4704
f 2816 6689 8419
f 2816 8419 1765
f 2607 5084 8420
f 7503 2607 8420
f 3850 617 8421
f 8421 7806 3850
f 8422 4635 2218
f 3247 4635 8422
f 5760 6407 8423
f 5760 8423 95
f 1010 8424 1526
f 8424 2849 1526
f 8470 8425 1939
f 6305 6300 8425
f 2833 8426 2962
f 8426 2365 2962
f 641 8427 6707
f 641 1569 8427
f 1434 8428 5579
f 7231 8428 1434
f 5750 8429 6911
f 3047 8429 5750
f 5293 8430 2603
f 5954 2603 8430
f 1594 8431 5812
f 8431 2441 5812
f 8432 7791 2991
f 300 8432 2991
f 8433 856 4983
f 8404 856 8433
f 8434 1805 3255
f 3255 2357 8441
f 8435 939 5744
f 5744 4913 8435
f 8436 6217 8150
f 8062 6217 8436
f 7449 8437 5761
f 8437 2993 5761
f 8438 3058 8249
f 7606 3058 8438
f 4124 8439 6071
f 6071 8439 2773
f 3206 8440 3495
f 8440 2884 3495
f 8434 3255 8441
f 2458 8434 8441
f 1272 1075 8442
f 8442 4091 1272
f 8443 6672 6984
f 8443 6757 6672
f 8444 5185 1509
f 5185 8444 6654
f 368 8445 8171
f 3910 8445 368
f 8446 3803 966
f 8446 966 2136
f 8447 1864 2791
f 6111 1864 8447
f 3087 8448 4905
f 4905 8448 1363
f 4219 1237 8449
f 8456 1237 7038
f 6064 8450 8454
f 6064 2590 8450
f 3180 4260 8451
f 3180 8451 6132
f 8452 5934 4275
f 4275 3651 8452
f 5284 2585 8453
f 5284 8453 2549
f 1947 8454 3662
f 1947 6064 8454
f 8455 6111 6408
f 6111 8455 1864
f 8449 8456 559
f 8456 8449 1237
f 6485 8457 2308
f 2308 8457 3646
f 8458 2576 1037
f 8458 1037 4556
f 8459 6300 6305
f 523 6300 8459
f 3180 8460 4260
f 3955 4260 8460
f 3662 8461 4960
f 8454 8461 3662
f 8462 4630 8469
f 6346 4630 8462
f 8463 1141 8446
f 4233 1141 8463
f 8464 1833 4010
f 8464 7562 1833
f 3073 8465 1091
f 1091 8465 5634
f 8343 8466 4338
f 8466 5425 4338
f 8467 3707 3745
f 3699 3707 8472
f 4667 5734 8468
f 2383 4667 8468
f 7728 8469 7735
f 8469 7728 8462
f 8425 8470 6305
f 8459 6305 8470
f 5392 8471 6343
f 8471 5392 8487
f 4085 8472 8467
f 8472 3707 8467
f 1507 1283 8473
f 7400 1507 8473
f 852 4415 8474
f 852 8474 4369
f 8755 8475 737
f 8475 6202 737
f 901 4603 8476
f 901 8476 7670
f 3711 5790 8477
f 8477 5790 2313
f 2456 8785 8478
f 8478 1060 2456
f 6084 3505 8479
f 4591 6084 8479
f 6154 8480 985
f 985 8480 7053
f 3791 8492 8481
f 3791 8481 335
f 8482 3819 1153
f 2306 8482 1153
f 7528 1962 8483
f 8483 1962 5916
f 5998 4184 8484
f 4184 4051 8484
f 7674 8485 3487
f 8485 7674 5153
f 4522 438 8486
f 4522 8492 2777
f 3483 8487 3596
f 8471 8487 3483
f 3168 8488 8020
f 3168 2236 8488
f 8489 6613 261
f 7851 8489 8506
f 5286 5212 8490
f 5279 5286 8490
f 1437 7428 8491
f 8491 7428 5927
f 8481 8492 8486
f 4522 8486 8492
f 4039 8483 8493
f 4039 8493 556
f 1048 8494 6544
f 3715 6544 8494
f 179 8495 7976
f 179 2167 8495
f 1326 8496 3100
f 3100 8496 8819
f 8497 7951 4578
f 5963 8497 4578
f 1538 8498 1230
f 1538 5124 8498
f 8499 7800 3200
f 3200 7601 8499
f 6582 8500 5547
f 5780 8512 6582
f 2954 3138 8501
f 8501 2950 2954
f 4588 7113 8502
f 8502 7299 4588
f 8503 8511 6231
f 8503 3459 5681
f 5207 2171 8504
f 5207 8504 3938
f 5423 5623 8505
f 1489 8505 5623
f 261 8506 8489
f 4440 8506 261
f 5174 5023 8507
f 8507 5023 5168
f 7861 7870 8508
f 511 7861 8508
f 2090 8509 622
f 1462 8516 8509
f 8510 3871 2137
f 7479 8510 2137
f 5681 3465 8511
f 8503 5681 8511
f 6582 8512 8500
f 8512 3460 8500
f 3871 8510 8513
f 8513 8510 4720
f 6231 8511 8514
f 6435 6231 8514
f 98 1256 8515
f 98 8515 8673
f 2710 622 8516
f 8516 622 8509
f 4424 8517 7578
f 1839 8517 4424
f 6386 500 8518
f 500 7419 8518
f 8519 6770 4292
f 8519 4292 1849
f 8520 5011 2746
f 3222 8520 2746
f 3032 404 8521
f 8521 404 3915
f 8522 1399 7639
f 309 1399 8522
f 5606 1291 8523
f 5606 8523 3396
f 3399 8524 4374
f 8524 3399 3064
f 8525 6391 5956
f 8273 8525 5956
f 404 8526 3915
f 8526 6820 3915
f 7759 1863 8527
f 7765 7759 8527
f 4071 8528 8081
f 4071 1358 8528
f 5423 8529 5623
f 8529 5423 7121
f 902 8530 7358
f 902 8527 8530
f 8531 4016 657
f 972 4016 8531
f 8532 4062 8528
f 5786 4062 8532
f 6184 1631 8533
f 7481 6184 8533
f 1460 8534 2373
f 1460 8732 8534
f 8535 5950 4273
f 8535 4273 824
f 8536 8510 7479
f 8536 7479 2708
f 8537 625 4082
f 625 8537 7557
f 8538 5786 4064
f 5786 8538 4062
f 3475 1417 8539
f 1417 1854 8539
f 2087 8385 8540
f 8540 4797 2087
f 4590 8541 7399
f 4590 1901 8541
f 8542 7499 3500
f 5830 8542 3500
f 5685 8543 736
f 8543 7001 736
f 447 8544 8378
f 5963 8544 447
f 5058 8545 7634
f 5058 8037 8545
f 2582 8546 4489
f 3679 8546 2582
f 3643 8547 3589
f 6648 3589 8547
f 2810 8548 681
f 8548 2810 7298
f 1767 8549 4263
f 5784 8571 1767
f 8614 2660 8550
f 2660 7456 8550
f 890 8551 8562
f 8557 8551 7732
f 8552 1524 3669
f 1524 8552 4186
f 8553 5616 8572
f 8553 8749 5616
f 1269 8554 4490
f 1269 3441 8554
f 851 8555 6802
f 6802 8555 4125
f 1659 127 8556
f 1659 8556 4518
f 517 8557 5778
f 8557 8562 8551
f 3705 3391 8558
f 3391 8553 8577
f 7190 8559 1675
f 8178 8559 7190
f 4989 8560 3912
f 3912 8560 5766
f 994 8561 4012
f 4012 8561 7876
f 7018 8562 517
f 8557 517 8562
f 4702 4606 8563
f 4627 8563 4606
f 8564 1226 1956
f 8564 8568 1226
f 6945 6737 8674
f 6945 8576 233
f 8566 7124 4229
f 8566 5844 7124
f 4222 8567 8186
f 8567 4222 8556
f 1986 2152 8568
f 8564 1986 8568
f 3421 3440 8569
f 3421 8569 5529
f 7778 8570 1903
f 8575 1903 8570
f 8549 8571 4638
f 1767 8571 8549
f 8572 7157 2122
f 8577 8572 2122
f 872 2888 8573
f 7257 8573 2888
f 1191 2564 8574
f 8574 3275 1191
f 8575 8566 8581
f 1903 8575 8581
f 6945 8674 8576
f 8576 8565 234
f 3391 8577 8558
f 2122 8558 8577
f 8578 935 5093
f 8578 1268 935
f 3260 683 8579
f 8586 8579 4267
f 2549 8453 8580
f 8580 804 2549
f 1903 8581 7118
f 8581 8566 7118
f 8582 1126 5258
f 8582 6693 1126
f 3750 8583 4789
f 8583 714 4789
f 8584 3903 2622
f 8584 2622 5951
f 716 8585 2065
f 716 3484 8585
f 3260 8579 8586
f 1718 3260 8586
f 4387 8587 6043
f 397 6043 8587
f 8588 4421 2507
f 2370 8588 2507
f 8589 4492 3119
f 8589 3119 5670
f 8590 4736 354
f 7334 8590 354
f 4032 8591 7683
f 8591 4032 7388
f 5712 8592 4363
f 8592 5958 4363
f 8593 5409 4255
f 4255 4052 8593
f 3067 1477 8594
f 8594 1477 4461
f 8595 3264 5645
f 8595 8591 3264
f 8596 2526 5297
f 3353 8596 5297
f 3484 8597 8585
f 3484 1785 8597
f 3063 4172 8598
f 648 3063 8598
f 8599 5661 4425
f 5661 8599 2347
f 8600 4041 923
f 4041 8600 6751
f 8601 7306 3664
f 8607 3664 1603
f 760 8602 2358
f 8173 2358 8602
f 8603 7082 1971
f 8603 1971 3050
f 8604 1235 2899
f 7094 8604 2899
f 7370 5592 8605
f 5797 7370 8605
f 8606 3340 2303
f 4435 3340 8606
f 8607 8601 3664
f 8607 8039 8601
f 746 3446 8608
f 746 8608 6161
f 3428 8609 430
f 430 8609 4439
f 8610 3726 1593
f 8610 1593 8418
f 8611 3819 957
f 957 5688 8611
f 8612 2158 4859
f 1755 2158 8612
f 8613 7555 4285
f 4285 5551 8613
f 8614 8550 540
f 8040 8614 540
f 1837 5714 8615
f 5714 295 8615
f 6080 8616 3305
f 1011 8616 6080
f 4645 2835 8617
f 8617 3474 4645
f 7705 1559 8618
f 8618 1559 8611
f 969 8619 3990
f 1235 8619 969
f 8620 5944 304
f 7552 8620 304
f 7410 2313 8621
f 8155 7410 8621
f 8628 8622 8535
f 8535 8622 1014
f 8623 6363 8120
f 1578 6363 8623
f 3573 2533 8624
f 2785 3573 8624
f 577 501 8625
f 501 673 8632
f 8626 4495 8721
f 8626 6822 4495
f 2545 486 8627
f 7040 2545 8627
f 7364 8628 824
f 824 8628 8535
f 1736 3379 8629
f 1201 8629 3379
f 76 8630 7678
f 8635 8630 76
f 8631 1373 8648
f 8631 4105 1373
f 501 8632 8625
f 8625 8632 5755
f 4984 217 8633
f 212 8633 217
f 1558 12 8634
f 8634 2605 8651
f 68 4849 8635
f 8635 4849 8630
f 4960 2039 8636
f 2039 2505 8636
f 8637 4989 4105
f 8631 8637 4105
f 3338 8269 8638
f 4181 8642 8269
f 4239 2757 8639
f 8639 4665 4239
f 6822 8626 8640
f 8640 8626 5767
f 5575 8641 3310
f 2505 3310 8641
f 2267 8638 8642
f 8642 8638 8269
f 5081 946 8643
f 8643 946 6922
f 6431 8644 8622
f 5444 8761 6431
f 3645 8645 510
f 510 8645 4409
f 2920 2822 8646
f 2920 8646 3751
f 6148 8344 8647
f 2250 8647 8344
f 8648 7707 8631
f 7707 8648 7791
f 8649 2805 1401
f 2805 8649 6865
f 3947 8650 3630
f 3947 2548 8650
f 1558 8651 6047
f 8651 1558 8634
f 5153 692 8652
f 2811 8652 8659
f 8653 3350 381
f 4357 8653 381
f 1282 8654 3424
f 1270 8654 1282
f 238 2417 8655
f 2417 3048 8655
f 2609 1367 8656
f 1367 2407 8656
f 4323 4646 8657
f 3823 4323 8657
f 8188 8658 5631
f 5631 8658 2428
f 8659 8652 692
f 8659 692 3086
f 8660 6879 1659
f 1659 3873 8660
f 5604 8661 2690
f 2690 8661 8667
f 8055 3471 8662
f 3471 8678 8662
f 8663 3416 6227
f 7885 8663 6227
f 8664 398 1462
f 398 8664 340
f 5564 8665 2776
f 8665 4481 2776
f 8666 3047 5750
f 6451 3047 8666
f 2668 1819 8667
f 8661 2668 8667
f 8668 3749 4955
f 6365 3749 8668
f 374 8669 5118
f 8669 374 6321
f 3586 2793 8670
f 2375 8670 2793
f 1436 2029 8682
f 2029 8324 8682
f 8672 1708 2604
f 8672 2604 6320
f 8673 4023 4050
f 8673 8402 4023
f 8565 8674 254
f 8576 8674 8565
f 8675 4346 4839
f 8675 8684 4346
f 8671 8324 8676
f 8665 8676 8324
f 297 8677 4612
f 8677 1372 4612
f 2720 8678 1167
f 3471 1167 8678
f 3311 8679 2750
f 8679 3311 5005
f 2170 2900 8680
f 8680 5388 2170
f 5957 2751 8681
f 6367 5957 8681
f 8671 844 8682
f 8324 8671 8682
f 8683 3868 3648
f 999 8683 3648
f 1139 8684 5047
f 5047 8684 8675
f 2689 8685 6251
f 7764 8685 2689
f 4936 8686 6357
f 8000 8686 4936
f 2826 8687 4636
f 8689 2826 729
f 8216 8688 2566
f 8688 5719 2566
f 2826 8689 8687
f 2833 8687 8689
f 16 30 8690
f 16 8690 41
f 1439 8691 791
f 791 8691 1430
f 1664 8692 3940
f 3940 8692 86
f 8693 6014 4054
f 8698 8693 162
f 8694 8092 7609
f 7603 8694 7609
f 1815 653 8695
f 8695 1199 1815
f 5369 7522 8696
f 8696 5411 5369
f 3477 8697 2396
f 2396 8697 4873
f 8231 6014 8698
f 8698 6014 8693
f 883 5265 8699
f 883 8699 6636
f 6332 6340 8700
f 2469 6332 8700
f 5541 7877 8701
f 8706 6595 5541
f 1396 8702 3538
f 8702 1797 3538
f 886 8703 2936
f 886 2930 8703
f 4446 1104 8704
f 1104 7205 8704
f 4068 4303 8705
f 183 4068 8705
f 8706 5541 8701
f 5534 8706 8701
f 7581 3112 8707
f 3112 4777 8707
f 8703 8708 2564
f 2564 8708 8574
f 8709 1336 8122
f 1336 8709 1770
f 4566 2761 8710
f 4566 8710 5910
f 2844 7929 8711
f 1587 2844 8711
f 8712 773 1404
f 6318 8712 1404
f 8713 3892 7010
f 5816 8713 7010
f 3527 8714 1164
f 1033 1164 8714
f 8715 2985 3132
f 2272 8715 3132
f 6468 3296 8716
f 4253 8716 3296
f 6906 4897 8717
f 6906 8717 6902
f 6221 8718 3560
f 8718 6221 181
f 8719 3367 4557
f 7992 3367 8719
f 2516 3324 8720
f 8720 8729 1622
f 1709 1325 8721
f 8721 1325 1332
f 7522 8722 7539
f 8722 4007 7539
f 5582 8723 5272
f 8723 5275 5272
f 2049 2680 8724
f 2049 8724 3597
f 6772 3182 8725
f 8718 6772 8725
f 5532 8731 493
f 4320 8731 5532
f 5836 8 8727
f 7 8727 8
f 8723 8728 5275
f 5275 8728 5008
f 3324 7401 8729
f 8720 3324 8729
f 8730 8777 6083
f 6083 1336 8730
f 8731 4320 8726
f 8726 493 8731
f 6987 1465 8732
f 8732 1460 6987
f 8733 858 5922
f 1779 8733 5922
f 1383 8734 1181
f 1181 8734 1173
f 8735 829 3334
f 8735 1256 829
f 5681 627 8736
f 5681 8736 3465
f 1910 8737 1393
f 8741 5566 1393
f 8738 2101 7333
f 6925 2101 8738
f 5810 8739 651
f 651 8739 4924
f 8766 3835 8740
f 23 8740 3835
f 1393 8737 8741
f 8747 8741 8737
f 3848 8742 6190
f 5666 8742 3848
f 4458 5693 8743
f 5693 317 8743
f 8744 3775 4474
f 8766 3775 8744
f 3274 8745 1988
f 3274 7782 8745
f 8746 2012 954
f 954 6124 8746
f 8741 8747 1850
f 496 1850 8747
f 8748 2328 1853
f 8748 5117 2328
f 3387 4049 8749
f 8553 3387 8749
f 8750 1262 6338
f 5240 1262 8750
f 121 8751 6124
f 8746 6124 8751
f 8752 7524 1473
f 8752 1473 3067
f 8776 8753 3835
f 8776 66 8753
f 8753 3775 65
f 8754 2345 5400
f 2345 8754 2639
f 8755 737 4318
f 8755 4318 8041
f 5217 4999 8756
f 8762 8756 4999
f 7219 8757 1195
f 2629 8757 7219
f 8758 4011 8764
f 8758 8764 7143
f 8759 783 7043
f 2152 8759 7043
f 8760 912 5947
f 5947 6969 8760
f 8644 8761 4267
f 6431 8761 8644
f 8762 6531 3026
f 8762 4999 6531
f 8763 912 8760
f 8763 6664 912
f 8764 72 7143
f 72 8764 913
f 8765 4267 8761
f 5444 8765 8761
f 65 8766 965
f 8766 65 3775
f 3937 8228 8767
f 8767 8228 8242
f 7731 1183 8768
f 8768 1183 5436
f 2320 2439 8769
f 2897 2320 8769
f 8770 2386 7566
f 8773 8770 7566
f 6114 4391 8771
f 8771 4391 1375
f 4358 1045 8772
f 1045 4045 8772
f 8773 7566 4430
f 4430 7860 8773
f 6083 8777 1355
f 3268 1355 8777
f 6114 8775 1738
f 8775 1328 1738
f 3835 8766 8776
f 5622 8776 8766
f 8730 8774 8777
f 8774 3268 8777
f 2840 2853 8778
f 2840 8778 1880
f 4598 8779 1620
f 1914 8779 4598
f 2735 8780 6097
f 2735 1500 8780
f 8781 3481 1791
f 1791 2818 8781
f 8582 8782 6482
f 1213 6482 8782
f 5013 8783 5547
f 5547 8783 223
f 8784 2276 5488
f 5010 2276 8784
f 7757 4335 8785
f 4335 7927 8785
f 8786 4591 4199
f 4591 8786 7029
f 8787 3039 8792
f 8787 767 2040
f 8767 8242 8788
f 8242 5881 8788
f 816 3929 8789
f 8789 1953 816
f 864 3760 8790
f 8790 3760 1873
f 8791 3406 5543
f 8791 6656 3406
f 8787 8792 767
f 767 8792 3797
f 1330 4889 8793
f 1330 8793 2154
f 7133 8794 3985
f 6536 3985 8794
f 8795 2497 3173
f 2647 8795 3173
f 8796 4053 4208
f 5371 4053 8796
f 2696 3256 8797
f 8797 3256 4701
f 295 419 8798
f 8798 419 6955
f 4889 1330 8799
f 4889 8799 5600
f 8800 782 6170
f 8800 6170 3287
f 8801 4350 1350
f 4350 8801 1082
f 4528 2651 8802
f 2651 3958 8802
f 3426 6451 8803
f 8803 6451 8666
f 8804 5629 2613
f 7106 5629 8804
f 3338 2767 8805
f 7238 8805 2767
f 2643 8247 8806
f 4794 2643 8806
f 8807 4204 6649
f 4902 4204 8807
f 6681 8808 1951
f 8808 8804 1951
f 2076 3720 8809
f 8809 3720 1048
f 8810 1240 2299
f 8810 2299 2285
f 123 5945 8811
f 5945 7335 8811
f 854 330 8812
f 4448 854 8812
f 8040 8813 8614
f 7986 8813 8040
f 3585 8814 306
f 3585 511 8814
f 1841 1186 8815
f 7827 1841 8815
f 5401 8816 5982
f 7649 5982 8816
f 8817 924 6337
f 2223 924 8817
f 7566 8818 6438
f 6438 8818 4856
f 8819 8496 768
f 768 2283 8819
